city,city_query,country,income_level,region,hemisphere,image_name,sat_image_name,tile_x,tile_y,patch_lon,patch_lat,min_lon,min_lat,max_lon,max_lat,patch_area_km2,indicator_column,indicator_value,indicator_value_log1p,indicator_value_raw,indicator_value_city_pct,city_split,indicator_split,split
Perth,Perth,Australia,High income,East Asia & Pacific,south,9714_13464.png,9714_13464.png,13464,9714,115.85083006773118,-31.70012925063648,115.83984375,-31.709476360019345,115.86181640625,-31.69078180613681,4.315609626513006,education_accessibility,0.2403846153846154,0.4313280480558994,0.539300431653657,0.2403846153846154,seen_city,train_indicator,train
Munich,Munich,Germany,High income,Europe & Central Asia,north,5665_8719.png,5665_8719.png,8719,5665,11.59057618600891,48.436489614275615,11.57958984375,48.4292005555684,11.6015625,48.44377831058803,2.635799241362027,food_accessibility,0.5186567164179104,1.9480897546407787,6.015273878566999,0.5186567164179104,seen_city,train_indicator,train
Rawalpindi,Rawalpindi,Pakistan,Lower middle income,"Middle East, North Africa, Afghanistan & Pakistan",south,6569_11520.png,6569_11520.png,11520,6569,73.13598631196105,33.55055083073513,73.125,33.54139466898275,73.14697265625,33.559706648411975,4.144260460169203,digital_modernization_tmi,0.3908794788273615,0.3908794788273615,0.8000488058227672,0.3908794788273615,seen_city,train_indicator,train
Vienna,Vienna,Austria,High income,Europe & Central Asia,north,5699_8928.png,5699_8928.png,8928,5699,16.182861334709234,47.93842658753665,16.171875,47.93106634750977,16.19384765625,47.94578646368719,2.6853107428469163,nighttime_light_intensity,0.7784045124899275,1.7207244854763897,,0.7784045124899275,seen_city,train_indicator,train
Oslo,Oslo,Norway,High income,Europe & Central Asia,north,4752_8673.png,4752_8673.png,8673,4752,10.579833989228948,60.05935731115032,10.56884765625,60.05387385148492,10.5908203125,60.064840460104506,1.494452428071614,food_accessibility,0.2059210526315789,0.1733595941578645,0.1892936912640422,0.2059210526315789,seen_city,train_indicator,train
Auckland,Auckland,New Zealand,High income,East Asia & Pacific,south,10012_16146.png,10012_16146.png,16146,10012,174.78149412303304,-37.0990026158284,174.7705078125,-37.107765071185135,174.79248046875,-37.09023980307207,3.799630264132979,digital_total_cell_intensity,0.0168195718654434,1.638065523834123,4.14520659929795,0.0168195718654434,seen_city,train_indicator,train
Taizhou,Taizhou,China,Upper middle income,East Asia & Pacific,north,6627_13657.png,6627_13657.png,13657,6627,120.0915527085216,32.481962824118405,120.08056640625,32.472695022061494,120.1025390625,32.49123028794759,4.249660635449359,education_accessibility,0.5344827586206896,1.7240407762829467e-05,1.7240556379513453e-05,0.5344827586206896,seen_city,train_indicator,train
Oslo,Oslo,Norway,High income,Europe & Central Asia,north,4761_8675.png,4761_8675.png,8675,4761,10.623779301894,59.96051013808861,10.61279296875,59.95501026206206,10.634765625,59.966009702748345,1.5034017423402448,digital_modernization_tmi,0.3296052631578947,0.3296052631578947,1.1563367660569115,0.3296052631578947,seen_city,train_indicator,train
Phoenix,Phoenix,United States,High income,North America,north,6591_3091.png,6591_3091.png,3091,6591,-112.07153321250492,33.14674991781703,-112.08251953125,33.137551192346145,-112.060546875,33.15594830078649,4.180460388589621,food_accessibility,0.1605599011939069,0.0075260868064708,0.0075544789804077,0.1605599011939069,seen_city,train_indicator,train
Vienna,Vienna,Austria,High income,Europe & Central Asia,north,5690_8945.png,5690_8945.png,8945,5690,16.556396492993,48.07073792239435,16.54541015625,48.06339653776212,16.5673828125,48.07807894349861,2.672022478286696,education_accessibility,0.6341659951651893,1.5382747842213582,3.656549784033488,0.6341659951651893,seen_city,train_indicator,train
Taizhou,Taizhou,China,Upper middle income,East Asia & Pacific,north,6629_13648.png,6629_13648.png,13648,6629,119.89379880049012,32.444884659226695,119.8828125,32.43561304116277,119.90478515625,32.45415593941475,4.254237219688135,digital_modernization_tmi,0.2974137931034483,0.2974137931034483,0.6003747501128505,0.2974137931034483,seen_city,train_indicator,train
Warsaw,Warsaw,Poland,High income,Europe & Central Asia,north,5380_9167.png,5380_9167.png,9167,5380,21.4343261738744,52.42252262079309,21.42333984375,52.415822612378776,21.4453125,52.42922227795512,2.2270754941531874,nighttime_light_intensity,0.7027300303336703,2.018486476727091,,0.7027300303336703,seen_city,train_indicator,train
Cologne,Cologne,Germany,High income,Europe & Central Asia,north,5483_8502.png,5483_8502.png,8502,5483,6.822509754957037,51.02066567538367,6.8115234375,51.01375465718819,6.83349609375,51.027576337802415,2.3701144039287967,food_accessibility,0.3668720054757016,1.8427153143862125,5.3136585749485965,0.3668720054757016,seen_city,train_indicator,train
Warsaw,Warsaw,Poland,High income,Europe & Central Asia,north,5401_9166.png,5401_9166.png,9166,5401,21.412353517547828,52.14023086686127,21.4013671875,52.13348804077148,21.42333984375,52.14697334064471,2.255483126552369,food_accessibility,0.0262891809908999,0.1759474220678609,0.1923753643715239,0.0262891809908999,seen_city,train_indicator,train
Birmingham,Birmingham,United Kingdom,High income,Europe & Central Asia,north,5384_8106.png,5384_8106.png,8106,5384,-1.8786621042008065,52.36889137238797,-1.8896484375,52.362183216744256,-1.86767578125,52.3755991766591,2.2327397361472845,population_count,0.4147157190635451,5.80227700345964,,0.4147157190635451,seen_city,train_indicator,train
Algiers,Algiers,Algeria,Upper middle income,"Middle East, North Africa, Afghanistan & Pakistan",north,6391_8350.png,6391_8350.png,8350,6391,3.4826660194885943,36.74768740541332,3.4716796875,36.73888412439431,3.49365234375,36.75649032950516,3.831008158612281,digital_total_cell_intensity,0.4507575757575757,4.828882335952276,124.07109504160373,0.4507575757575757,seen_city,train_indicator,train
Buenos Aires,Buenos Aires,Argentina,Upper middle income,Latin America & Caribbean ,south,9864_5515.png,9864_5515.png,5515,9864,-58.80981446847969,-34.46127697107498,-58.82080078125,-34.47033512121749,-58.798828125,-34.452218472826544,4.056889868520654,digital_modernization_tmi,0.6894586894586895,0.6894586894586895,1.0350928768259426,0.6894586894586895,seen_city,train_indicator,train
Cologne,Cologne,Germany,High income,Europe & Central Asia,north,5496_8517.png,5496_8517.png,8517,5496,7.152099600249613,50.840635490544,7.14111328125,50.8336976709807,7.1630859375,50.84757295365388,2.388059339203013,population_count,0.0773442847364818,2.844722018484362,,0.0773442847364818,seen_city,train_indicator,train
Pingdingshan,Pingdingshan,China,Upper middle income,East Asia & Pacific,north,6562_13351.png,6562_13351.png,13351,6562,113.36791994234682,33.678639537802624,113.35693359375,33.669496972795535,113.37890625,33.68778175843937,4.133934015958476,education_accessibility,0.492063492063492,0.0007769100520263,0.0007772119248117,0.492063492063492,seen_city,train_indicator,train
Tegucigalpa,Tegucigalpa,Honduras,Lower middle income,Latin America & Caribbean ,north,7543_4223.png,7543_4223.png,4223,7543,-87.19848633047101,14.104612384786977,-87.20947265625,14.093957177836227,-87.1875,14.115267411122712,5.5899064054653405,nighttime_light_intensity,0.9820359281437124,3.638223211982401,,0.9820359281437124,seen_city,train_indicator,train
Phoenix,Phoenix,United States,High income,North America,north,6572_3110.png,6572_3110.png,3110,6572,-111.65405274005388,33.49559743223177,-111.6650390625,33.486435450999885,-111.64306640625,33.504759069226075,4.146795000481681,digital_total_cell_intensity,0.4738575545491972,3.6695651198975576,38.23483969859896,0.4738575545491972,seen_city,train_indicator,train
Warsaw,Warsaw,Poland,High income,Europe & Central Asia,north,5394_9155.png,5394_9155.png,9155,5394,21.17065429766738,52.234527960251725,21.15966796875,52.227799418870696,21.181640625,52.24125614966341,2.2459483142496204,digital_total_cell_intensity,0.8321536905965622,6.774774357228089,874.481794606447,0.8321536905965622,seen_city,train_indicator,train
Oslo,Oslo,Norway,High income,Europe & Central Asia,north,4780_8703.png,4780_8703.png,8703,4780,11.239013678881909,59.75086072207002,11.22802734375,59.74532608213611,11.25,59.7563950493563,1.52268641094854,food_accessibility,0.6164473684210526,1.1325194298512642,2.10346562265788,0.6164473684210526,seen_city,train_indicator,train
Munich,Munich,Germany,High income,Europe & Central Asia,north,5685_8728.png,5685_8728.png,8728,5685,11.788330093514144,48.14409759289709,11.77734375,48.13676667969269,11.79931640625,48.15142814322122,2.6663885345961265,food_accessibility,0.7947761194029851,2.6330317111700623,12.9158949885954,0.7947761194029851,seen_city,train_indicator,train
Warsaw,Warsaw,Poland,High income,Europe & Central Asia,north,5411_9149.png,5411_9149.png,9149,5411,21.038818359557123,52.00517363597771,21.02783203125,51.998410382390325,21.0498046875,52.01193653675362,2.269056341237712,digital_total_cell_intensity,0.3690596562184024,4.98598956219991,145.34832416482084,0.3690596562184024,seen_city,train_indicator,train
Munich,Munich,Germany,High income,Europe & Central Asia,north,5695_8722.png,5695_8722.png,8722,5695,11.656494155372243,47.99727352588804,11.6455078125,47.98992166741417,11.66748046875,48.004625021133904,2.681308174480477,digital_modernization_tmi,0.1651119402985074,0.1651119402985074,0.7427674887767592,0.1651119402985074,seen_city,train_indicator,train
Cordoba,Cordoba,Argentina,Upper middle income,Latin America & Caribbean ,south,9687_5265.png,9687_5265.png,5265,9687,-64.30297852754059,-31.19400720946777,-64.31396484375,-31.203404950917392,-64.2919921875,-31.184609135743244,4.362410676498801,digital_modernization_tmi,0.55,0.55,1.0023637729475412,0.55,seen_city,train_indicator,train
Cologne,Cologne,Germany,High income,Europe & Central Asia,north,5486_8534.png,5486_8534.png,8534,5486,7.525634758387152,50.97918208944093,7.5146484375,50.97226488936749,7.53662109375,50.98609893339354,2.373598439559228,population_count,0.7549623545516769,8.045449896338758,,0.7549623545516769,seen_city,train_indicator,train
Khartoum,Khartoum,Sudan,Low income,Sub-Saharan Africa ,north,7470_9668.png,7470_9668.png,9668,7470,32.44262694663329,15.654775490632238,32.431640625,15.644196600866064,32.45361328125,15.665354182093282,5.511523769639136,nighttime_light_intensity,0.7537878787878788,1.4218116113254635,,0.7537878787878788,seen_city,train_indicator,train
Birmingham,Birmingham,United Kingdom,High income,Europe & Central Asia,north,5387_8096.png,5387_8096.png,8096,5387,-2.0983886677068595,52.328625154697534,-2.109375,52.32191088594772,-2.08740234375,52.335339071889386,2.2366777587155866,digital_total_cell_intensity,0.9933110367892976,9.234260635739918,10241.086480918955,0.9933110367892976,seen_city,train_indicator,train
Phoenix,Phoenix,United States,High income,North America,north,6609_3110.png,6609_3110.png,3110,6609,-111.65405274014437,32.81497808775644,-111.6650390625,32.80574473290687,-111.64306640625,32.82421110161334,4.211049494574694,population_count,0.5516673528200906,5.329398916527657,,0.5516673528200906,seen_city,train_indicator,train
Warsaw,Warsaw,Poland,High income,Europe & Central Asia,north,5421_9158.png,5421_9158.png,9158,5421,21.23657226674172,51.86970761875515,21.2255859375,51.86292391360245,21.24755859375,51.87649097061476,2.282744226274388,digital_modernization_tmi,0.0813953488372093,0.0813953488372093,0.8953137125490945,0.0813953488372093,seen_city,train_indicator,train
Algiers,Algiers,Algeria,Upper middle income,"Middle East, North Africa, Afghanistan & Pakistan",north,6399_8342.png,6399_8342.png,8342,6399,3.306884768090696,36.60670856045714,3.2958984375,36.59788913307021,3.31787109375,36.615527631349245,3.844848453448086,nighttime_light_intensity,0.1079545454545454,1.5890082632681464,,0.1079545454545454,seen_city,train_indicator,train
Brisbane,Brisbane,Australia,High income,East Asia & Pacific,south,9477_15153.png,9477_15153.png,15153,9477,152.96264648400495,-27.166694947617867,152.95166015625,-27.176469131898887,152.9736328125,-27.15692045688088,4.713305828352487,education_accessibility,0.5639614855570839,2.2874917532442365,8.850199937922522,0.5639614855570839,seen_city,train_indicator,train
Oslo,Oslo,Norway,High income,Europe & Central Asia,north,4787_8677.png,4787_8677.png,8677,4787,10.667724614619996,59.67328806593733,10.65673828125,59.667740581649625,10.6787109375,59.67883523696078,1.5294751321012994,population_count,0.8894736842105263,6.923056464511955,,0.8894736842105263,seen_city,train_indicator,train
Birmingham,Birmingham,United Kingdom,High income,Europe & Central Asia,north,5354_8101.png,5354_8101.png,8101,5354,-1.9885253860429903,52.76953888819792,-1.99951171875,52.762891737583736,-1.9775390625,52.77618568896172,2.1924499203329137,digital_total_cell_intensity,0.9966555183946488,9.544220223258868,13962.753607867744,0.9966555183946488,seen_city,train_indicator,train
Phoenix,Phoenix,United States,High income,North America,north,6565_3105.png,6565_3105.png,3105,6565,-111.76391602223777,33.62376768792159,-111.77490234375,33.61461929233378,-111.7529296875,33.63291573870477,4.134755545975808,population_count,0.6595306710580486,6.739558753404217,,0.6595306710580486,seen_city,train_indicator,train
Kitakyushu,Kitakyushu,Japan,High income,East Asia & Pacific,north,6555_14154.png,6555_14154.png,14154,6555,131.01196290796642,33.80653771071758,131.0009765625,33.797408767572485,131.02294921875,33.815666308702774,4.120365759146026,population_count,0.2903981264637002,5.429379315855881,,0.2903981264637002,seen_city,train_indicator,train
Auckland,Auckland,New Zealand,High income,East Asia & Pacific,south,9988_16131.png,9988_16131.png,16131,9988,174.45190427644124,-36.67723027570543,174.44091796875,-36.686041276581925,174.462890625,-36.66841891894785,3.842710993477714,digital_total_cell_intensity,0.2951070336391437,3.4620850932258525,30.88338708892416,0.2951070336391437,seen_city,train_indicator,train
Phoenix,Phoenix,United States,High income,North America,north,6558_3084.png,6558_3084.png,3084,6558,-112.22534180745002,33.75174756173799,-112.236328125,33.74261277734688,-112.21435546875,33.760882000869174,4.123373872827068,nighttime_light_intensity,0.4857966241251544,1.3397851310292217,,0.4857966241251544,seen_city,train_indicator,train
Oslo,Oslo,Norway,High income,Europe & Central Asia,north,4769_8689.png,4769_8689.png,8689,4769,10.931396490375986,59.872397690972186,10.92041015625,59.86688319521021,10.9423828125,59.87791187483114,1.5115066209898913,digital_modernization_tmi,0.5944078947368421,0.5944078947368421,1.240764121823671,0.5944078947368421,seen_city,train_indicator,train
Buenos Aires,Buenos Aires,Argentina,Upper middle income,Latin America & Caribbean ,south,9890_5544.png,9890_5544.png,5544,9890,-58.17260743170918,-34.93097826900324,-58.18359375,-34.93998515156042,-58.16162109375,-34.92197103616376,4.009913405978456,nighttime_light_intensity,0.4615384615384615,2.606646588592048,,0.4615384615384615,seen_city,train_indicator,train
Adana,Adana,Turkey,Upper middle income,Europe & Central Asia,north,6377_9793.png,6377_9793.png,9793,6377,35.18920900178372,36.99377806105605,35.17822265625,36.98500309285596,35.2001953125,37.002552672159545,3.810003179560556,nighttime_light_intensity,0.7410714285714286,3.8943846101140656,,0.7410714285714286,seen_city,train_indicator,train
Cologne,Cologne,Germany,High income,Europe & Central Asia,north,5481_8503.png,5481_8503.png,8503,5481,6.844482411327329,51.048300796203904,6.83349609375,51.04139389812637,6.85546875,51.05520733858496,2.367275428254805,food_accessibility,0.3025325119780972,1.6971752224467995,4.458506526779363,0.3025325119780972,seen_city,train_indicator,train
Mianyang,Mianyang,China,Upper middle income,East Asia & Pacific,north,6679_12962.png,6679_12962.png,12962,6679,104.82055663899536,31.5129955552351,104.8095703125,31.503629305773018,104.83154296875,31.52236147042144,4.331585756944743,education_accessibility,0.7235294117647059,0.1319494942231247,0.1410506881604358,0.7235294117647059,seen_city,train_indicator,train
Cologne,Cologne,Germany,High income,Europe & Central Asia,north,5506_8514.png,5506_8514.png,8514,5506,7.086181631117347,50.70167629794109,7.0751953125,50.69471783819289,7.09716796875,50.70863440082822,2.4022919703364427,education_accessibility,0.8624229979466119,3.664021313405233,38.01793114461234,0.8624229979466119,seen_city,train_indicator,train
Havana,Havana,Cuba,Upper middle income,Latin America & Caribbean ,north,7108_4454.png,7108_4454.png,4454,7108,-82.12280274627423,23.15046178538337,-82.1337890625,23.14035998788611,-82.11181640625,23.160563309048307,5.032275001436835,education_accessibility,0.3886255924170616,0.5549225408519842,0.7418060607351191,0.3886255924170616,seen_city,train_indicator,train
Buenos Aires,Buenos Aires,Argentina,Upper middle income,Latin America & Caribbean ,south,9861_5513.png,9861_5513.png,5513,9861,-58.853759781373405,-34.40690933939361,-58.86474609375,-34.41597338448187,-58.8427734375,-34.39784494644986,4.062263346500096,digital_modernization_tmi,0.7158119658119658,0.7158119658119658,1.0406612453121418,0.7158119658119658,seen_city,train_indicator,train
Birmingham,Birmingham,United Kingdom,High income,Europe & Central Asia,north,5383_8108.png,5383_8108.png,8108,5383,-1.834716791501377,52.38230529510402,-1.845703125,52.3755991766591,-1.82373046875,52.389011062234566,2.231415911883857,digital_modernization_tmi,0.673355629877369,0.673355629877369,1.0893390532159215,0.673355629877369,seen_city,train_indicator,train
Algiers,Algiers,Algeria,Upper middle income,"Middle East, North Africa, Afghanistan & Pakistan",north,6395_8354.png,6395_8354.png,8354,6395,3.570556645200654,36.67723027611037,3.5595703125,36.66841891894785,3.58154296875,36.686041276581925,3.838050302394123,digital_total_cell_intensity,0.2878787878787879,4.265184712622493,70.1780662464967,0.2878787878787879,seen_city,train_indicator,train
Lahore,Lahore,Pakistan,Lower middle income,"Middle East, North Africa, Afghanistan & Pakistan",north,6686_11576.png,6686_11576.png,11576,6686,74.36645507235492,31.38177848060345,74.35546875,31.37239910488051,74.37744140625,31.391157522824702,4.343974870634486,food_accessibility,0.7437185929648241,0.8734855369685224,1.395245035657125,0.7437185929648241,seen_city,train_indicator,train
Algiers,Algiers,Algeria,Upper middle income,"Middle East, North Africa, Afghanistan & Pakistan",north,6396_8333.png,6396_8333.png,8333,6396,3.109130860250601,36.65960590032913,3.09814453125,36.6507925250347,3.1201171875,36.66841891894785,3.839556505214293,nighttime_light_intensity,0.928030303030303,4.330026267120394,,0.928030303030303,seen_city,train_indicator,train
Buenos Aires,Buenos Aires,Argentina,Upper middle income,Latin America & Caribbean ,south,9877_5508.png,9877_5508.png,5508,9877,-58.96362306343891,-34.696460854271024,-58.974609375,-34.70549341022546,-58.95263671875,-34.68742794931483,4.03467367877907,nighttime_light_intensity,0.3027065527065527,1.708377943217202,,0.3027065527065527,seen_city,train_indicator,train
Cologne,Cologne,Germany,High income,Europe & Central Asia,north,5491_8503.png,5491_8503.png,8503,5491,6.844482411263583,50.90996033824605,6.83349609375,50.903032831112576,6.85546875,50.91688748924506,2.3813562320351123,digital_modernization_tmi,0.2956878850102669,0.2956878850102669,0.7070549182229016,0.2956878850102669,seen_city,train_indicator,train
Havana,Havana,Cuba,Upper middle income,Latin America & Caribbean ,north,7117_4452.png,7117_4452.png,4452,7117,-82.16674805927425,22.96850878033831,-82.177734375,22.958393318086344,-82.15576171875,22.97862397038491,5.04588112653061,digital_total_cell_intensity,0.2701421800947867,1.2418101944203697,2.461874462077074,0.2701421800947867,seen_city,train_indicator,train
Luanda,Luanda,Angola,Lower middle income,Sub-Saharan Africa ,south,8603_8794.png,8603_8794.png,8794,8603,13.23852536900681,-9.004451457994591,13.2275390625,-9.015302333420587,13.24951171875,-8.993600464280021,5.7998619888535865,education_accessibility,0.6235955056179775,0.8889855927069465,1.432660690489714,0.6235955056179775,seen_city,train_indicator,train
Oslo,Oslo,Norway,High income,Europe & Central Asia,north,4782_8680.png,4782_8680.png,8680,4782,10.733642583559003,59.72871545270025,10.72265625,59.723177144920655,10.74462890625,59.73425344759136,1.5244619285170224,digital_modernization_tmi,0.7828947368421053,0.7828947368421053,1.304147956466574,0.7828947368421053,seen_city,train_indicator,train
Phoenix,Phoenix,United States,High income,North America,north,6577_3114.png,6577_3114.png,3114,6577,-111.56616211430136,33.403930888056664,-111.5771484375,33.394759218577974,-111.55517578125,33.413102213708285,4.155393672708697,education_accessibility,0.8600247015232606,2.771275925155539,14.979009028110186,0.8600247015232606,seen_city,train_indicator,train
Alexandria,Alexandria,Egypt,Lower middle income,"Middle East, North Africa, Afghanistan & Pakistan",north,6698_9556.png,6698_9556.png,9556,6698,29.9816894804181,31.156408113743947,29.970703125,31.14700630855656,29.99267578125,31.16580958786196,4.372889561228691,nighttime_light_intensity,0.3069306930693069,2.10366660500895,,0.3069306930693069,seen_city,train_indicator,train
Phoenix,Phoenix,United States,High income,North America,north,6595_3103.png,6595_3103.png,3103,6595,-111.80786133520888,33.073130634450514,-111.81884765625,33.06392419812064,-111.796875,33.082336728563746,4.18696189991316,digital_modernization_tmi,0.3783449979415397,0.3783449979415397,1.565204770754656,0.3783449979415397,seen_city,train_indicator,train
Warsaw,Warsaw,Poland,High income,Europe & Central Asia,north,5417_9156.png,5417_9156.png,9156,5417,21.192626954032065,51.923943110752006,21.181640625,51.91716758909015,21.20361328125,51.930718279312885,2.277263034622439,food_accessibility,0.006066734074823,0.0549912840172293,0.0565314059258319,0.006066734074823,seen_city,train_indicator,train
Daegu,Daegu,South Korea,High income,East Asia & Pacific,north,6446_14058.png,6446_14058.png,14058,6446,128.9025878898252,35.773257268296305,128.8916015625,35.764343479667176,128.91357421875,35.78217070326606,3.9267694358821865,food_accessibility,0.0474631751227495,0.0013355955680373,0.0013364878730066,0.0474631751227495,seen_city,train_indicator,train
Warsaw,Warsaw,Poland,High income,Europe & Central Asia,north,5421_9144.png,5421_9144.png,9144,5421,20.92895507778964,51.86970761875717,20.91796875,51.86292391360245,20.93994140625,51.87649097061476,2.282730692762138,nighttime_light_intensity,0.5313447927199191,1.4755365347301237,,0.5313447927199191,seen_city,train_indicator,train
Munich,Munich,Germany,High income,Europe & Central Asia,north,5683_8735.png,5683_8735.png,8735,5683,11.942138688093264,48.17341214452829,11.93115234375,48.16608541901253,11.953125,48.18073850730385,2.663676880360778,digital_modernization_tmi,0.0988805970149253,0.0988805970149253,0.7087285976847896,0.0988805970149253,seen_city,train_indicator,train
Daegu,Daegu,South Korea,High income,East Asia & Pacific,north,6450_14057.png,6450_14057.png,14057,6450,128.880615233393,35.701916410399726,128.86962890625,35.6929946320988,128.8916015625,35.71083783530008,3.9337536565892735,digital_total_cell_intensity,0.0458265139116202,3.0544743577429507,20.210033706245262,0.0458265139116202,seen_city,train_indicator,train
Perth,Perth,Australia,High income,East Asia & Pacific,south,9746_13471.png,9746_13471.png,13471,9746,116.0046386629909,-32.29641949240871,115.99365234375,-32.30570601389429,116.015625,-32.28713263261637,4.260056893982406,education_accessibility,0.114010989010989,0.0931624389396188,0.0976400202684523,0.114010989010989,seen_city,train_indicator,train
Algiers,Algiers,Algeria,Upper middle income,"Middle East, North Africa, Afghanistan & Pakistan",north,6397_8321.png,6397_8321.png,8321,6397,2.845458983134478,36.64197748861944,2.83447265625,36.63316209558656,2.8564453125,36.6507925250347,3.841308697910744,food_accessibility,0.4640151515151515,0.6988463203756642,1.0114308216171477,0.4640151515151515,seen_city,train_indicator,train
Algiers,Algiers,Algeria,Upper middle income,"Middle East, North Africa, Afghanistan & Pakistan",north,6387_8328.png,6387_8328.png,8328,6387,2.9992675781191496,36.818079901058006,2.98828125,36.80928470205939,3.01025390625,36.82687474287728,3.823862367017663,digital_total_cell_intensity,0.3674242424242424,4.561607335477107,94.73723808566882,0.3674242424242424,seen_city,train_indicator,train
Alexandria,Alexandria,Egypt,Lower middle income,"Middle East, North Africa, Afghanistan & Pakistan",north,6699_9555.png,6699_9555.png,9555,6699,29.95971682397788,31.13760296932492,29.94873046875,31.12819929911197,29.970703125,31.14700630855656,4.374483025998188,food_accessibility,0.4125412541254125,0.4377772604217564,0.549259787513344,0.4125412541254125,seen_city,train_indicator,train
Faisalabad,Faisalabad,Pakistan,Lower middle income,"Middle East, North Africa, Afghanistan & Pakistan",north,6688_11528.png,6688_11528.png,11528,6688,73.31176756273604,31.3442541542036,73.30078125,31.3348710339506,73.32275390625,31.353636941500994,4.349788483259677,digital_total_cell_intensity,0.1365853658536585,1.1275127314415578,2.087966338757105,0.1365853658536585,seen_city,train_indicator,train
Algiers,Algiers,Algeria,Upper middle income,"Middle East, North Africa, Afghanistan & Pakistan",north,6388_8330.png,6388_8330.png,8330,6388,3.0432128909704232,36.80048783912702,3.0322265625,36.79169061907076,3.05419921875,36.80928470205939,3.825606283454517,education_accessibility,0.8863636363636364,3.528247768966281,33.06422689476316,0.8863636363636364,seen_city,train_indicator,train
Algiers,Algiers,Algeria,Upper middle income,"Middle East, North Africa, Afghanistan & Pakistan",north,6399_8319.png,6399_8319.png,8319,6399,2.801513670280244,36.60670856046072,2.79052734375,36.59788913307021,2.8125,36.615527631349245,3.844806928897404,nighttime_light_intensity,0.115530303030303,1.623368031749568,,0.115530303030303,seen_city,train_indicator,train
Cologne,Cologne,Germany,High income,Europe & Central Asia,north,5487_8522.png,5487_8522.png,8522,5487,7.261962882088223,50.96534598441102,7.2509765625,50.95842672335992,7.27294921875,50.97226488936749,2.375249616451325,nighttime_light_intensity,0.3620807665982204,1.0065648592629812,,0.3620807665982204,seen_city,train_indicator,train
Lahore,Lahore,Pakistan,Lower middle income,"Middle East, North Africa, Afghanistan & Pakistan",north,6668_11575.png,6668_11575.png,11575,6668,74.34448241594859,31.718821920691862,74.33349609375,31.709476360019345,74.35546875,31.728167146023942,4.313035391985064,digital_total_cell_intensity,0.2839195979899497,1.9949332572734688,6.351712338189869,0.2839195979899497,seen_city,train_indicator,train
Cordoba,Cordoba,Argentina,Upper middle income,Latin America & Caribbean ,south,9705_5277.png,9705_5277.png,5277,9705,-64.03930665005986,-31.5317258421206,-64.05029296875,-31.54108987958581,-64.0283203125,-31.52236147042144,4.3308752419019125,food_accessibility,0.419047619047619,0.7198914314642432,1.0542101759458924,0.419047619047619,seen_city,train_indicator,train
Cologne,Cologne,Germany,High income,Europe & Central Asia,north,5485_8528.png,5485_8528.png,8528,5485,7.393798820244974,50.99301407264823,7.3828125,50.98609893339354,7.40478515625,50.99992885585964,2.372308035226044,education_accessibility,0.3586584531143053,2.273352056628967,8.711901154795449,0.3586584531143053,seen_city,train_indicator,train
Buenos Aires,Buenos Aires,Argentina,Upper middle income,Latin America & Caribbean ,south,9875_5527.png,9875_5527.png,5527,9875,-58.54614259117886,-34.6603220466254,-58.55712890625,-34.66935854524544,-58.53515625,-34.65128519895414,4.036942639542915,digital_modernization_tmi,0.7172364672364673,0.7172364672364673,1.0407594197099894,0.7172364672364673,seen_city,train_indicator,train
Cologne,Cologne,Germany,High income,Europe & Central Asia,north,5486_8534.png,5486_8534.png,8534,5486,7.525634758387152,50.97918208944093,7.5146484375,50.97226488936749,7.53662109375,50.98609893339354,2.373598439559228,digital_modernization_tmi,0.2094455852156057,0.2094455852156057,0.6760486983885111,0.2094455852156057,seen_city,train_indicator,train
Daegu,Daegu,South Korea,High income,East Asia & Pacific,north,6442_14056.png,6442_14056.png,14056,6442,128.8586425769665,35.84453418118957,128.84765625,35.8356283888737,128.86962890625,35.8534396195918,3.919797505011254,digital_modernization_tmi,0.1914893617021276,0.1914893617021276,1.8769010220296791,0.1914893617021276,seen_city,train_indicator,train
Port-au-Prince,Port-au-Prince,Haiti,Lower middle income,Latin America & Caribbean ,north,7331_4898.png,7331_4898.png,4898,7331,-72.36694332966341,18.573361680181588,-72.3779296875,18.56294744288831,-72.35595703125,18.58377568837093,5.353066585485861,education_accessibility,0.9905660377358492,4.825234906961232,123.61573804958331,0.9905660377358492,seen_city,train_indicator,train
Vienna,Vienna,Austria,High income,Europe & Central Asia,north,5684_8947.png,5684_8947.png,8947,5684,16.600341805705572,48.15875696278873,16.58935546875,48.15142814322122,16.611328125,48.16608541901253,2.662985452824768,education_accessibility,0.5229653505237711,1.2388549051551496,2.45165872430697,0.5229653505237711,seen_city,train_indicator,train
Taizhou,Taizhou,China,Upper middle income,East Asia & Pacific,north,6627_13655.png,6627_13655.png,13655,6627,120.04760739563088,32.481962824100705,120.03662109375,32.472695022061494,120.05859375,32.49123028794759,4.2498990607232825,nighttime_light_intensity,0.5948275862068966,2.02489140951555,,0.5948275862068966,seen_city,train_indicator,train
Munich,Munich,Germany,High income,Europe & Central Asia,north,5689_8734.png,5689_8734.png,8734,5689,11.920166031778262,48.08541823337393,11.9091796875,48.07807894349861,11.93115234375,48.09275716032736,2.672729656357723,digital_total_cell_intensity,0.0391791044776119,3.985118529860912,52.79166501860921,0.0391791044776119,seen_city,train_indicator,train
Faisalabad,Faisalabad,Pakistan,Lower middle income,"Middle East, North Africa, Afghanistan & Pakistan",north,6690_11514.png,6690_11514.png,11514,6690,73.00415037241679,31.306714853745067,72.9931640625,31.297327991404263,73.01513671875,31.31610138349563,4.354329788615115,education_accessibility,0.8439024390243902,1.910344835888323,5.755417907463147,0.8439024390243902,seen_city,train_indicator,train
Phoenix,Phoenix,United States,High income,North America,north,6579_3070.png,6579_3070.png,3070,6579,-112.53295899772546,33.36723715370229,-112.5439453125,33.35806161277886,-112.52197265625,33.37641235124678,4.160672252841319,food_accessibility,0.468917249897077,0.3795919570174211,0.461688036186933,0.468917249897077,seen_city,train_indicator,train
Cologne,Cologne,Germany,High income,Europe & Central Asia,north,5495_8502.png,5495_8502.png,8502,5495,6.822509754879671,50.85450871027146,6.8115234375,50.84757295365388,6.83349609375,50.86144411058924,2.387031747331826,nighttime_light_intensity,0.731006160164271,1.8822905113256096,,0.731006160164271,seen_city,train_indicator,train
Cordoba,Cordoba,Argentina,Upper middle income,Latin America & Caribbean ,south,9697_5262.png,9697_5262.png,5262,9697,-64.36889649684271,-31.38177848050188,-64.3798828125,-31.391157522824702,-64.35791015625,-31.37239910488051,4.345402227650009,population_count,0.0333333333333333,0.0,,0.0333333333333333,seen_city,train_indicator,train
Warsaw,Warsaw,Poland,High income,Europe & Central Asia,north,5401_9136.png,5401_9136.png,9136,5401,20.75317382697402,52.14023086686551,20.7421875,52.13348804077148,20.76416015625,52.14697334064471,2.2554548179910494,food_accessibility,0.7381193124368048,2.514912131395614,11.365522190197014,0.7381193124368048,seen_city,train_indicator,train
Oslo,Oslo,Norway,High income,Europe & Central Asia,north,4790_8672.png,4790_8672.png,8672,4790,10.557861333034502,59.63998756994632,10.546875,59.63443457494949,10.56884765625,59.645540251443215,1.532463224429268,food_accessibility,0.5131578947368421,0.8397683314048185,1.3158304094529556,0.5131578947368421,seen_city,train_indicator,train
Lahore,Lahore,Pakistan,Lower middle income,"Middle East, North Africa, Afghanistan & Pakistan",north,6692_11570.png,6692_11570.png,11570,6692,74.23461913363717,31.26916058959521,74.2236328125,31.25976998739428,74.24560546875,31.27855085894652,4.354459044578077,nighttime_light_intensity,0.6959798994974874,2.2920728023606536,,0.6959798994974874,seen_city,train_indicator,train
Algiers,Algiers,Algeria,Upper middle income,"Middle East, North Africa, Afghanistan & Pakistan",north,6401_8340.png,6401_8340.png,8340,6401,3.2629394552395805,36.57142349763402,3.251953125,36.56260003738546,3.27392578125,36.58024660149864,3.84831625050994,digital_modernization_tmi,0.5833333333333334,0.5833333333333334,0.7898818316522715,0.5833333333333334,seen_city,train_indicator,train
Algiers,Algiers,Algeria,Upper middle income,"Middle East, North Africa, Afghanistan & Pakistan",north,6387_8326.png,6387_8326.png,8326,6387,2.9553222652680344,36.81807990105787,2.9443359375,36.80928470205939,2.96630859375,36.82687474287728,3.82386386312642,digital_total_cell_intensity,0.375,4.575039651622511,96.03188653239144,0.375,seen_city,train_indicator,train
Zhaoqing,Zhaoqing,China,Upper middle income,East Asia & Pacific,north,7115_13307.png,7115_13307.png,13307,7115,112.4011230617564,23.00896402696156,112.39013671875,22.99885159414292,112.412109375,23.019076187293035,5.043680183107072,digital_modernization_tmi,0.5137614678899083,0.5137614678899083,1.5606969846761911,0.5137614678899083,seen_city,train_indicator,train
Arequipa,Arequipa,Peru,Upper middle income,Latin America & Caribbean ,south,8951_4937.png,8951_4937.png,4937,8951,-71.51000979463225,-16.45715861326203,-71.52099609375,-16.46769474828896,-71.4990234375,-16.446622271646632,5.477057421177052,nighttime_light_intensity,0.6310679611650486,2.809711982708311,,0.6310679611650486,seen_city,train_indicator,train
Tegucigalpa,Tegucigalpa,Honduras,Lower middle income,Latin America & Caribbean ,north,7551_4224.png,7551_4224.png,4224,7551,-87.1765136739645,13.934067025636512,-87.1875,13.92340389772334,-87.16552734375,13.944729974920168,5.598103416992999,digital_modernization_tmi,0.1377245508982036,0.1377245508982036,0.6463530547291334,0.1377245508982036,seen_city,train_indicator,train
Phoenix,Phoenix,United States,High income,North America,north,6591_3109.png,6591_3109.png,3109,6591,-111.67602539654273,33.146749917864256,-111.68701171875,33.137551192346145,-111.6650390625,33.15594830078649,4.179840493936261,digital_modernization_tmi,0.0325236722931247,0.0325236722931247,1.024284979719856,0.0325236722931247,seen_city,train_indicator,train
Daegu,Daegu,South Korea,High income,East Asia & Pacific,north,6442_14037.png,6442_14037.png,14037,6442,128.44116210479507,35.844534181170154,128.43017578125,35.8356283888737,128.4521484375,35.8534396195918,3.92002787608509,education_accessibility,0.8805237315875614,2.82751090113164,15.903334347412022,0.8805237315875614,seen_city,train_indicator,train
Warsaw,Warsaw,Poland,High income,Europe & Central Asia,north,5398_9145.png,5398_9145.png,9145,5398,20.950927734146592,52.18066839516937,20.93994140625,52.17393169256847,20.9619140625,52.187404745599686,2.251365583997335,digital_modernization_tmi,0.4833164812942366,0.4833164812942366,1.05378978355399,0.4833164812942366,seen_city,train_indicator,train
Rawalpindi,Rawalpindi,Pakistan,Lower middle income,"Middle East, North Africa, Afghanistan & Pakistan",south,6564_11506.png,6564_11506.png,11506,6564,72.82836912183403,33.6420621911175,72.8173828125,33.63291573870477,72.83935546875,33.65120829920498,4.136639897563768,food_accessibility,0.4104234527687296,0.971745640949343,1.6425533848186216,0.4104234527687296,seen_city,train_indicator,train
Cologne,Cologne,Germany,High income,Europe & Central Asia,north,5498_8496.png,5498_8496.png,8496,5498,6.690673816709082,50.81287667265264,6.6796875,50.805934726769074,6.70166015625,50.81981826215654,2.3914459824955854,food_accessibility,0.188911704312115,1.3844160658180047,2.9924938703632704,0.188911704312115,seen_city,train_indicator,train
Lahore,Lahore,Pakistan,Lower middle income,"Middle East, North Africa, Afghanistan & Pakistan",north,6664_11560.png,6664_11560.png,11560,6664,74.01489256923341,31.79355490343101,74.00390625,31.78421688448737,74.02587890625,31.80289258670676,4.306658518655304,population_count,0.3228643216080402,7.41125180276539,,0.3228643216080402,seen_city,train_indicator,train
Algiers,Algiers,Algeria,Upper middle income,"Middle East, North Africa, Afghanistan & Pakistan",north,6397_8353.png,6397_8353.png,8353,6397,3.548583988778545,36.641977488601256,3.53759765625,36.63316209558656,3.5595703125,36.6507925250347,3.841518332205142,digital_modernization_tmi,0.0075757575757575,0.0075757575757575,0.3884504692033233,0.0075757575757575,seen_city,train_indicator,train
Warsaw,Warsaw,Poland,High income,Europe & Central Asia,north,5377_9146.png,5377_9146.png,9146,5377,20.97290039050048,52.46270329325846,20.9619140625,52.45600939264076,20.98388671875,52.469396842762045,2.222989652161748,digital_total_cell_intensity,0.654196157735086,5.899867990748866,363.98928272307217,0.654196157735086,seen_city,train_indicator,train
Alexandria,Alexandria,Egypt,Lower middle income,"Middle East, North Africa, Afghanistan & Pakistan",north,6698_9562.png,6698_9562.png,9562,6698,30.11352541912532,31.156408113688386,30.1025390625,31.14700630855656,30.12451171875,31.16580958786196,4.373677520648339,food_accessibility,0.6468646864686468,1.126225856350992,2.083995067608264,0.6468646864686468,seen_city,train_indicator,train
Buenos Aires,Buenos Aires,Argentina,Upper middle income,Latin America & Caribbean ,south,9863_5511.png,9863_5511.png,5511,9863,-58.897705094232506,-34.44315835720352,-58.90869140625,-34.452218472826544,-58.88671875,-34.43409789359468,4.058910939319908,food_accessibility,0.7386039886039886,3.192407102119919,23.346962590057096,0.7386039886039886,seen_city,train_indicator,train
Munich,Munich,Germany,High income,Europe & Central Asia,north,5688_8710.png,5688_8710.png,8710,5688,11.392822278856096,48.10009435598332,11.3818359375,48.09275716032736,11.40380859375,48.10743118848039,2.670192674461923,population_count,0.5942164179104478,6.472823128496798,,0.5942164179104478,seen_city,train_indicator,train
Oslo,Oslo,Norway,High income,Europe & Central Asia,north,4784_8660.png,4784_8660.png,8660,4784,10.294189457187665,59.70655550920888,10.283203125,59.70101353199731,10.30517578125,59.71209717332291,1.5263185842971103,nighttime_light_intensity,0.6523026315789474,1.4091338269405786,,0.6523026315789474,seen_city,train_indicator,train
Vienna,Vienna,Austria,High income,Europe & Central Asia,north,5672_8933.png,5672_8933.png,8933,5672,16.292724616459203,48.33434283304248,16.28173828125,48.327039130634766,16.3037109375,48.3416461723746,2.6445474862127947,food_accessibility,0.7598710717163578,2.311025410422153,9.084760373323038,0.7598710717163578,seen_city,train_indicator,train
Cordoba,Cordoba,Argentina,Upper middle income,Latin America & Caribbean ,south,9696_5267.png,9696_5267.png,5267,9696,-64.2590332145967,-31.363018189807946,-64.27001953125,-31.37239910488051,-64.248046875,-31.353636941500994,4.346841299057789,food_accessibility,0.9095238095238096,3.149461980211277,22.323512693292,0.9095238095238096,seen_city,train_indicator,train
Warsaw,Warsaw,Poland,High income,Europe & Central Asia,north,5412_9168.png,5412_9168.png,9168,5412,21.45629883026709,51.991645437575535,21.4453125,51.98488013991663,21.46728515625,51.998410382390325,2.2704754882009395,digital_modernization_tmi,0.0232558139534883,0.0232558139534883,0.7369630644635677,0.0232558139534883,seen_city,train_indicator,train
Auckland,Auckland,New Zealand,High income,East Asia & Pacific,south,10004_16144.png,10004_16144.png,16144,10004,174.737548810117,-36.95867080396438,174.7265625,-36.96744946416932,174.74853515625,-36.94989178681328,3.8137362024137897,nighttime_light_intensity,0.4464831804281345,0.6529492034262732,,0.4464831804281345,seen_city,train_indicator,train
Munich,Munich,Germany,High income,Europe & Central Asia,north,5671_8722.png,5671_8722.png,8722,5671,11.65649415516879,48.348947782228535,11.6455078125,48.3416461723746,11.66748046875,48.35624902954072,2.6449621941785457,digital_total_cell_intensity,0.5298507462686567,5.825472213909929,337.8210913400048,0.5298507462686567,seen_city,train_indicator,train
Daegu,Daegu,South Korea,High income,East Asia & Pacific,north,6434_14056.png,6434_14056.png,14056,6434,128.85864257697077,35.98689596084672,128.84765625,35.978006180855665,128.86962890625,35.99578538642033,3.905838021552378,food_accessibility,0.2962356792144026,0.0944701918135571,0.0990764011704241,0.2962356792144026,seen_city,train_indicator,train
Phoenix,Phoenix,United States,High income,North America,north,6577_3080.png,6577_3080.png,3080,6577,-112.31323243330198,33.40393088796092,-112.32421875,33.394759218577974,-112.30224609375,33.413102213708285,4.156638260499863,digital_modernization_tmi,0.7422807739810622,0.7422807739810622,1.6699979684108135,0.7422807739810622,seen_city,train_indicator,train
Faisalabad,Faisalabad,Pakistan,Lower middle income,"Middle East, North Africa, Afghanistan & Pakistan",north,6685_11515.png,6685_11515.png,11515,6685,73.02612302890388,31.40053502500952,73.01513671875,31.391157522824702,73.037109375,31.409912194070984,4.345642361756824,digital_modernization_tmi,0.5292682926829269,0.5292682926829269,0.3801631248300203,0.5292682926829269,seen_city,train_indicator,train
Warsaw,Warsaw,Poland,High income,Europe & Central Asia,north,5403_9152.png,5403_9152.png,9152,5403,21.104736328614,52.11325210040605,21.09375,52.10650519075632,21.11572265625,52.11999865763816,2.258160728015623,digital_modernization_tmi,0.7194135490394338,0.7194135490394338,1.1038149249548397,0.7194135490394338,seen_city,train_indicator,train
Brisbane,Brisbane,Australia,High income,East Asia & Pacific,south,9474_15153.png,9474_15153.png,15153,9474,152.96264648400452,-27.108033527243123,152.95166015625,-27.11781284232123,152.9736328125,-27.098253906137884,4.718202609333181,population_count,0.7895460797799174,8.729749875348086,,0.7895460797799174,seen_city,train_indicator,train
Lahore,Lahore,Pakistan,Lower middle income,"Middle East, North Africa, Afghanistan & Pakistan",north,6672_11553.png,6672_11553.png,11553,6672,73.86108397406123,31.644028642010777,73.85009765625,31.63467554954134,73.8720703125,31.653381399663985,4.3207549714891,nighttime_light_intensity,0.1670854271356784,0.9266503884934376,,0.1670854271356784,seen_city,train_indicator,train
Buenos Aires,Buenos Aires,Argentina,Upper middle income,Latin America & Caribbean ,south,9888_5518.png,9888_5518.png,5518,9888,-58.74389649901345,-34.894942128128825,-58.7548828125,-34.90395296559005,-58.73291015625,-34.885930940753155,4.014781437045137,food_accessibility,0.1381766381766381,0.1074785478148295,0.1134669741906161,0.1381766381766381,seen_city,train_indicator,train
Birmingham,Birmingham,United Kingdom,High income,Europe & Central Asia,north,5364_8093.png,5364_8093.png,8093,5364,-2.16430663681577,52.63639632711832,-2.17529296875,52.629728867183566,-2.1533203125,52.643063436658906,2.205722491344678,population_count,0.112597547380156,3.7055650722288496,,0.112597547380156,seen_city,train_indicator,train
Oslo,Oslo,Norway,High income,Europe & Central Asia,north,4768_8688.png,4768_8688.png,8688,4768,10.90942383405382,59.883424541715335,10.8984375,59.87791187483114,10.92041015625,59.88893689676584,1.5104975180955167,population_count,0.3447368421052632,1.5544876367725933,,0.3447368421052632,seen_city,train_indicator,train
Phoenix,Phoenix,United States,High income,North America,north,6577_3072.png,6577_3072.png,3072,6577,-112.48901368483158,33.40393088792731,-112.5,33.394759218577974,-112.47802734375,33.413102213708285,4.157074993734675,education_accessibility,0.4779744750926307,0.7011917061333709,1.016153939420304,0.4779744750926307,seen_city,train_indicator,train
Warsaw,Warsaw,Poland,High income,Europe & Central Asia,north,5407_9143.png,5407_9143.png,9143,5407,20.90698242143965,52.0592455556811,20.89599609375,52.05249047600099,20.91796875,52.06600028274636,2.2636046498300533,food_accessibility,0.38422649140546,1.3431579246544982,2.8311228197524883,0.38422649140546,seen_city,train_indicator,train
Perth,Perth,Australia,High income,East Asia & Pacific,south,9728_13461.png,9728_13461.png,13461,9728,115.7849120984482,-31.96148325247532,115.77392578125,-31.97080393043309,115.7958984375,-31.952162238024968,4.291613697092738,nighttime_light_intensity,0.820054945054945,2.940795638732433,,0.820054945054945,seen_city,train_indicator,train
Qinhuangdao,Qinhuangdao,China,Upper middle income,East Asia & Pacific,north,6211_13629.png,6211_13629.png,13629,6211,119.4763183775434,39.850720588768354,119.46533203125,39.84228602074339,119.4873046875,39.85915479295669,3.523024097934138,population_count,0.1241830065359477,5.572605558765117,,0.1241830065359477,seen_city,train_indicator,train
Buenos Aires,Buenos Aires,Argentina,Upper middle income,Latin America & Caribbean ,south,9890_5539.png,9890_5539.png,5539,9890,-58.28247071388056,-34.93097826898511,-58.29345703125,-34.93998515156042,-58.271484375,-34.92197103616376,4.010135861806155,nighttime_light_intensity,0.2799145299145299,1.5867377636610382,,0.2799145299145299,seen_city,train_indicator,train
Phoenix,Phoenix,United States,High income,North America,north,6553_3089.png,6553_3089.png,3089,6553,-112.11547852523096,33.84304500038327,-112.12646484375,33.83391995365471,-112.1044921875,33.8521697014074,4.114442309571143,population_count,0.7348703170028819,7.647301865013419,,0.7348703170028819,seen_city,train_indicator,train
Oslo,Oslo,Norway,High income,Europe & Central Asia,north,4771_8669.png,4771_8669.png,8669,4771,10.491943364017668,59.85033301445469,10.48095703125,59.84481485969105,10.5029296875,59.85585085709834,1.513331703123778,digital_modernization_tmi,0.5470394736842106,0.5470394736842106,1.227938198763721,0.5470394736842106,seen_city,train_indicator,train
Harare,Harare,Zimbabwe,Lower middle income,Sub-Saharan Africa ,south,9020_9609.png,9020_9609.png,9609,9020,31.14624021329703,-17.90556861507062,31.13525390625,-17.91602270387767,31.1572265625,-17.89511430374914,5.388692894444238,digital_modernization_tmi,0.8278145695364238,0.8278145695364238,0.7331766538425435,0.8278145695364238,seen_city,train_indicator,train
Cologne,Cologne,Germany,High income,Europe & Central Asia,north,5484_8513.png,5484_8513.png,8513,5484,7.064208974884656,51.006841934475325,7.05322265625,50.99992885585964,7.0751953125,51.01375465718819,2.371236133317269,food_accessibility,0.5927446954140999,2.3826053184283165,9.833089778479128,0.5927446954140999,seen_city,train_indicator,train
Phoenix,Phoenix,United States,High income,North America,north,6573_3096.png,6573_3096.png,3096,6573,-111.96166993022844,33.47727187518199,-111.97265625,33.46810795527896,-111.95068359375,33.486435450999885,4.148973046707456,population_count,0.9193083573487032,9.086751288783056,,0.9193083573487032,seen_city,train_indicator,train
Oslo,Oslo,Norway,High income,Europe & Central Asia,north,4764_8678.png,4764_8678.png,8678,4764,10.689697270858082,59.92749537991362,10.6787109375,59.92199002450385,10.70068359375,59.93300042374631,1.5064145419766568,nighttime_light_intensity,0.9713815789473684,3.7289970074585232,,0.9713815789473684,seen_city,train_indicator,train
Cologne,Cologne,Germany,High income,Europe & Central Asia,north,5509_8513.png,5509_8513.png,8513,5509,7.064208974740928,50.65990802302444,7.05322265625,50.65294336725708,7.0751953125,50.6668723218107,2.406575874425676,food_accessibility,0.6228610540725531,2.463535182348753,10.746263409921506,0.6228610540725531,seen_city,train_indicator,train
Oslo,Oslo,Norway,High income,Europe & Central Asia,north,4737_8669.png,4737_8669.png,8669,4737,10.491943363913249,60.223446905182165,10.48095703125,60.21799073323445,10.5029296875,60.2289027675133,1.479631819477214,digital_total_cell_intensity,0.0993421052631579,2.042039119423112,6.706307269152605,0.0993421052631579,seen_city,train_indicator,train
Khartoum,Khartoum,Sudan,Low income,Sub-Saharan Africa ,north,7469_9671.png,7469_9671.png,9671,7469,32.508544916152275,15.675931976597186,32.49755859375,15.665354182093282,32.51953125,15.686509572551431,5.510288263086596,digital_total_cell_intensity,0.8977272727272727,5.698657812831571,297.4665340558116,0.8977272727272727,seen_city,train_indicator,train
Havana,Havana,Cuba,Upper middle income,Latin America & Caribbean ,north,7119_4442.png,7119_4442.png,4442,7119,-82.38647462411882,22.928041423617287,-82.3974609375,22.917922936146034,-82.37548828125,22.93815963931639,5.049602896653548,food_accessibility,0.2227488151658767,0.0010715223976623,0.0010720966828882,0.2227488151658767,seen_city,train_indicator,train
Alexandria,Alexandria,Egypt,Lower middle income,"Middle East, North Africa, Afghanistan & Pakistan",north,6699_9559.png,6699_9559.png,9559,6699,30.047607449783005,31.1376029692884,30.03662109375,31.12819929911197,30.05859375,31.14700630855656,4.375001134476513,nighttime_light_intensity,0.2244224422442244,1.9007618409445108,,0.2244224422442244,seen_city,train_indicator,train
Vienna,Vienna,Austria,High income,Europe & Central Asia,north,5684_8925.png,5684_8925.png,8925,5684,16.116943365538773,48.15875696285069,16.10595703125,48.15142814322122,16.1279296875,48.16608541901253,2.6625099973310475,population_count,0.6986301369863014,6.602751315161382,,0.6986301369863014,seen_city,train_indicator,train
Khartoum,Khartoum,Sudan,Low income,Sub-Saharan Africa ,north,7467_9670.png,7467_9670.png,9670,7467,32.486572259648945,15.718238369569672,32.4755859375,15.707662769583507,32.49755859375,15.728813770533968,5.508064618144719,education_accessibility,0.6515151515151515,1.1323388832312775,2.1029053530083823,0.6515151515151515,seen_city,train_indicator,train
Faisalabad,Faisalabad,Pakistan,Lower middle income,"Middle East, North Africa, Afghanistan & Pakistan",north,6677_11524.png,6677_11524.png,11524,6677,73.2238769370073,31.55045237282728,73.212890625,31.54108987958581,73.23486328125,31.55981453201842,4.331151380014789,nighttime_light_intensity,0.5585365853658537,1.317926763963095,,0.5585365853658537,seen_city,train_indicator,train
Munich,Munich,Germany,High income,Europe & Central Asia,north,5690_8711.png,5690_8711.png,8711,5690,11.41479493524294,48.070737922232944,11.40380859375,48.06339653776212,11.42578125,48.07807894349861,2.6732650360377663,nighttime_light_intensity,0.4141791044776119,0.6450638534430735,,0.4141791044776119,seen_city,train_indicator,train
Tegucigalpa,Tegucigalpa,Honduras,Lower middle income,Latin America & Caribbean ,north,7543_4220.png,7543_4220.png,4220,7543,-87.26440430000015,14.104612384785536,-87.275390625,14.093957177836227,-87.25341796875,14.115267411122712,5.58995558688959,digital_total_cell_intensity,0.7245508982035929,5.35222698468869,210.07784196103185,0.7245508982035929,seen_city,train_indicator,train
Lahore,Lahore,Pakistan,Lower middle income,"Middle East, North Africa, Afghanistan & Pakistan",north,6677_11575.png,6677_11575.png,11575,6677,74.34448241592669,31.55045237301515,74.33349609375,31.54108987958581,74.35546875,31.55981453201842,4.328528519729625,digital_modernization_tmi,0.6947236180904522,0.6947236180904522,0.7729627074164355,0.6947236180904522,seen_city,train_indicator,train
Warsaw,Warsaw,Poland,High income,Europe & Central Asia,north,5399_9146.png,5399_9146.png,9146,5399,20.972900390498783,52.16719330126795,20.9619140625,52.160454557747045,20.98388671875,52.17393169256847,2.252722602268008,digital_total_cell_intensity,0.9575328614762386,8.034569266362944,3084.8093942819305,0.9575328614762386,seen_city,train_indicator,train
Qom,Qom,Iran,Upper middle income,"Middle East, North Africa, Afghanistan & Pakistan",north,6507_10509.png,6507_10509.png,10509,6507,50.92163085871364,34.678393422003474,50.91064453125,34.66935854524544,50.9326171875,34.68742794931483,4.033206190886263,population_count,0.6951219512195121,9.537134274128205,,0.6951219512195121,seen_city,train_indicator,train
Phoenix,Phoenix,United States,High income,North America,north,6578_3107.png,6578_3107.png,3107,6578,-111.7199707093924,33.385585956769646,-111.73095703125,33.37641235124678,-111.708984375,33.394759218577974,4.15730744852276,nighttime_light_intensity,0.9522437216961712,4.065652003793134,,0.9522437216961712,seen_city,train_indicator,train
Buenos Aires,Buenos Aires,Argentina,Upper middle income,Latin America & Caribbean ,south,9882_5515.png,9882_5515.png,5515,9882,-58.80981446835751,-34.78673884389123,-58.82080078125,-34.79576153473033,-58.798828125,-34.77771580360469,4.025456160616112,education_accessibility,0.485042735042735,1.8541964051494155,5.386563978034012,0.485042735042735,seen_city,train_indicator,train
Guiyang,Guiyang,China,Upper middle income,East Asia & Pacific,north,6945_13046.png,6945_13046.png,13046,6945,106.66625978236398,26.40171025938486,106.6552734375,26.391869671769022,106.67724609375,26.411550546622586,4.779840037620945,population_count,0.7317073170731707,9.080430666115872,,0.7317073170731707,seen_city,train_indicator,train
Warsaw,Warsaw,Poland,High income,Europe & Central Asia,north,5401_9157.png,5401_9157.png,9157,5401,21.214599610375707,52.140230866866105,21.20361328125,52.13348804077148,21.2255859375,52.14697334064471,2.255450960015964,education_accessibility,0.8048533872598584,3.2490173965578086,24.76501068674762,0.8048533872598584,seen_city,train_indicator,train
Luanda,Luanda,Angola,Lower middle income,Sub-Saharan Africa ,south,8604_8795.png,8604_8795.png,8795,8604,13.260498025529266,-9.026152675228968,13.24951171875,-9.037002898469416,13.271484375,-9.015302333420587,5.7990399649953535,food_accessibility,0.6629213483146067,0.5281104669817702,0.695725150895104,0.6629213483146067,seen_city,train_indicator,train
Algiers,Algiers,Algeria,Upper middle income,"Middle East, North Africa, Afghanistan & Pakistan",north,6398_8325.png,6398_8325.png,8325,6398,2.93334960883974,36.62434504174964,2.92236328125,36.615527631349245,2.9443359375,36.63316209558656,3.843037180131069,education_accessibility,0.3712121212121212,1.3980807536137745,3.0474245028652054,0.3712121212121212,seen_city,train_indicator,train
Daegu,Daegu,South Korea,High income,East Asia & Pacific,north,6449_14036.png,6449_14036.png,14036,6449,128.41918944834975,35.719757616787064,128.408203125,35.71083783530008,128.43017578125,35.728677044851686,3.9322647456136055,education_accessibility,0.6955810147299509,1.5603249928675975,3.7603680794421392,0.6955810147299509,seen_city,train_indicator,train
Lahore,Lahore,Pakistan,Lower middle income,"Middle East, North Africa, Afghanistan & Pakistan",north,6664_11565.png,6664_11565.png,11565,6664,74.12475585147506,31.793554903445084,74.11376953125,31.78421688448737,74.1357421875,31.80289258670676,4.306463876355823,food_accessibility,0.1206030150753768,0.0014380175727329,0.0014390520157924,0.1206030150753768,seen_city,train_indicator,train
Guiyang,Guiyang,China,Upper middle income,East Asia & Pacific,north,6939_13035.png,6939_13035.png,13035,6939,106.42456056115552,26.5197350355278,106.41357421875,26.50990453141392,106.435546875,26.529565238267573,4.769273364018361,digital_total_cell_intensity,0.8432055749128919,4.091365581409893,58.82152711690019,0.8432055749128919,seen_city,train_indicator,train
Daegu,Daegu,South Korea,High income,East Asia & Pacific,north,6447_14048.png,6447_14048.png,14048,6447,128.68286132551995,35.75542804658433,128.671875,35.7465122599185,128.69384765625,35.764343479667176,3.92858663119534,nighttime_light_intensity,0.1374795417348608,0.8676838900191183,,0.1374795417348608,seen_city,train_indicator,train
Daegu,Daegu,South Korea,High income,East Asia & Pacific,north,6448_14046.png,6448_14046.png,14046,6448,128.6389160126576,35.73759482914234,128.6279296875,35.728677044851686,128.64990234375,35.7465122599185,3.930355414514547,digital_modernization_tmi,0.6824877250409165,0.6824877250409165,1.9289796395109773,0.6824877250409165,seen_city,train_indicator,train
Phoenix,Phoenix,United States,High income,North America,north,6563_3097.png,6563_3097.png,3097,6563,-111.9396972737524,33.66035280846548,-111.95068359375,33.65120829920498,-111.9287109375,33.669496972795535,4.131537723559099,digital_modernization_tmi,0.4969123095924249,0.4969123095924249,1.603759679542217,0.4969123095924249,seen_city,train_indicator,train
Algiers,Algiers,Algeria,Upper middle income,"Middle East, North Africa, Afghanistan & Pakistan",north,6399_8318.png,6399_8318.png,8318,6399,2.7795410138536987,36.60670856046012,2.7685546875,36.59788913307021,2.79052734375,36.615527631349245,3.844813906552796,digital_modernization_tmi,0.3087121212121212,0.3087121212121212,0.7180615682703432,0.3087121212121212,seen_city,train_indicator,train
Phoenix,Phoenix,United States,High income,North America,north,6564_3070.png,6564_3070.png,3070,6564,-112.53295899763935,33.64206219127864,-112.5439453125,33.63291573870477,-112.52197265625,33.65120829920498,4.134564361524443,food_accessibility,0.216961712638946,0.0177113069090946,0.0178690821977469,0.216961712638946,seen_city,train_indicator,train
Phoenix,Phoenix,United States,High income,North America,north,6577_3090.png,6577_3090.png,3090,6577,-112.09350586889,33.403930887996985,-112.1044921875,33.394759218577974,-112.08251953125,33.413102213708285,4.15616944747446,nighttime_light_intensity,0.8633182379580074,3.5659066811871343,,0.8633182379580074,seen_city,train_indicator,train
Brisbane,Brisbane,Australia,High income,East Asia & Pacific,south,9478_15147.png,9478_15147.png,15147,9478,152.83081054519937,-27.1862419108335,152.81982421875,-27.19601438317329,152.841796875,-27.176469131898887,4.711703603016892,nighttime_light_intensity,0.28060522696011,0.7628709669618868,,0.28060522696011,seen_city,train_indicator,train
Phoenix,Phoenix,United States,High income,North America,north,6584_3131.png,6584_3131.png,3131,6584,-111.19262695480614,33.27543510145699,-111.20361328125,33.266249890762744,-111.181640625,33.28461996888768,4.1673064258733445,education_accessibility,0.1033347056401811,0.0116370390684427,0.0117050128227671,0.1033347056401811,seen_city,train_indicator,train
Brisbane,Brisbane,Australia,High income,East Asia & Pacific,south,9495_15165.png,9495_15165.png,15165,9495,153.22631836160275,-27.51801496486324,153.21533203125,-27.52775820686189,153.2373046875,-27.508271413876017,4.683883175700668,food_accessibility,0.71939477303989,2.4883711053317,11.041645564473685,0.71939477303989,seen_city,train_indicator,train
Buenos Aires,Buenos Aires,Argentina,Upper middle income,Latin America & Caribbean ,south,9902_5531.png,9902_5531.png,5531,9902,-58.45825196528916,-35.146862586465225,-58.46923828125,-35.15584570226543,-58.447265625,-35.13787911963419,3.989576843559728,digital_modernization_tmi,0.0192307692307692,0.0192307692307692,0.3652154145935697,0.0192307692307692,seen_city,train_indicator,train
Cologne,Cologne,Germany,High income,Europe & Central Asia,north,5483_8520.png,5483_8520.png,8520,5483,7.218017569393558,51.02066567544831,7.20703125,51.01375465718819,7.22900390625,51.027576337802415,2.369666026492562,digital_modernization_tmi,0.0205338809034907,0.0205338809034907,0.5328023012245181,0.0205338809034907,seen_city,train_indicator,train
Qinhuangdao,Qinhuangdao,China,Upper middle income,East Asia & Pacific,north,6206_13640.png,6206_13640.png,13640,6206,119.71801759801626,39.935012623856586,119.70703125,39.92658842190944,119.72900390625,39.943436461974215,3.515221682965316,digital_total_cell_intensity,0.9607843137254902,5.001982453603241,147.70767313835734,0.9607843137254902,seen_city,train_indicator,train
Qom,Qom,Iran,Upper middle income,"Middle East, North Africa, Afghanistan & Pakistan",north,6515_10505.png,6515_10505.png,10505,6515,50.83374023296694,34.53371210392677,50.82275390625,34.52466147177173,50.8447265625,34.542762387234845,4.047175432786325,digital_modernization_tmi,0.1219512195121951,0.1219512195121951,0.4765297940552199,0.1219512195121951,seen_city,train_indicator,train
Oslo,Oslo,Norway,High income,Europe & Central Asia,north,4766_8702.png,4766_8702.png,8702,4766,11.217041022498668,59.90546727212199,11.2060546875,59.89995826181929,11.22802734375,59.91097597079679,1.508647389745872,food_accessibility,0.719078947368421,1.4866803424580812,3.4223903030447635,0.719078947368421,seen_city,train_indicator,train
Cordoba,Cordoba,Argentina,Upper middle income,Latin America & Caribbean ,south,9702_5266.png,9702_5266.png,5266,9702,-64.2810058710184,-31.475523717881305,-64.2919921875,-31.48489338689015,-64.27001953125,-31.466153715024284,4.336577636959326,education_accessibility,0.6357142857142857,1.210381507915283,2.354764277565768,0.6357142857142857,seen_city,train_indicator,train
Algiers,Algiers,Algeria,Upper middle income,"Middle East, North Africa, Afghanistan & Pakistan",north,6396_8319.png,6396_8319.png,8319,6396,2.801513670282468,36.659605900327335,2.79052734375,36.6507925250347,2.8125,36.66841891894785,3.8395772835094992,education_accessibility,0.5587121212121212,2.0624045113818466,6.86485823364286,0.5587121212121212,seen_city,train_indicator,train
Kitakyushu,Kitakyushu,Japan,High income,East Asia & Pacific,north,6540_14154.png,6540_14154.png,14154,6540,131.01196290785327,34.07996199299295,131.0009765625,34.070862323766306,131.02294921875,34.089061315849946,4.0942017213600135,digital_modernization_tmi,0.2857142857142857,0.2857142857142857,1.871469786312575,0.2857142857142857,seen_city,train_indicator,train
Perth,Perth,Australia,High income,East Asia & Pacific,south,9738_13472.png,9738_13472.png,13472,9738,116.026611319408,-32.147710760192766,116.015625,-32.15701248607008,116.03759765625,-32.1384086967725,4.273845533176251,population_count,0.6868131868131868,7.758707722041788,,0.6868131868131868,seen_city,train_indicator,train
Vienna,Vienna,Austria,High income,Europe & Central Asia,north,5689_8919.png,5689_8919.png,8919,5689,15.98510742732708,48.08541823373151,15.97412109375,48.07807894349861,15.99609375,48.09275716032736,2.669978119243481,education_accessibility,0.0040290088638195,0.0109965206026976,0.0110572045688894,0.0040290088638195,seen_city,train_indicator,train
Auckland,Auckland,New Zealand,High income,East Asia & Pacific,south,10015_16141.png,10015_16141.png,16141,10015,174.67163084093806,-37.15156017397298,174.66064453125,-37.160316546736766,174.6826171875,-37.14280344371684,3.794765356033286,food_accessibility,0.0351681957186544,0.0062059236764176,0.0062252203179321,0.0351681957186544,seen_city,train_indicator,train
Oslo,Oslo,Norway,High income,Europe & Central Asia,north,4755_8702.png,4755_8702.png,8702,4755,11.217041022448289,60.02644108184202,11.2060546875,60.02095215374802,11.22802734375,60.0319296991156,1.4977010454806048,digital_modernization_tmi,0.0700657894736842,0.0700657894736842,0.9974721320668918,0.0700657894736842,seen_city,train_indicator,train
Khartoum,Khartoum,Sudan,Low income,Sub-Saharan Africa ,north,7472_9670.png,7472_9670.png,9670,7472,32.48657225964261,15.61245595305133,32.4755859375,15.601874876739808,32.49755859375,15.62303683152826,5.513700736708106,nighttime_light_intensity,0.7954545454545454,1.62777855469502,,0.7954545454545454,seen_city,train_indicator,train
Mianyang,Mianyang,China,Upper middle income,East Asia & Pacific,north,6678_12959.png,6678_12959.png,12959,6678,104.75463866964763,31.53172584219089,104.74365234375,31.52236147042144,104.765625,31.54108987958581,4.329892985427924,food_accessibility,0.8529411764705882,0.0001648463072282,0.0001648598951274,0.8529411764705882,seen_city,train_indicator,train
Lahore,Lahore,Pakistan,Lower middle income,"Middle East, North Africa, Afghanistan & Pakistan",north,6675_11553.png,6675_11553.png,11553,6675,73.86108397404853,31.587894161345456,73.85009765625,31.578535426473373,73.8720703125,31.597252561706654,4.3259206602008025,digital_total_cell_intensity,0.2826633165829145,1.9941654924575865,6.346070118346215,0.2826633165829145,seen_city,train_indicator,train
Oslo,Oslo,Norway,High income,Europe & Central Asia,north,4740_8700.png,4740_8700.png,8700,4740,11.173095709746365,60.19069445363829,11.162109375,60.1852328315075,11.18408203125,60.19615576604439,1.4828590110815554,population_count,0.7723684210526316,5.38139190507256,,0.7723684210526316,seen_city,train_indicator,train
Phoenix,Phoenix,United States,High income,North America,north,6580_3119.png,6580_3119.png,3119,6580,-111.45629883210052,33.348884480302225,-111.46728515625,33.33970700424027,-111.4453125,33.35806161277886,4.160508385131573,education_accessibility,0.3964594483326472,0.4239907513270393,0.5280474613074659,0.3964594483326472,seen_city,train_indicator,train
Oslo,Oslo,Norway,High income,Europe & Central Asia,north,4738_8665.png,4738_8665.png,8665,4738,10.404052738648904,60.21253305464285,10.39306640625,60.20707506634914,10.4150390625,60.21799073323445,1.4805856420561962,population_count,0.1057565789473684,0.0,,0.1057565789473684,seen_city,train_indicator,train
Perth,Perth,Australia,High income,East Asia & Pacific,south,9727_13468.png,9727_13468.png,13468,9727,115.93872069357744,-31.94283966818537,115.927734375,-31.952162238024968,115.94970703125,-31.933516761903668,4.293008434976273,food_accessibility,0.7788461538461539,2.4565703660410283,10.6647370804845,0.7788461538461539,seen_city,train_indicator,train
Oslo,Oslo,Norway,High income,Europe & Central Asia,north,4758_8678.png,4758_8678.png,8678,4758,10.689697270837137,59.99349203147642,10.6787109375,59.987997631212224,10.70068359375,59.99898612060445,1.5004440576858744,food_accessibility,0.6055921052631579,1.090823977309928,1.9767258168644863,0.6055921052631579,seen_city,train_indicator,train
Lahore,Lahore,Pakistan,Lower middle income,"Middle East, North Africa, Afghanistan & Pakistan",north,6680_11580.png,6680_11580.png,11580,6680,74.45434569816756,31.494261513399767,74.443359375,31.48489338689015,74.46533203125,31.503629305773018,4.333561359615934,education_accessibility,0.7625628140703518,2.154047280050458,7.619674130290994,0.7625628140703518,seen_city,train_indicator,train
Birmingham,Birmingham,United Kingdom,High income,Europe & Central Asia,north,5381_8089.png,5381_8089.png,8089,5381,-2.25219726218054,52.40912091881334,-2.26318359375,52.40241887397332,-2.2412109375,52.415822612378776,2.2285166344518625,population_count,0.6555183946488294,8.117022205557186,,0.6555183946488294,seen_city,train_indicator,train
Khartoum,Khartoum,Sudan,Low income,Sub-Saharan Africa ,north,7471_9663.png,7471_9663.png,9663,7471,32.332763664101975,15.633616815224045,32.32177734375,15.62303683152826,32.34375,15.644196600866064,5.512860606068941,population_count,0.5303030303030303,9.955306051002104,,0.5303030303030303,seen_city,train_indicator,train
Oslo,Oslo,Norway,High income,Europe & Central Asia,north,4783_8692.png,4783_8692.png,8692,4783,10.99731445938886,59.7176373155793,10.986328125,59.71209717332291,11.00830078125,59.723177144920655,1.525585196141437,food_accessibility,0.4569078947368421,0.6903238520927805,0.9943613067528392,0.4569078947368421,seen_city,train_indicator,train
Warsaw,Warsaw,Poland,High income,Europe & Central Asia,north,5376_9148.png,5376_9148.png,9148,5376,21.01684570320236,52.47608870795173,21.005859375,52.469396842762045,21.02783203125,52.48278022207821,2.221644570158336,digital_modernization_tmi,0.9701718907987866,0.9701718907987866,1.2608905308920022,0.9701718907987866,seen_city,train_indicator,train
Auckland,Auckland,New Zealand,High income,East Asia & Pacific,south,10008_16155.png,10008_16155.png,16155,10008,174.97924803082083,-37.02886911921799,174.96826171875,-37.0376396797714,174.990234375,-37.020098201368114,3.8059870747589,digital_total_cell_intensity,0.5,4.316507070254801,73.92645783380915,0.5,seen_city,train_indicator,train
Brisbane,Brisbane,Australia,High income,East Asia & Pacific,south,9489_15148.png,9489_15148.png,15148,9489,152.85278320167274,-27.40103211665443,152.841796875,-27.410785702577023,152.86376953125,-27.391278222579285,4.693694691500618,food_accessibility,0.0852819807427785,0.2156095019976045,0.2406178256156255,0.0852819807427785,seen_city,train_indicator,train
Oslo,Oslo,Norway,High income,Europe & Central Asia,north,4778_8696.png,4778_8696.png,8696,4778,11.085205084642418,59.77299132380814,11.07421875,59.76746035005357,11.09619140625,59.77852198502987,1.520597707169183,digital_modernization_tmi,0.3730263157894737,0.3730263157894737,1.1704970730271071,0.3730263157894737,seen_city,train_indicator,train
Cologne,Cologne,Germany,High income,Europe & Central Asia,north,5487_8524.png,5487_8524.png,8524,5487,7.305908194803963,50.96534598441728,7.294921875,50.95842672335992,7.31689453125,50.97226488936749,2.375206227401966,population_count,0.5605749486652978,7.060811142093597,,0.5605749486652978,seen_city,train_indicator,train
Munich,Munich,Germany,High income,Europe & Central Asia,north,5677_8731.png,5677_8731.png,8731,5677,11.854248062554731,48.26125531010708,11.84326171875,48.25394114463432,11.865234375,48.26856911296433,2.654412569227205,food_accessibility,0.0055970149253731,0.1560557325125556,0.1688913465261949,0.0055970149253731,seen_city,train_indicator,train
Vienna,Vienna,Austria,High income,Europe & Central Asia,north,5704_8932.png,5704_8932.png,8932,5704,16.27075196021877,47.864773613768975,16.259765625,47.85740289465824,16.28173828125,47.8721439688873,2.6929977626445707,digital_modernization_tmi,0.8444802578565673,0.8444802578565673,1.042633214316152,0.8444802578565673,seen_city,train_indicator,train
Auckland,Auckland,New Zealand,High income,East Asia & Pacific,south,9985_16142.png,9985_16142.png,16142,9985,174.69360349710345,-36.62434504140042,174.6826171875,-36.63316209558656,174.70458984375,-36.615527631349245,3.847064288273863,food_accessibility,0.7125382262996942,1.997135073246076,6.367917289455582,0.7125382262996942,seen_city,train_indicator,train
Birmingham,Birmingham,United Kingdom,High income,Europe & Central Asia,north,5372_8097.png,5372_8097.png,8097,5372,-2.0764160113944428,52.52958966626565,-2.08740234375,52.52290594027807,-2.0654296875,52.536273041459474,2.216483973099751,population_count,0.782608695652174,8.791236754430958,,0.782608695652174,seen_city,train_indicator,train
Oslo,Oslo,Norway,High income,Europe & Central Asia,north,4770_8660.png,4770_8660.png,8660,4770,10.294189457149876,59.86136718219047,10.283203125,59.85585085709834,10.30517578125,59.86688319521021,1.5122674464361805,digital_modernization_tmi,0.0634868421052631,0.0634868421052631,0.9865323472238916,0.0634868421052631,seen_city,train_indicator,train
Warsaw,Warsaw,Poland,High income,Europe & Central Asia,north,5411_9145.png,5411_9145.png,9145,5411,20.950927734144766,52.00517363597769,20.93994140625,51.998410382390325,20.9619140625,52.01193653675362,2.269056577897122,food_accessibility,0.6076845298281092,1.9619247541700944,6.113004683333871,0.6076845298281092,seen_city,train_indicator,train
Auckland,Auckland,New Zealand,High income,East Asia & Pacific,south,10003_16136.png,10003_16136.png,16136,10003,174.56176755870894,-36.94111110255016,174.55078125,-36.94989178681328,174.57275390625,-36.93233006150314,3.816097769202864,education_accessibility,0.3440366972477064,0.9816515754580868,1.6688604283897606,0.3440366972477064,seen_city,train_indicator,train
Warsaw,Warsaw,Poland,High income,Europe & Central Asia,north,5394_9157.png,5394_9157.png,9157,5394,21.21459961037143,52.23452796025106,21.20361328125,52.227799418870696,21.2255859375,52.24125614966341,2.245952669603578,digital_total_cell_intensity,0.782103134479272,6.47349979519785,646.7467455538851,0.782103134479272,seen_city,train_indicator,train
Oslo,Oslo,Norway,High income,Europe & Central Asia,north,4775_8674.png,4775_8674.png,8674,4775,10.601806645622649,59.80615973854116,10.5908203125,59.80063426102869,10.61279296875,59.8116849036565,1.5173776789516933,nighttime_light_intensity,0.4950657894736842,0.6387983622041739,,0.4950657894736842,seen_city,train_indicator,train
Perth,Perth,Australia,High income,East Asia & Pacific,south,9715_13458.png,9715_13458.png,13458,9715,115.71899412904344,-31.71882192060841,115.7080078125,-31.728167146023942,115.72998046875,-31.709476360019345,4.31419269805891,digital_modernization_tmi,0.3598901098901099,0.3598901098901099,1.389054507699239,0.3598901098901099,seen_city,train_indicator,train
Warsaw,Warsaw,Poland,High income,Europe & Central Asia,north,5396_9150.png,5396_9150.png,9150,5396,21.06079101590761,52.20760633883072,21.0498046875,52.20087371733219,21.07177734375,52.2143386082582,2.248652711945065,population_count,0.9514661274014156,9.042704475018017,,0.9514661274014156,seen_city,train_indicator,train
Buenos Aires,Buenos Aires,Argentina,Upper middle income,Latin America & Caribbean ,south,9883_5521.png,9883_5521.png,5521,9883,-58.6779785297416,-34.80478260071289,-58.68896484375,-34.81380331711314,-58.6669921875,-34.79576153473033,4.023327713671917,education_accessibility,0.433048433048433,1.4944175753482671,3.456740081506929,0.433048433048433,seen_city,train_indicator,train
Buenos Aires,Buenos Aires,Argentina,Upper middle income,Latin America & Caribbean ,south,9874_5531.png,9874_5531.png,5531,9874,-58.45825196544228,-34.64224672967317,-58.46923828125,-34.65128519895414,-58.447265625,-34.633207911379586,4.038467516938266,food_accessibility,0.9715099715099716,4.775889384478885,117.61576274014436,0.9715099715099716,seen_city,train_indicator,train
Lahore,Lahore,Pakistan,Lower middle income,"Middle East, North Africa, Afghanistan & Pakistan",north,6667_11556.png,6667_11556.png,11556,6667,73.92700194342812,31.737510822143555,73.916015625,31.728167146023942,73.93798828125,31.7468541629214,4.312001653662056,population_count,0.6871859296482412,9.225314625311352,,0.6871859296482412,seen_city,train_indicator,train
Munich,Munich,Germany,High income,Europe & Central Asia,north,5685_8730.png,5685_8730.png,8730,5685,11.83227540625642,48.144097592885416,11.8212890625,48.13676667969269,11.84326171875,48.15142814322122,2.6664780781967683,nighttime_light_intensity,0.5419776119402985,0.9238075471042372,,0.5419776119402985,seen_city,train_indicator,train
Phoenix,Phoenix,United States,High income,North America,north,6565_3077.png,6565_3077.png,3077,6565,-112.3791504025636,33.62376768783182,-112.39013671875,33.61461929233378,-112.3681640625,33.63291573870477,4.135912560016571,digital_total_cell_intensity,0.7834499794153973,5.192662826780452,178.94708343999687,0.7834499794153973,seen_city,train_indicator,train
Auckland,Auckland,New Zealand,High income,East Asia & Pacific,south,10018_16156.png,10018_16156.png,16156,10018,175.00122068732,-37.204081227545615,174.990234375,-37.21283151445594,175.01220703125,-37.19533058280064,3.788483210070119,nighttime_light_intensity,0.6391437308868502,1.213997103577976,,0.6391437308868502,seen_city,train_indicator,train
Birmingham,Birmingham,United Kingdom,High income,Europe & Central Asia,north,5370_8096.png,5370_8096.png,8096,5370,-2.0983886677501484,52.55631573231732,-2.109375,52.54963607438229,-2.08740234375,52.562995039558,2.213789753082541,population_count,0.7870680044593088,8.822770278652104,,0.7870680044593088,seen_city,train_indicator,train
Phoenix,Phoenix,United States,High income,North America,north,6554_3098.png,6554_3098.png,3098,6554,-111.9177246172814,33.82479330401749,-111.9287109375,33.815666308702774,-111.90673828125,33.83391995365471,4.11583441762776,digital_modernization_tmi,0.3964594483326472,0.3964594483326472,1.5721199325626694,0.3964594483326472,seen_city,train_indicator,train
Vienna,Vienna,Austria,High income,Europe & Central Asia,north,5681_8921.png,5681_8921.png,8921,5681,16.029052740043984,48.20270994703612,16.01806640625,48.19538740833338,16.0400390625,48.21003212234041,2.6579066525386605,digital_modernization_tmi,0.4020950846091861,0.4020950846091861,0.9421688469394176,0.4020950846091861,seen_city,train_indicator,train
Cologne,Cologne,Germany,High income,Europe & Central Asia,north,5499_8525.png,5499_8525.png,8525,5499,7.327880851102334,50.79899107390514,7.31689453125,50.792047064406844,7.3388671875,50.805934726769074,2.3921208766912314,digital_modernization_tmi,0.3299110198494182,0.3299110198494182,0.7156037006704561,0.3299110198494182,seen_city,train_indicator,train
Lahore,Lahore,Pakistan,Lower middle income,"Middle East, North Africa, Afghanistan & Pakistan",north,6676_11567.png,6676_11567.png,11567,6676,74.16870116433466,31.569175146492057,74.15771484375,31.55981453201842,74.1796875,31.578535426473373,4.327059290495896,digital_modernization_tmi,0.6130653266331658,0.6130653266331658,0.7342104026989047,0.6130653266331658,seen_city,train_indicator,train
Cologne,Cologne,Germany,High income,Europe & Central Asia,north,5493_8518.png,5493_8518.png,8518,5493,7.174072256624314,50.88224277371721,7.1630859375,50.87531114220076,7.18505859375,50.889174048903314,2.3837988338663614,population_count,0.6399726214921286,7.415187667285069,,0.6399726214921286,seen_city,train_indicator,train
Cologne,Cologne,Germany,High income,Europe & Central Asia,north,5501_8520.png,5501_8520.png,8520,5501,7.218017569298473,50.77120749423212,7.20703125,50.76425935711647,7.22900390625,50.778155274659234,2.3950622762072777,population_count,0.6344969199178645,7.397766698904807,,0.6344969199178645,seen_city,train_indicator,train
Daegu,Daegu,South Korea,High income,East Asia & Pacific,north,6441_14043.png,6441_14043.png,14043,6441,128.57299804337714,35.86234341178768,128.56201171875,35.8534396195918,128.583984375,35.87124685002796,3.918180320822524,digital_modernization_tmi,0.4779050736497545,0.4779050736497545,1.9072164536017349,0.4779050736497545,seen_city,train_indicator,train
Niigata,Niigata,Japan,High income,East Asia & Pacific,north,6331_14523.png,6331_14523.png,14523,6331,139.11987303224632,37.79676284651801,139.10888671875,37.78808138412046,139.130859375,37.80544394934272,3.728941314989063,education_accessibility,0.8140350877192982,2.6408932002461154,13.0257257962233,0.8140350877192982,seen_city,train_indicator,train
Dhaka,Dhaka,Bangladesh,Lower middle income,South Asia,north,7074_12293.png,7074_12293.png,12293,7074,90.12084957917388,23.83560073670959,90.10986328125,23.82555130688475,90.1318359375,23.84564988765935,4.989782639944747,digital_modernization_tmi,0.962406015037594,0.962406015037594,0.8063955848357175,0.962406015037594,seen_city,train_indicator,train
Birmingham,Birmingham,United Kingdom,High income,Europe & Central Asia,north,5381_8114.png,5381_8114.png,8114,5381,-1.7028808534009428,52.409120918770206,-1.7138671875,52.40241887397332,-1.69189453125,52.415822612378776,2.228801098715731,education_accessibility,0.1806020066889632,2.3023224721231057,8.997374136109022,0.1806020066889632,seen_city,train_indicator,train
Niigata,Niigata,Japan,High income,East Asia & Pacific,north,6324_14530.png,6324_14530.png,14530,6324,139.27368162723792,37.91820078910999,139.2626953125,37.90953361677019,139.28466796875,37.92686760148134,3.716376726086778,education_accessibility,0.3543859649122807,1.4710058740674523,3.3536121248826007,0.3543859649122807,seen_city,train_indicator,train
Phoenix,Phoenix,United States,High income,North America,north,6592_3102.png,6592_3102.png,3102,6592,-111.82983399164225,33.12835088079568,-111.8408203125,33.11915022676886,-111.81884765625,33.137551192346145,4.181784940378898,nighttime_light_intensity,0.3544668587896253,0.8070743451509269,,0.3544668587896253,seen_city,train_indicator,train
Warsaw,Warsaw,Poland,High income,Europe & Central Asia,north,5384_9165.png,5384_9165.png,9165,5384,21.39038086117652,52.36889137243047,21.37939453125,52.362183216744256,21.4013671875,52.3755991766591,2.2324588898932665,population_count,0.0773508594539939,2.707119022977295,,0.0773508594539939,seen_city,train_indicator,train
Jerusalem,Jerusalem,Israel,High income,"Middle East, North Africa, Afghanistan & Pakistan",north,6664_9788.png,6664_9788.png,9788,6664,35.07934572189422,31.79355490319999,35.068359375,31.78421688448737,35.09033203125,31.80289258670676,4.309853277063056,education_accessibility,0.1320754716981132,0.6755929787732368,0.9651979512031904,0.1320754716981132,seen_city,train_indicator,train
Guiyang,Guiyang,China,Upper middle income,East Asia & Pacific,north,6938_13035.png,6938_13035.png,13035,6938,106.42456056115051,26.539394058741067,106.41357421875,26.529565238267573,106.435546875,26.54922257769203,4.767656480621576,nighttime_light_intensity,0.156794425087108,0.7608762870403996,,0.156794425087108,seen_city,train_indicator,train
Oslo,Oslo,Norway,High income,Europe & Central Asia,north,4779_8701.png,4779_8701.png,8701,4779,11.195068366239973,59.76192785599681,11.18408203125,59.7563950493563,11.2060546875,59.76746035005357,1.5216579371937773,digital_modernization_tmi,0.7125,0.7125,1.2766181924297657,0.7125,seen_city,train_indicator,train
Cologne,Cologne,Germany,High income,Europe & Central Asia,north,5491_8527.png,5491_8527.png,8527,5491,7.371826163858311,50.90996033832887,7.36083984375,50.903032831112576,7.3828125,50.91688748924506,2.380779476084784,digital_modernization_tmi,0.0841889117043121,0.0841889117043121,0.6089758546704391,0.0841889117043121,seen_city,train_indicator,train
Cologne,Cologne,Germany,High income,Europe & Central Asia,north,5473_8523.png,5473_8523.png,8523,5473,7.283935538516959,51.15867652763647,7.27294921875,51.15178610143037,7.294921875,51.16556659836182,2.355569475029512,digital_total_cell_intensity,0.6338124572210815,6.310665752430647,549.411264497925,0.6338124572210815,seen_city,train_indicator,train
Faisalabad,Faisalabad,Pakistan,Lower middle income,"Middle East, North Africa, Afghanistan & Pakistan",north,6678_11535.png,6678_11535.png,11535,6678,73.46557615794515,31.531725842032724,73.45458984375,31.52236147042144,73.4765625,31.54108987958581,4.332102777440033,digital_modernization_tmi,0.4975609756097561,0.4975609756097561,0.3508079334528782,0.4975609756097561,seen_city,train_indicator,train
Mianyang,Mianyang,China,Upper middle income,East Asia & Pacific,north,6677_12956.png,6677_12956.png,12956,6677,104.6887207003004,31.550452373038084,104.677734375,31.54108987958581,104.69970703125,31.55981453201842,4.328208292578908,food_accessibility,0.6294117647058823,1.57587190389881e-07,1.5758720280674296e-07,0.6294117647058823,seen_city,train_indicator,train
Phoenix,Phoenix,United States,High income,North America,north,6571_3099.png,6571_3099.png,3099,6571,-111.89575196089912,33.51391911120067,-111.90673828125,33.504759069226075,-111.884765625,33.52307880890421,4.145386236550015,education_accessibility,0.8760806916426513,2.8607192849747443,16.474091268667504,0.8760806916426513,seen_city,train_indicator,train
Auckland,Auckland,New Zealand,High income,East Asia & Pacific,south,10017_16155.png,10017_16155.png,16155,10017,174.97924803088875,-37.186578266950775,174.96826171875,-37.19533058280064,174.990234375,-37.17782559332975,3.790291627000385,digital_modernization_tmi,0.0626911314984709,0.0626911314984709,0.949646892209878,0.0626911314984709,seen_city,train_indicator,train
Munich,Munich,Germany,High income,Europe & Central Asia,north,5686_8712.png,5686_8712.png,8712,5686,11.436767591583328,48.12943403548283,11.42578125,48.122101028190805,11.44775390625,48.13676667969269,2.6672378741492984,nighttime_light_intensity,0.8638059701492538,2.214243062289585,,0.8638059701492538,seen_city,train_indicator,train
Perth,Perth,Australia,High income,East Asia & Pacific,south,9725_13459.png,9725_13459.png,13459,9725,115.74096678553894,-31.905541151404336,115.72998046875,-31.914867503276216,115.751953125,-31.89621446335143,4.296894291949013,digital_modernization_tmi,0.478021978021978,0.478021978021978,1.4177435280116963,0.478021978021978,seen_city,train_indicator,train
Cologne,Cologne,Germany,High income,Europe & Central Asia,north,5512_8497.png,5512_8497.png,8497,5512,6.712646472972164,50.61810256686024,6.70166015625,50.61113171332363,6.7236328125,50.62507306341436,2.41127985960079,population_count,0.6173853524982889,7.315560018571751,,0.6173853524982889,seen_city,train_indicator,train
Lahore,Lahore,Pakistan,Lower middle income,"Middle East, North Africa, Afghanistan & Pakistan",north,6672_11582.png,6672_11582.png,11582,6672,74.4982910110817,31.64402864208282,74.4873046875,31.63467554954134,74.50927734375,31.653381399663985,4.319752976457637,digital_total_cell_intensity,0.0967336683417085,0.8650075124421008,1.375023928139841,0.0967336683417085,seen_city,train_indicator,train
Phoenix,Phoenix,United States,High income,North America,north,6570_3104.png,6570_3104.png,3104,6570,-111.78588867869269,33.53223691113378,-111.796875,33.52307880890421,-111.77490234375,33.54139466898275,4.143483944504752,education_accessibility,0.4104569781803211,0.46736201583801,0.5957789961324007,0.4104569781803211,seen_city,train_indicator,train
Guiyang,Guiyang,China,Upper middle income,East Asia & Pacific,north,6936_13053.png,6936_13053.png,13053,6936,106.82006837760208,26.578701998451653,106.80908203125,26.56887654795064,106.8310546875,26.588527147308625,4.765919044197811,digital_total_cell_intensity,0.2125435540069686,1.448327684834005,3.255991201983174,0.2125435540069686,seen_city,train_indicator,train
Oslo,Oslo,Norway,High income,Europe & Central Asia,north,4789_8696.png,4789_8696.png,8696,4789,11.085205084690418,59.65109140909459,11.07421875,59.645540251443215,11.09619140625,59.65664225341023,1.5316817060158514,education_accessibility,0.2957236842105263,0.6379741932894657,0.8926428644639322,0.2957236842105263,seen_city,train_indicator,train
Algiers,Algiers,Algeria,Upper middle income,"Middle East, North Africa, Afghanistan & Pakistan",north,6400_8310.png,6400_8310.png,8310,6400,2.6037597624398905,36.5890680454992,2.5927734375,36.58024660149864,2.61474609375,36.59788913307021,3.846639497843397,nighttime_light_intensity,0.2178030303030303,2.007404400061449,,0.2178030303030303,seen_city,train_indicator,train
Niigata,Niigata,Japan,High income,East Asia & Pacific,north,6328_14525.png,6328_14525.png,14525,6328,139.16381834510872,37.84883217601355,139.15283203125,37.84015683604134,139.1748046875,37.85750715625204,3.723607930093008,digital_modernization_tmi,0.6175438596491228,0.6175438596491228,1.93682046763822,0.6175438596491228,seen_city,train_indicator,train
Algiers,Algiers,Algeria,Upper middle income,"Middle East, North Africa, Afghanistan & Pakistan",north,6394_8330.png,6394_8330.png,8330,6394,3.04321289097139,36.694850615283066,3.0322265625,36.686041276581925,3.05419921875,36.70365959719454,3.8360628537886674,population_count,0.8011363636363636,9.716100290157373,,0.8011363636363636,seen_city,train_indicator,train
Alexandria,Alexandria,Egypt,Lower middle income,"Middle East, North Africa, Afghanistan & Pakistan",north,6698_9560.png,6698_9560.png,9560,6698,30.069580106222904,31.156408113707176,30.05859375,31.14700630855656,30.08056640625,31.16580958786196,4.373411062894316,digital_modernization_tmi,0.8151815181518152,0.8151815181518152,0.8523718850199126,0.8151815181518152,seen_city,train_indicator,train
Auckland,Auckland,New Zealand,High income,East Asia & Pacific,south,9989_16144.png,9989_16144.png,16144,9989,174.73754880999016,-36.69485061494725,174.7265625,-36.70365959719454,174.74853515625,-36.686041276581925,3.839925557393716,food_accessibility,0.6941896024464832,1.915475120306714,5.790164175602953,0.6941896024464832,seen_city,train_indicator,train
Birmingham,Birmingham,United Kingdom,High income,Europe & Central Asia,north,5366_8088.png,5366_8088.png,8088,5366,-2.2741699185624173,52.609719058642135,-2.28515625,52.6030475337285,-2.26318359375,52.61639023304538,2.208357102896945,digital_total_cell_intensity,0.987736900780379,8.656400724234118,5745.8130285709885,0.987736900780379,seen_city,train_indicator,train
Phoenix,Phoenix,United States,High income,North America,north,6580_3078.png,6580_3078.png,3078,6580,-112.3571777461996,33.348884480190755,-112.3681640625,33.33970700424027,-112.34619140625,33.35806161277886,4.1619602355727405,digital_total_cell_intensity,0.293124742692466,2.6677700158022555,13.407804166766168,0.293124742692466,seen_city,train_indicator,train
Phoenix,Phoenix,United States,High income,North America,north,6579_3069.png,6579_3069.png,3069,6579,-112.55493165416684,33.367237153697666,-112.56591796875,33.35806161277886,-112.5439453125,33.37641235124678,4.160732516224706,digital_modernization_tmi,0.9221902017291066,0.9221902017291066,1.7505193361013325,0.9221902017291066,seen_city,train_indicator,train
Auckland,Auckland,New Zealand,High income,East Asia & Pacific,south,10001_16145.png,10001_16145.png,16145,10001,174.75952146651676,-36.90597955782125,174.74853515625,-36.91476428895593,174.7705078125,-36.89719446989034,3.818898794390303,food_accessibility,0.963302752293578,3.207282470507748,23.7118397405176,0.963302752293578,seen_city,train_indicator,train
Algiers,Algiers,Algeria,Upper middle income,"Middle East, North Africa, Afghanistan & Pakistan",north,6396_8320.png,6396_8320.png,8320,6396,2.8234863267087613,36.65960590032787,2.8125,36.6507925250347,2.83447265625,36.66841891894785,3.839571054875399,food_accessibility,0.5928030303030303,0.980551424032322,1.6659258922973137,0.5928030303030303,seen_city,train_indicator,train
Warsaw,Warsaw,Poland,High income,Europe & Central Asia,north,5397_9119.png,5397_9119.png,9119,5397,20.379638668989344,52.19413940751154,20.36865234375,52.187404745599686,20.390625,52.20087371733219,2.2501074418249707,nighttime_light_intensity,0.6663296258847321,1.8604665472656097,,0.6663296258847321,seen_city,train_indicator,train
Dhaka,Dhaka,Bangladesh,Lower middle income,South Asia,north,7064_12291.png,7064_12291.png,12291,7064,90.07690426631008,24.0364304731195,90.06591796875,24.02639666601733,90.087890625,24.04646399966657,4.974744031321817,digital_modernization_tmi,0.0977443609022556,0.0977443609022556,0.1708751733341895,0.0977443609022556,seen_city,train_indicator,train
Oslo,Oslo,Norway,High income,Europe & Central Asia,north,4761_8698.png,4761_8698.png,8698,4761,11.129150397204471,59.96051013804464,11.1181640625,59.95501026206206,11.14013671875,59.966009702748345,1.5036196896009868,digital_modernization_tmi,0.6194078947368421,0.6194078947368421,1.2472724727297495,0.6194078947368421,seen_city,train_indicator,train
Cordoba,Cordoba,Argentina,Upper middle income,Latin America & Caribbean ,south,9698_5275.png,9698_5275.png,5275,9698,-64.08325196298695,-31.40053502519736,-64.09423828125,-31.409912194070984,-64.072265625,-31.391157522824702,4.34300429009774,population_count,0.5714285714285714,5.744083215481431,,0.5714285714285714,seen_city,train_indicator,train
Buenos Aires,Buenos Aires,Argentina,Upper middle income,Latin America & Caribbean ,south,9899_5531.png,9899_5531.png,5531,9899,-58.45825196530556,-35.092944993671566,-58.46923828125,-35.10193405724606,-58.447265625,-35.083955579276434,3.994816280092676,population_count,0.202991452991453,3.211694001115111,,0.202991452991453,seen_city,train_indicator,train
Warsaw,Warsaw,Poland,High income,Europe & Central Asia,north,5408_9141.png,5408_9141.png,9141,5408,20.863037108733582,52.04573370587019,20.85205078125,52.038976583076206,20.8740234375,52.05249047600099,2.2649698386291424,food_accessibility,0.5080889787664308,1.6632660348736554,4.2765160181309465,0.5080889787664308,seen_city,train_indicator,train
Perth,Perth,Australia,High income,East Asia & Pacific,south,9721_13467.png,9721_13467.png,13467,9721,115.91674803710558,-31.83089875933499,115.90576171875,-31.84023266790936,115.927734375,-31.82156451492073,4.3034034583391865,digital_total_cell_intensity,0.592032967032967,4.906619611811583,134.18167463905343,0.592032967032967,seen_city,train_indicator,train
Lahore,Lahore,Pakistan,Lower middle income,"Middle East, North Africa, Afghanistan & Pakistan",north,6687_11578.png,6687_11578.png,11578,6687,74.41040038525298,31.363018189893296,74.3994140625,31.353636941500994,74.42138671875,31.37239910488051,4.345640793907806,population_count,0.3241206030150754,7.413434903796144,,0.3241206030150754,seen_city,train_indicator,train
Phoenix,Phoenix,United States,High income,North America,north,6581_3105.png,6581_3105.png,3105,6581,-111.76391602228352,33.33052793719357,-111.77490234375,33.32134852669881,-111.7529296875,33.33970700424027,4.162580029354792,nighttime_light_intensity,0.8600247015232606,3.558616922097037,,0.8600247015232606,seen_city,train_indicator,train
Phoenix,Phoenix,United States,High income,North America,north,6578_3082.png,6578_3082.png,3082,6578,-112.26928712042434,33.38558595669512,-112.2802734375,33.37641235124678,-112.25830078125,33.394759218577974,4.158276908105686,digital_modernization_tmi,0.2597776862906545,0.2597776862906545,1.5075311687516884,0.2597776862906545,seen_city,train_indicator,train
Birmingham,Birmingham,United Kingdom,High income,Europe & Central Asia,north,5381_8112.png,5381_8112.png,8112,5381,-1.7468261661032771,52.409120918774505,-1.7578125,52.40241887397332,-1.73583984375,52.415822612378776,2.2287727171778937,digital_modernization_tmi,0.2608695652173913,0.2608695652173913,0.9895281101813836,0.2608695652173913,seen_city,train_indicator,train
Luanda,Luanda,Angola,Lower middle income,Sub-Saharan Africa ,south,8594_8797.png,8594_8797.png,8797,8594,13.304443338543422,-8.80908225156418,13.29345703125,-8.819938928283143,13.3154296875,-8.798225459016347,5.805592386054139,digital_total_cell_intensity,0.8820224719101124,5.749105507476488,312.9097447462665,0.8820224719101124,seen_city,train_indicator,train
Oslo,Oslo,Norway,High income,Europe & Central Asia,north,4746_8707.png,4746_8707.png,8707,4746,11.326904303992936,60.125091393490784,11.31591796875,60.11961885993202,11.337890625,60.13056361691419,1.4888502886086643,nighttime_light_intensity,0.7888157894736842,2.100576302941564,,0.7888157894736842,seen_city,train_indicator,train
Jerusalem,Jerusalem,Israel,High income,"Middle East, North Africa, Afghanistan & Pakistan",north,6667_9789.png,6667_9789.png,9789,6667,35.10131837836604,31.737510821918608,35.09033203125,31.728167146023942,35.1123046875,31.7468541629214,4.315119222744417,digital_modernization_tmi,0.1320754716981132,0.1320754716981132,0.8789946875316806,0.1320754716981132,seen_city,train_indicator,train
Auckland,Auckland,New Zealand,High income,East Asia & Pacific,south,9995_16139.png,9995_16139.png,16139,9995,174.62768552791286,-36.80048783875841,174.61669921875,-36.80928470205939,174.638671875,-36.79169061907076,3.8298302936750472,population_count,0.7232415902140673,7.57237884186622,,0.7232415902140673,seen_city,train_indicator,train
Havana,Havana,Cuba,Upper middle income,Latin America & Caribbean ,north,7116_4445.png,7116_4445.png,4445,7116,-82.32055665465482,22.98873791843181,-82.33154296875,22.97862397038491,-82.3095703125,22.99885159414292,5.044888223962348,digital_modernization_tmi,0.4739336492890995,0.4739336492890995,0.2331905378205782,0.4739336492890995,seen_city,train_indicator,train
Oslo,Oslo,Norway,High income,Europe & Central Asia,north,4765_8670.png,4765_8670.png,8670,4765,10.513916020317154,59.91648315348864,10.5029296875,59.91097597079679,10.52490234375,59.92199002450385,1.5073464750450924,digital_total_cell_intensity,0.8953947368421052,5.802073061954542,329.98500159696255,0.8953947368421052,seen_city,train_indicator,train
Cologne,Cologne,Germany,High income,Europe & Central Asia,north,5482_8498.png,5482_8498.png,8498,5482,6.734619129533498,51.03448529581464,6.7236328125,51.027576337802415,6.74560546875,51.04139389812637,2.368819910706455,population_count,0.0444900752908966,1.692358763122856,,0.0444900752908966,seen_city,train_indicator,train
Cologne,Cologne,Germany,High income,Europe & Central Asia,north,5500_8500.png,5500_8500.png,8500,5500,6.778564442129987,50.78510134778235,6.767578125,50.778155274659234,6.78955078125,50.792047064406844,2.394160686115342,nighttime_light_intensity,0.8165639972621492,2.212099434275272,,0.8165639972621492,seen_city,train_indicator,train
Buenos Aires,Buenos Aires,Argentina,Upper middle income,Latin America & Caribbean ,south,9883_5523.png,9883_5523.png,5523,9883,-58.634033216871885,-34.804782600722696,-58.64501953125,-34.81380331711314,-58.623046875,-34.79576153473033,4.023206903818081,food_accessibility,0.5883190883190883,2.4867703798465035,11.022385614593752,0.5883190883190883,seen_city,train_indicator,train
Vienna,Vienna,Austria,High income,Europe & Central Asia,north,5677_8936.png,5677_8936.png,8936,5677,16.358642585591955,48.26125531040302,16.34765625,48.25394114463432,16.36962890625,48.26856911296433,2.6521495825932484,population_count,0.8839645447219984,8.028562786886777,,0.8839645447219984,seen_city,train_indicator,train
Oslo,Oslo,Norway,High income,Europe & Central Asia,north,4756_8661.png,4756_8661.png,8661,4756,10.316162113430066,60.01546171298466,10.30517578125,60.00997096118039,10.3271484375,60.02095215374802,1.498330083790791,nighttime_light_intensity,0.1873355263157894,0.0,,0.1873355263157894,seen_city,train_indicator,train
Warsaw,Warsaw,Poland,High income,Europe & Central Asia,north,5387_9160.png,5387_9160.png,9160,5387,21.280517579421915,52.32862515472583,21.26953125,52.32191088594772,21.29150390625,52.335339071889386,2.2364904725472474,food_accessibility,0.6071789686552073,1.9569152294733445,6.077461013482249,0.6071789686552073,seen_city,train_indicator,train
Birmingham,Birmingham,United Kingdom,High income,Europe & Central Asia,north,5380_8110.png,5380_8110.png,8110,5380,-1.7907714788090388,52.42252262074427,-1.8017578125,52.415822612378776,-1.77978515625,52.42922227795512,2.227397622826063,food_accessibility,0.7034559643255296,3.586198249720109,35.096584537744576,0.7034559643255296,seen_city,train_indicator,train
Buenos Aires,Buenos Aires,Argentina,Upper middle income,Latin America & Caribbean ,south,9860_5512.png,9860_5512.png,5512,9860,-58.87573243781711,-34.388778937339964,-58.88671875,-34.39784494644986,-58.86474609375,-34.37971258046219,4.064078492696717,digital_total_cell_intensity,0.495014245014245,4.352972675960638,76.70912395986343,0.495014245014245,seen_city,train_indicator,train
Birmingham,Birmingham,United Kingdom,High income,Europe & Central Asia,north,5376_8088.png,5376_8088.png,8088,5376,-2.274169918541987,52.4760887079316,-2.28515625,52.469396842762045,-2.26318359375,52.48278022207821,2.221777101519253,food_accessibility,0.2374581939799331,2.2378087673765226,8.372770848062114,0.2374581939799331,seen_city,train_indicator,train
Perth,Perth,Australia,High income,East Asia & Pacific,south,9718_13465.png,9718_13465.png,13465,9718,115.87280272419667,-31.77487731474904,115.86181640625,-31.78421688448737,115.8837890625,-31.765537409484374,4.308668303288435,digital_total_cell_intensity,0.3502747252747252,3.883915217993163,47.61417806009235,0.3502747252747252,seen_city,train_indicator,train
Buenos Aires,Buenos Aires,Argentina,Upper middle income,Latin America & Caribbean ,south,9875_5513.png,9875_5513.png,5513,9875,-58.85375978127605,-34.6603220465549,-58.86474609375,-34.66935854524544,-58.8427734375,-34.65128519895414,4.037816861786267,education_accessibility,0.4700854700854701,1.7576057071725115,4.798537364250513,0.4700854700854701,seen_city,train_indicator,train
Warsaw,Warsaw,Poland,High income,Europe & Central Asia,north,5413_9141.png,5413_9141.png,9141,5413,20.863037108731632,51.978113150838105,20.85205078125,51.97134580885172,20.8740234375,51.98488013991663,2.2717910507181407,food_accessibility,0.5844287158746209,1.8898463817682545,5.618351903430811,0.5844287158746209,seen_city,train_indicator,train
Algiers,Algiers,Algeria,Upper middle income,"Middle East, North Africa, Afghanistan & Pakistan",north,6397_8317.png,6397_8317.png,8317,6397,2.757568357428972,36.64197748861714,2.74658203125,36.63316209558656,2.7685546875,36.6507925250347,3.84133509642168,digital_total_cell_intensity,0.7102272727272727,5.457662359957606,233.5484930640462,0.7102272727272727,seen_city,train_indicator,train
Cologne,Cologne,Germany,High income,Europe & Central Asia,north,5482_8498.png,5482_8498.png,8498,5482,6.734619129533498,51.03448529581464,6.7236328125,51.027576337802415,6.74560546875,51.04139389812637,2.368819910706455,education_accessibility,0.8295687885010267,3.5127105639286302,32.53905443800478,0.8295687885010267,seen_city,train_indicator,train
Dazhou,Dazhou,China,Upper middle income,East Asia & Pacific,north,6701_13083.png,6701_13083.png,13083,6701,107.47924806959534,31.09998149344951,107.46826171875,31.09057409495418,107.490234375,31.10938856081496,4.3753577208251695,digital_total_cell_intensity,0.2,1.272207468179869,2.568721713334844,0.2,seen_city,train_indicator,train
Cologne,Cologne,Germany,High income,Europe & Central Asia,north,5478_8515.png,5478_8515.png,8515,5478,7.108154287633466,51.08972258114562,7.09716796875,51.08282186160977,7.119140625,51.096622945029935,2.3627582892834003,population_count,0.809719370294319,8.328502275630862,,0.809719370294319,seen_city,train_indicator,train
Phoenix,Phoenix,United States,High income,North America,north,6559_3097.png,6559_3097.png,3097,6559,-111.93969727373832,33.73347639217807,-111.95068359375,33.7243396617476,-111.9287109375,33.74261277734688,4.124575275449853,food_accessibility,0.4598600247015232,0.3563700127827443,0.4281358790439881,0.4598600247015232,seen_city,train_indicator,train
Cologne,Cologne,Germany,High income,Europe & Central Asia,north,5475_8517.png,5475_8517.png,8517,5475,7.152099600364339,51.13110730071049,7.14111328125,51.12421275782688,7.1630859375,51.13800148806256,2.358504379059476,population_count,0.4907597535934291,6.65666628512331,,0.4907597535934291,seen_city,train_indicator,train
Cordoba,Cordoba,Argentina,Upper middle income,Latin America & Caribbean ,south,9709_5267.png,9709_5267.png,5267,9709,-64.25903321453595,-31.60660941637792,-64.27001953125,-31.61596593647608,-64.248046875,-31.597252561706654,4.324475557034254,population_count,0.0333333333333333,0.0,,0.0333333333333333,seen_city,train_indicator,train
Brisbane,Brisbane,Australia,High income,East Asia & Pacific,south,9490_15154.png,9490_15154.png,15154,9490,152.9846191404733,-27.4205378748678,152.9736328125,-27.43028973886259,152.99560546875,-27.410785702577023,4.692030882515818,nighttime_light_intensity,0.9325997248968364,3.2663267515367083,,0.9325997248968364,seen_city,train_indicator,train
Buenos Aires,Buenos Aires,Argentina,Upper middle income,Latin America & Caribbean ,south,9884_5519.png,9884_5519.png,5519,9884,-58.721923842604845,-34.822822408288395,-58.73291015625,-34.83184114982866,-58.7109375,-34.81380331711314,4.021705161230506,food_accessibility,0.1431623931623931,0.1234687585783196,0.1314146569875334,0.1431623931623931,seen_city,train_indicator,train
Perth,Perth,Australia,High income,East Asia & Pacific,south,9721_13482.png,9721_13482.png,13482,9721,116.24633788382808,-31.830898759376662,116.2353515625,-31.84023266790936,116.25732421875,-31.82156451492073,4.302827817286356,population_count,0.3956043956043956,4.806432235668555,,0.3956043956043956,seen_city,train_indicator,train
Birmingham,Birmingham,United Kingdom,High income,Europe & Central Asia,north,5375_8090.png,5375_8090.png,8090,5375,-2.2302246058423845,52.489470052071134,-2.2412109375,52.48278022207821,-2.21923828125,52.4961595310971,2.2204490636287293,nighttime_light_intensity,0.0445930880713489,0.0580839044823721,,0.0445930880713489,seen_city,train_indicator,train
Faisalabad,Faisalabad,Pakistan,Lower middle income,"Middle East, North Africa, Afghanistan & Pakistan",north,6689_11516.png,6689_11516.png,11516,6689,73.048095685325,31.325486375082487,73.037109375,31.31610138349563,73.05908203125,31.3348710339506,4.352441031715007,population_count,0.775609756097561,9.450665495143587,,0.775609756097561,seen_city,train_indicator,train
Lahore,Lahore,Pakistan,Lower middle income,"Middle East, North Africa, Afghanistan & Pakistan",north,6664_11556.png,6664_11556.png,11556,6664,73.92700194344008,31.793554903418546,73.916015625,31.78421688448737,73.93798828125,31.80289258670676,4.3068307926341935,nighttime_light_intensity,0.1180904522613065,0.8153950329099529,,0.1180904522613065,seen_city,train_indicator,train
Phoenix,Phoenix,United States,High income,North America,north,6552_3092.png,6552_3092.png,3092,6552,-112.04956055590937,33.86129279907723,-112.060546875,33.8521697014074,-112.03857421875,33.87041555094183,4.112576712791495,digital_modernization_tmi,0.1337999176615891,0.1337999176615891,1.3673045502548924,0.1337999176615891,seen_city,train_indicator,train
Buenos Aires,Buenos Aires,Argentina,Upper middle income,Latin America & Caribbean ,south,9892_5508.png,9892_5508.png,5508,9892,-58.963623063328406,-34.966998587067934,-58.974609375,-34.97600151317588,-58.95263671875,-34.95799531086791,4.008464978187874,digital_modernization_tmi,0.7628205128205128,0.7628205128205128,1.0475619034271804,0.7628205128205128,seen_city,train_indicator,train
Oslo,Oslo,Norway,High income,Europe & Central Asia,north,4768_8681.png,4768_8681.png,8681,4768,10.755615239826636,59.88342454172848,10.74462890625,59.87791187483114,10.7666015625,59.88893689676584,1.510432134644064,population_count,0.9210526315789472,7.300695010996312,,0.9210526315789472,seen_city,train_indicator,train
Warsaw,Warsaw,Poland,High income,Europe & Central Asia,north,5419_9143.png,5419_9143.png,9143,5419,20.906982421436453,51.89683354815032,20.89599609375,51.89005393521691,20.91796875,51.90361280788356,2.279992452283952,food_accessibility,0.3402426693629929,1.229941095606915,2.4210280167754847,0.3402426693629929,seen_city,train_indicator,train
Munich,Munich,Germany,High income,Europe & Central Asia,north,5687_8725.png,5687_8725.png,8725,5687,11.722412124418115,48.114766289821205,11.71142578125,48.10743118848039,11.7333984375,48.122101028190805,2.6692890461461545,digital_total_cell_intensity,0.7369402985074627,6.472987197074749,646.4147968732736,0.7369402985074627,seen_city,train_indicator,train
Niigata,Niigata,Japan,High income,East Asia & Pacific,north,6333_14511.png,6333_14511.png,14511,6333,138.85620115517906,37.762029555472346,138.84521484375,37.75334401310657,138.8671875,37.77071473849609,3.7331773481458654,population_count,0.3894736842105263,6.929842356937667,,0.3894736842105263,seen_city,train_indicator,train
Oslo,Oslo,Norway,High income,Europe & Central Asia,north,4752_8675.png,4752_8675.png,8675,4752,10.623779301863877,60.05935731114707,10.61279296875,60.05387385148492,10.634765625,60.064840460104506,1.494468414685381,education_accessibility,0.169078947368421,0.2511274267515603,0.2854738776555933,0.169078947368421,seen_city,train_indicator,train
Buenos Aires,Buenos Aires,Argentina,Upper middle income,Latin America & Caribbean ,south,9893_5538.png,9893_5538.png,5538,9893,-58.30444337030016,-34.985002810602275,-58.3154296875,-34.99400375757576,-58.29345703125,-34.97600151317588,4.004944934403424,nighttime_light_intensity,0.2186609686609686,1.1445625600440883,,0.2186609686609686,seen_city,train_indicator,train
Warsaw,Warsaw,Poland,High income,Europe & Central Asia,north,5385_9144.png,5385_9144.png,9144,5385,20.92895507779694,52.35547337512586,20.91796875,52.34876318198808,20.93994140625,52.362183216744256,2.2337709549933504,digital_total_cell_intensity,0.7846309403437816,6.482831094018289,652.8193525886979,0.7846309403437816,seen_city,train_indicator,train
Phoenix,Phoenix,United States,High income,North America,north,6564_3107.png,6564_3107.png,3107,6564,-111.71997070935468,33.64206219140331,-111.73095703125,33.63291573870477,-111.708984375,33.65120829920498,4.132958365985956,nighttime_light_intensity,0.3034170440510498,0.5446615759943142,,0.3034170440510498,seen_city,train_indicator,train
Luanda,Luanda,Angola,Lower middle income,Sub-Saharan Africa ,south,8605_8803.png,8605_8803.png,8803,8605,13.43627927768975,-9.04785258687063,13.42529296875,-9.058702156392131,13.447265625,-9.037002898469416,5.797342898853679,digital_total_cell_intensity,0.4016853932584269,3.632635992146751,36.81235844371451,0.4016853932584269,seen_city,train_indicator,train
Phoenix,Phoenix,United States,High income,North America,north,6579_3124.png,6579_3124.png,3124,6579,-111.34643554989204,33.36723715385441,-111.357421875,33.35806161277886,-111.33544921875,33.37641235124678,4.158692128330159,food_accessibility,0.0518731988472622,0.0002380611629555,0.0002380895017629,0.0518731988472622,seen_city,train_indicator,train
Brisbane,Brisbane,Australia,High income,East Asia & Pacific,south,9486_15150.png,9486_15150.png,15150,9486,152.89672851460514,-27.342494191327305,152.8857421875,-27.352252938063845,152.90771484375,-27.33273513685914,4.698597747339359,population_count,0.3617606602475928,6.180807394065274,,0.3617606602475928,seen_city,train_indicator,train
Birmingham,Birmingham,United Kingdom,High income,Europe & Central Asia,north,5372_8099.png,5372_8099.png,8099,5372,-2.03247069869318,52.52958966626249,-2.04345703125,52.52290594027807,-2.021484375,52.536273041459474,2.216504789564958,nighttime_light_intensity,0.9509476031215162,3.602534767955808,,0.9509476031215162,seen_city,train_indicator,train
Warsaw,Warsaw,Poland,High income,Europe & Central Asia,north,5405_9122.png,5405_9122.png,9122,5405,20.44555663803329,52.08625699796416,20.4345703125,52.079506003796965,20.45654296875,52.09300763963823,2.260959142919756,population_count,0.2189079878665318,4.6015219008665404,,0.2189079878665318,seen_city,train_indicator,train
Niigata,Niigata,Japan,High income,East Asia & Pacific,north,6330_14519.png,6330_14519.png,14519,6330,139.03198240656988,37.814123371223154,139.02099609375,37.80544394934272,139.04296875,37.82280243352756,3.727442715055502,nighttime_light_intensity,0.7228070175438597,1.455452244384818,,0.7228070175438597,seen_city,train_indicator,train
Rawalpindi,Rawalpindi,Pakistan,Lower middle income,"Middle East, North Africa, Afghanistan & Pakistan",south,6561_11517.png,6561_11517.png,11517,6561,73.07006834269725,33.69692237912511,73.05908203125,33.68778175843937,73.0810546875,33.706062655101206,4.13054243539404,education_accessibility,0.9478827361563518,4.212274881573311,66.50994238155822,0.9478827361563518,seen_city,train_indicator,train
Vienna,Vienna,Austria,High income,Europe & Central Asia,north,5690_8921.png,5690_8921.png,8921,5690,16.029052740073553,48.0707379224589,16.01806640625,48.06339653776212,16.0400390625,48.07807894349861,2.671525581049798,education_accessibility,0.4222401289282836,1.0006356334858602,1.7200102086631923,0.4222401289282836,seen_city,train_indicator,train
Phoenix,Phoenix,United States,High income,North America,north,6567_3110.png,6567_3110.png,3110,6567,-111.65405274004164,33.58716702596763,-111.6650390625,33.57801474614399,-111.64306640625,33.596318961132695,4.138098327640203,digital_total_cell_intensity,0.7146974063400576,4.795526000890479,119.96799432419508,0.7146974063400576,seen_city,train_indicator,train
Cologne,Cologne,Germany,High income,Europe & Central Asia,north,5503_8497.png,5503_8497.png,8497,5503,6.712646473033584,50.74340740249113,6.70166015625,50.73645513701065,6.7236328125,50.75035931136964,2.398498150627036,population_count,0.3148528405201916,5.673947755475186,,0.3148528405201916,seen_city,train_indicator,train
Vienna,Vienna,Austria,High income,Europe & Central Asia,north,5689_8933.png,5689_8933.png,8933,5689,16.29272461652925,48.08541823369836,16.28173828125,48.07807894349861,16.3037109375,48.09275716032736,2.67023319059389,digital_total_cell_intensity,0.8670427074939565,6.990225230289159,1084.9660410886258,0.8670427074939565,seen_city,train_indicator,train
Buenos Aires,Buenos Aires,Argentina,Upper middle income,Latin America & Caribbean ,south,9900_5539.png,9900_5539.png,5539,9900,-58.28247071383247,-35.11092148959917,-58.29345703125,-35.11990857099681,-58.271484375,-35.10193405724606,3.992675927261392,education_accessibility,0.0954415954415954,0.0520452446961525,0.053423403256959,0.0954415954415954,seen_city,train_indicator,train
Warsaw,Warsaw,Poland,High income,Europe & Central Asia,north,5380_9149.png,5380_9149.png,9149,5380,21.0388183595537,52.42252262080027,21.02783203125,52.415822612378776,21.0498046875,52.42922227795512,2.2270281637576024,food_accessibility,0.4337714863498483,1.4652939074649352,3.32881532449229,0.4337714863498483,seen_city,train_indicator,train
Vienna,Vienna,Austria,High income,Europe & Central Asia,north,5669_8923.png,5669_8923.png,8923,5669,16.072998052745078,48.37814512828636,16.06201171875,48.37084770238364,16.083984375,48.38544219115484,2.6398450694713813,population_count,0.0217566478646253,0.0,,0.0217566478646253,seen_city,train_indicator,train
Lahore,Lahore,Pakistan,Lower middle income,"Middle East, North Africa, Afghanistan & Pakistan",north,6675_11562.png,6675_11562.png,11562,6675,74.05883788209162,31.58789416137381,74.0478515625,31.578535426473373,74.06982421875,31.597252561706654,4.325525422173594,digital_total_cell_intensity,0.0188442211055276,0.2345212118758298,0.2643032903957489,0.0188442211055276,seen_city,train_indicator,train
Oslo,Oslo,Norway,High income,Europe & Central Asia,north,4753_8675.png,4753_8675.png,8675,4753,10.623779301867216,60.048388880177455,10.61279296875,60.04290359809165,10.634765625,60.05387385148492,1.4954588256977084,food_accessibility,0.4243421052631579,0.6120319711768939,0.8441749043967187,0.4243421052631579,seen_city,train_indicator,train
Warsaw,Warsaw,Poland,High income,Europe & Central Asia,north,5393_9142.png,5393_9142.png,9142,5393,20.885009765091407,52.24798265135743,20.8740234375,52.24125614966341,20.89599609375,52.254708801130825,2.244589601362312,digital_total_cell_intensity,0.9049544994944388,7.315324401490539,1502.159344087582,0.9049544994944388,seen_city,train_indicator,train
Perth,Perth,Australia,High income,East Asia & Pacific,south,9730_13475.png,9730_13475.png,13475,9730,116.09252928872132,-31.99875906699664,116.08154296875,-32.008075959291055,116.103515625,-31.98944183792288,4.287544595705014,digital_modernization_tmi,0.2005494505494505,0.2005494505494505,1.3163422630436097,0.2005494505494505,seen_city,train_indicator,train
Lahore,Lahore,Pakistan,Lower middle income,"Middle East, North Africa, Afghanistan & Pakistan",north,6673_11574.png,6673_11574.png,11574,6673,74.32250975948737,31.625320910423763,74.3115234375,31.61596593647608,74.33349609375,31.63467554954134,4.321673113116402,nighttime_light_intensity,0.5816582914572864,1.8751820026735184,,0.5816582914572864,seen_city,train_indicator,train
Vienna,Vienna,Austria,High income,Europe & Central Asia,north,5703_8941.png,5703_8941.png,8941,5703,16.46850586756768,47.879512591934926,16.45751953125,47.8721439688873,16.4794921875,47.88688085106899,2.6916756007966063,digital_modernization_tmi,0.9532634971796938,0.9532634971796938,1.1007610858909689,0.9532634971796938,seen_city,train_indicator,train
Phoenix,Phoenix,United States,High income,North America,north,6565_3091.png,6565_3091.png,3091,6565,-112.07153321240068,33.623767687883145,-112.08251953125,33.61461929233378,-112.060546875,33.63291573870477,4.135250972706732,nighttime_light_intensity,0.7624536846438864,3.201796209524871,,0.7624536846438864,seen_city,train_indicator,train
Buenos Aires,Buenos Aires,Argentina,Upper middle income,Latin America & Caribbean ,south,9867_5520.png,9867_5520.png,5520,9867,-58.69995118627847,-34.51560922090127,-58.7109375,-34.52466147177173,-58.68896484375,-34.5065566216456,4.051327515765852,population_count,0.6894586894586895,9.276572697538947,,0.6894586894586895,seen_city,train_indicator,train
Phoenix,Phoenix,United States,High income,North America,north,6581_3096.png,6581_3096.png,3096,6581,-111.96166993025724,33.33052793717029,-111.97265625,33.32134852669881,-111.95068359375,33.33970700424027,4.162883519347526,nighttime_light_intensity,0.99752984767394,4.651111039189819,,0.99752984767394,seen_city,train_indicator,train
Oslo,Oslo,Norway,High income,Europe & Central Asia,north,4756_8683.png,4756_8683.png,8683,4756,10.79956055241833,60.01546171294989,10.78857421875,60.00997096118039,10.810546875,60.02095215374802,1.4985020237730815,digital_modernization_tmi,0.175328947368421,0.175328947368421,1.0889221552245592,0.175328947368421,seen_city,train_indicator,train
Daegu,Daegu,South Korea,High income,East Asia & Pacific,north,6453_14050.png,6453_14050.png,14050,6453,128.72680663837477,35.64836883513374,128.7158203125,35.63944106897394,128.73779296875,35.65729624809628,3.939037170587564,digital_modernization_tmi,0.2144026186579378,0.2144026186579378,1.8801827744822703,0.2144026186579378,seen_city,train_indicator,train
Khartoum,Khartoum,Sudan,Low income,Sub-Saharan Africa ,north,7474_9667.png,7474_9667.png,9667,7474,32.42065429012165,15.570127678985775,32.40966796875,15.559544421458092,32.431640625,15.580710739162123,5.516059396448583,digital_total_cell_intensity,0.4772727272727273,3.4087562488429817,29.227625226042605,0.4772727272727273,seen_city,train_indicator,train
Port-au-Prince,Port-au-Prince,Haiti,Lower middle income,Latin America & Caribbean ,north,7334_4905.png,7334_4905.png,4905,7334,-72.21313473415233,18.51086550616563,-72.22412109375,18.500447458475087,-72.2021484375,18.521283325496285,5.358176680884419,nighttime_light_intensity,0.3396226415094339,0.189654871816744,,0.3396226415094339,seen_city,train_indicator,train
Luanda,Luanda,Angola,Lower middle income,Sub-Saharan Africa ,south,8598_8802.png,8598_8802.png,8802,8598,13.414306621153312,-8.895925893970785,13.4033203125,-8.906780007520238,13.42529296875,-8.885071663468986,5.802259262708034,education_accessibility,0.6685393258426966,1.0992654583488992,2.00196014912767,0.6685393258426966,seen_city,train_indicator,train
Munich,Munich,Germany,High income,Europe & Central Asia,north,5676_8702.png,5676_8702.png,8702,5676,11.217041027799947,48.275881185668815,11.2060546875,48.26856911296433,11.22802734375,48.28319289548348,2.651741628912537,population_count,0.376865671641791,5.4444027519673295,,0.376865671641791,seen_city,train_indicator,train
Guiyang,Guiyang,China,Upper middle income,East Asia & Pacific,north,6938_13044.png,6938_13044.png,13044,6938,106.62231446938262,26.53939405870004,106.611328125,26.529565238267573,106.63330078125,26.54922257769203,4.76836074112721,digital_total_cell_intensity,0.6236933797909407,3.165376334320174,22.697660597911952,0.6236933797909407,seen_city,train_indicator,train
Oslo,Oslo,Norway,High income,Europe & Central Asia,north,4738_8695.png,4738_8695.png,8695,4738,11.063232428153572,60.21253305459093,11.05224609375,60.20707506634914,11.07421875,60.21799073323445,1.4808403844613574,education_accessibility,0.3470394736842105,0.7881770025079233,1.199383299168538,0.3470394736842105,seen_city,train_indicator,train
Phoenix,Phoenix,United States,High income,North America,north,6594_3089.png,6594_3089.png,3089,6594,-112.11547852540214,33.091541237966084,-112.12646484375,33.082336728563746,-112.1044921875,33.100745405144245,4.185757609951507,nighttime_light_intensity,0.3754631535611362,0.8730934948898441,,0.3754631535611362,seen_city,train_indicator,train
Oslo,Oslo,Norway,High income,Europe & Central Asia,north,4766_8672.png,4766_8672.png,8672,4766,10.5578613329565,59.905467272179926,10.546875,59.89995826181929,10.56884765625,59.91097597079679,1.5083595443167876,nighttime_light_intensity,0.9398026315789474,3.321980463903221,,0.9398026315789474,seen_city,train_indicator,train
Algiers,Algiers,Algeria,Upper middle income,"Middle East, North Africa, Afghanistan & Pakistan",north,6400_8320.png,6400_8320.png,8320,6400,2.823486326706123,36.58906804550746,2.8125,36.58024660149864,2.83447265625,36.59788913307021,3.846544016016046,digital_modernization_tmi,0.0359848484848484,0.0359848484848484,0.4975782867036362,0.0359848484848484,seen_city,train_indicator,train
Alexandria,Alexandria,Egypt,Lower middle income,"Middle East, North Africa, Afghanistan & Pakistan",north,6703_9544.png,6703_9544.png,9544,6703,29.71801760305422,31.06234510963506,29.70703125,31.052933985705145,29.72900390625,31.07175590282012,4.3800156460592055,population_count,0.7293729372937293,9.649880396104583,,0.7293729372937293,seen_city,train_indicator,train
Phoenix,Phoenix,United States,High income,North America,north,6556_3096.png,6556_3096.png,3096,6556,-111.96166993016725,33.788278222180814,-111.97265625,33.779147331286474,-111.95068359375,33.797408767572485,4.119388728816634,education_accessibility,0.861671469740634,2.775420868609876,15.045378570967044,0.861671469740634,seen_city,train_indicator,train
Guiyang,Guiyang,China,Upper middle income,East Asia & Pacific,north,6939_13054.png,6939_13054.png,13054,6939,106.8420410340916,26.519735035434937,106.8310546875,26.50990453141392,106.85302734375,26.529565238267573,4.770868619230829,nighttime_light_intensity,0.313588850174216,1.4787774774972202,,0.313588850174216,seen_city,train_indicator,train
Oslo,Oslo,Norway,High income,Europe & Central Asia,north,4796_8677.png,4796_8677.png,8677,4796,10.667724614651544,59.57328733338255,10.65673828125,59.56772330621296,10.6787109375,59.57885104663186,1.5385812203828937,population_count,0.3809210526315789,1.951579915731586,,0.3809210526315789,seen_city,train_indicator,train
Munich,Munich,Germany,High income,Europe & Central Asia,north,5689_8734.png,5689_8734.png,8734,5689,11.920166031778262,48.08541823337393,11.9091796875,48.07807894349861,11.93115234375,48.09275716032736,2.672729656357723,food_accessibility,0.0522388059701492,0.4540550644930862,0.5746847043027762,0.0522388059701492,seen_city,train_indicator,train
Warsaw,Warsaw,Poland,High income,Europe & Central Asia,north,5377_9168.png,5377_9168.png,9168,5377,21.45629883022168,52.46270329325053,21.4453125,52.45600939264076,21.46728515625,52.469396842762045,2.2230419366733742,population_count,0.4782608695652174,5.557374798214215,,0.4782608695652174,seen_city,train_indicator,train
Pingdingshan,Pingdingshan,China,Upper middle income,East Asia & Pacific,north,6557_13346.png,6557_13346.png,13346,6557,113.2580566601046,33.770014838504224,113.2470703125,33.760882000869174,113.26904296875,33.779147331286474,4.124769261664132,education_accessibility,0.7698412698412699,0.0292819332472319,0.0297148644102816,0.7698412698412699,seen_city,train_indicator,train
Luanda,Luanda,Angola,Lower middle income,Sub-Saharan Africa ,south,8598_8805.png,8598_8805.png,8805,8598,13.480224590713124,-8.895925893977275,13.46923828125,-8.906780007520238,13.4912109375,-8.885071663468986,5.801903708358823,education_accessibility,0.5056179775280899,0.5840983854162324,0.7933733249523337,0.5056179775280899,seen_city,train_indicator,train
Mianyang,Mianyang,China,Upper middle income,East Asia & Pacific,north,6682_12957.png,6682_12957.png,12957,6682,104.7106933567444,31.45678217020639,104.69970703125,31.44741029142872,104.7216796875,31.466153715024284,4.336793259667637,food_accessibility,0.5470588235294118,3.639117930405633e-08,3.6391179966215306e-08,0.5470588235294118,seen_city,train_indicator,train
Cordoba,Cordoba,Argentina,Upper middle income,Latin America & Caribbean ,south,9695_5269.png,9695_5269.png,5269,9695,-64.21508790170077,-31.34425415429837,-64.22607421875,-31.353636941500994,-64.2041015625,-31.3348710339506,4.348454451331377,population_count,0.8571428571428571,9.152360823565962,,0.8571428571428571,seen_city,train_indicator,train
Perth,Perth,Australia,High income,East Asia & Pacific,south,9733_13463.png,9733_13463.png,13463,9733,115.8288574113652,-32.05464438525843,115.81787109375,-32.063955594660406,115.83984375,-32.045332838858506,4.282881485554748,nighttime_light_intensity,0.8255494505494505,2.95939295664122,,0.8255494505494505,seen_city,train_indicator,train
Dhaka,Dhaka,Bangladesh,Lower middle income,South Asia,north,7066_12294.png,7066_12294.png,12294,7066,90.14282223573082,23.99628953942853,90.1318359375,23.9862525998418,90.15380859375,24.006326198751125,4.977337841066799,digital_modernization_tmi,0.1729323308270676,0.1729323308270676,0.2585574046957795,0.1729323308270676,seen_city,train_indicator,train
Munich,Munich,Germany,High income,Europe & Central Asia,north,5694_8710.png,5694_8710.png,8710,5694,11.392822278902043,48.011974784630944,11.3818359375,48.004625021133904,11.40380859375,48.01932418480118,2.679300319203646,digital_total_cell_intensity,0.6772388059701493,6.258292164551127,521.3261308572107,0.6772388059701493,seen_city,train_indicator,train
Perth,Perth,Australia,High income,East Asia & Pacific,south,9720_13480.png,9720_13480.png,13480,9720,116.2023925709288,-31.81222871872073,116.19140625,-31.82156451492073,116.21337890625,-31.80289258670676,4.304616524604423,food_accessibility,0.2486263736263736,0.2656637267626626,0.3042963849661255,0.2486263736263736,seen_city,train_indicator,train
Cologne,Cologne,Germany,High income,Europe & Central Asia,north,5512_8507.png,5512_8507.png,8507,5512,6.932373036566728,50.61810256690056,6.92138671875,50.61113171332363,6.943359375,50.62507306341436,2.410996265481934,education_accessibility,0.6036960985626283,2.8285231914012865,15.920454091909956,0.6036960985626283,seen_city,train_indicator,train
Luanda,Luanda,Angola,Lower middle income,Sub-Saharan Africa ,south,8593_8797.png,8593_8797.png,8797,8593,13.304443338540914,-8.787368145311113,13.29345703125,-8.798225459016347,13.3154296875,-8.776510716052341,5.806265192795124,education_accessibility,0.699438202247191,1.244265742364377,2.470385706402393,0.699438202247191,seen_city,train_indicator,train
Perth,Perth,Australia,High income,East Asia & Pacific,south,9719_13484.png,9719_13484.png,13484,9719,116.29028319671912,-31.79355490346315,116.279296875,-31.80289258670676,116.30126953125,-31.78421688448737,4.306214041015933,digital_modernization_tmi,0.5824175824175825,0.5824175824175825,1.4413894615766918,0.5824175824175825,seen_city,train_indicator,train
Buenos Aires,Buenos Aires,Argentina,Upper middle income,Latin America & Caribbean ,south,9872_5516.png,9872_5516.png,5516,9872,-58.78784181198964,-34.606084274162804,-58.798828125,-34.61512668346219,-58.77685546875,-34.59704151614416,4.042855088700519,education_accessibility,0.7058404558404558,3.0913401983547346,21.00655136519092,0.7058404558404558,seen_city,train_indicator,train
Warsaw,Warsaw,Poland,High income,Europe & Central Asia,north,5379_9155.png,5379_9155.png,9155,5379,21.170654297660125,52.43592025018803,21.15966796875,52.42922227795512,21.181640625,52.44261787120724,2.225688466093325,digital_total_cell_intensity,0.7740141557128413,6.4300578825651264,619.2098463105813,0.7740141557128413,seen_city,train_indicator,train
Harare,Harare,Zimbabwe,Lower middle income,Sub-Saharan Africa ,south,9015_9600.png,9015_9600.png,9600,9015,30.94848630476904,-17.800995851736893,30.9375,-17.811456088564476,30.95947265625,-17.790535393588968,5.396119361922918,digital_total_cell_intensity,0.6854304635761589,4.624154339856821,100.9165498659173,0.6854304635761589,seen_city,train_indicator,train
Arequipa,Arequipa,Peru,Upper middle income,Latin America & Caribbean ,south,8951_4938.png,8951_4938.png,4938,8951,-71.48803713812808,-16.45715861326786,-71.4990234375,-16.46769474828896,-71.47705078125,-16.446622271646632,5.476887776532146,education_accessibility,0.6796116504854369,2.5533487962397623,11.85006405610581,0.6796116504854369,seen_city,train_indicator,train
Cologne,Cologne,Germany,High income,Europe & Central Asia,north,5507_8504.png,5507_8504.png,8504,5507,6.86645506752018,50.6877576701717,6.85546875,50.68079714532164,6.87744140625,50.69471783819289,2.403973058746577,digital_modernization_tmi,0.1683778234086242,0.1683778234086242,0.659299525068501,0.1683778234086242,seen_city,train_indicator,train
Qinhuangdao,Qinhuangdao,China,Upper middle income,East Asia & Pacific,north,6202_13638.png,6202_13638.png,13638,6202,119.67407228515562,40.00237159920683,119.6630859375,39.9939556939733,119.68505859375,40.01078714046552,3.5081969897979026,food_accessibility,0.4640522875816993,0.0001259226603385,0.0001259305889295,0.4640522875816993,seen_city,train_indicator,train
Warsaw,Warsaw,Poland,High income,Europe & Central Asia,north,5402_9160.png,5402_9160.png,9160,5402,21.280517579433884,52.12674352538628,21.26953125,52.11999865763816,21.29150390625,52.13348804077148,2.2568186009596167,food_accessibility,0.6445904954499494,2.1019827734980603,7.182377640667908,0.6445904954499494,seen_city,train_indicator,train
Arequipa,Arequipa,Peru,Upper middle income,Latin America & Caribbean ,south,8946_4931.png,8946_4931.png,4931,8946,-71.64184573369141,-16.351767667403106,-71.65283203125,-16.36230951024084,-71.630859375,-16.341225619207485,5.483981614928914,digital_total_cell_intensity,0.1844660194174757,2.7316738732771384,14.35857382197943,0.1844660194174757,seen_city,train_indicator,train
Auckland,Auckland,New Zealand,High income,East Asia & Pacific,south,9983_16144.png,9983_16144.png,16144,9983,174.73754880993937,-36.589068045173015,174.7265625,-36.59788913307021,174.74853515625,-36.58024660149864,3.850405738797504,food_accessibility,0.7431192660550459,2.136137605956286,7.466672767748061,0.7431192660550459,seen_city,train_indicator,train
Oslo,Oslo,Norway,High income,Europe & Central Asia,north,4781_8654.png,4781_8654.png,8654,4781,10.162353519266668,59.73978992131048,10.1513671875,59.73425344759136,10.17333984375,59.74532608213611,1.5232603609645805,education_accessibility,0.9536184210526316,3.5170487762271763,32.68487003727393,0.9536184210526316,seen_city,train_indicator,train
Lahore,Lahore,Pakistan,Lower middle income,"Middle East, North Africa, Afghanistan & Pakistan",north,6666_11550.png,6666_11550.png,11550,6666,73.7951660047411,31.75619595390337,73.7841796875,31.7468541629214,73.80615234375,31.765537409484374,4.310564735468367,digital_modernization_tmi,0.4811557788944723,0.4811557788944723,0.6348647523120104,0.4811557788944723,seen_city,train_indicator,train
Buenos Aires,Buenos Aires,Argentina,Upper middle income,Latin America & Caribbean ,south,9890_5539.png,9890_5539.png,5539,9890,-58.28247071388056,-34.93097826898511,-58.29345703125,-34.93998515156042,-58.271484375,-34.92197103616376,4.010135861806155,education_accessibility,0.2713675213675213,0.6263663601360074,0.8708003989788486,0.2713675213675213,seen_city,train_indicator,train
Alexandria,Alexandria,Egypt,Lower middle income,"Middle East, North Africa, Afghanistan & Pakistan",north,6702_9560.png,6702_9560.png,9560,6702,30.06958010626845,31.08116516417228,30.05859375,31.07175590282012,30.08056640625,31.09057409495418,4.380297391886924,education_accessibility,0.2706270627062706,0.3407062685293405,0.405940211319321,0.2706270627062706,seen_city,train_indicator,train
Kitakyushu,Kitakyushu,Japan,High income,East Asia & Pacific,north,6553_14143.png,6553_14143.png,14143,6553,130.7702636871198,33.843045000254854,130.75927734375,33.83391995365471,130.78125,33.8521697014074,4.116083948657329,digital_total_cell_intensity,0.8126463700234192,5.694863492745243,296.33620226695484,0.8126463700234192,seen_city,train_indicator,train
Cordoba,Cordoba,Argentina,Upper middle income,Latin America & Caribbean ,south,9694_5275.png,9694_5275.png,5275,9694,-64.08325196300302,-31.32548637526444,-64.09423828125,-31.3348710339506,-64.072265625,-31.31610138349563,4.349878408300179,food_accessibility,0.3261904761904762,0.3577207379634264,0.4300662015113474,0.3261904761904762,seen_city,train_indicator,train
Cologne,Cologne,Germany,High income,Europe & Central Asia,north,5491_8512.png,5491_8512.png,8512,5491,7.042236318486452,50.90996033827981,7.03125,50.903032831112576,7.05322265625,50.91688748924506,2.381121103293892,digital_modernization_tmi,0.649555099247091,0.649555099247091,0.7886580742303667,0.649555099247091,seen_city,train_indicator,train
Warsaw,Warsaw,Poland,High income,Europe & Central Asia,north,5397_9133.png,5397_9133.png,9133,5397,20.687255857920206,52.19413940752268,20.67626953125,52.187404745599686,20.6982421875,52.20087371733219,2.250033330450014,population_count,0.6577350859453994,6.265703303314861,,0.6577350859453994,seen_city,train_indicator,train
Phoenix,Phoenix,United States,High income,North America,north,6592_3090.png,6592_3090.png,3090,6592,-112.09350586895135,33.128350880761026,-112.1044921875,33.11915022676886,-112.08251953125,33.137551192346145,4.182240167266318,education_accessibility,0.1667352820090572,0.0384755779398831,0.0392253480241408,0.1667352820090572,seen_city,train_indicator,train
Buenos Aires,Buenos Aires,Argentina,Upper middle income,Latin America & Caribbean ,south,9886_5527.png,9886_5527.png,5527,9886,-58.54614259111506,-34.858890172190186,-58.55712890625,-34.86790496256872,-58.53515625,-34.84987503195417,4.0177363314201,education_accessibility,0.6225071225071225,2.677086832018097,13.542666297569578,0.6225071225071225,seen_city,train_indicator,train
Vienna,Vienna,Austria,High income,Europe & Central Asia,north,5705_8934.png,5705_8934.png,8934,5705,16.314697272968253,47.85003044341611,16.3037109375,47.84265762816536,16.32568359375,47.85740289465824,2.694562912996198,population_count,0.7558420628525383,6.938878611790533,,0.7558420628525383,seen_city,train_indicator,train
Daegu,Daegu,South Korea,High income,East Asia & Pacific,north,6451_14044.png,6451_14044.png,14044,6451,128.59497069979196,35.68407121074958,128.583984375,35.67514743608467,128.60595703125,35.6929946320988,3.935617804216228,food_accessibility,0.0900163666121112,0.0048038686708407,0.0048154257467582,0.0900163666121112,seen_city,train_indicator,train
Warsaw,Warsaw,Poland,High income,Europe & Central Asia,north,5399_9123.png,5399_9123.png,9123,5399,20.46752929439512,52.167193301256965,20.45654296875,52.160454557747045,20.478515625,52.17393169256847,2.2527957934512965,nighttime_light_intensity,0.198685540950455,0.8543828722662088,,0.198685540950455,seen_city,train_indicator,train
Warsaw,Warsaw,Poland,High income,Europe & Central Asia,north,5397_9171.png,5397_9171.png,9171,5397,21.52221679930416,52.19413940751589,21.51123046875,52.187404745599686,21.533203125,52.20087371733219,2.250078488631817,population_count,0.7017189079878665,6.504674707961227,,0.7017189079878665,seen_city,train_indicator,train
Cordoba,Cordoba,Argentina,Upper middle income,Latin America & Caribbean ,south,9706_5278.png,9706_5278.png,5278,9706,-64.01733399360661,-31.55045237297341,-64.0283203125,-31.55981453201842,-64.00634765625,-31.54108987958581,4.329110969234282,digital_total_cell_intensity,0.1166666666666666,1.353007107406509,2.869042681836814,0.1166666666666666,seen_city,train_indicator,train
Brisbane,Brisbane,Australia,High income,East Asia & Pacific,south,9480_15158.png,9480_15158.png,15158,9480,153.07250976634262,-27.22532556185392,153.0615234375,-27.23509460779549,153.08349609375,-27.215556209029675,4.708408717014913,education_accessibility,0.6905089408528198,2.6525896257431008,13.190739808849251,0.6905089408528198,seen_city,train_indicator,train
Cologne,Cologne,Germany,High income,Europe & Central Asia,north,5497_8518.png,5497_8518.png,8518,5497,7.174072256602637,50.82675814482028,7.1630859375,50.81981826215654,7.18505859375,50.8336976709807,2.3894493178752074,nighttime_light_intensity,0.5215605749486653,1.2951847873502855,,0.5215605749486653,seen_city,train_indicator,train
Phoenix,Phoenix,United States,High income,North America,north,6588_3083.png,6588_3083.png,3083,6588,-112.24731446402971,33.20192387851605,-112.25830078125,33.19273094190692,-112.236328125,33.21111647241684,4.175613040185262,education_accessibility,0.0671058048579662,0.0046863153276078,0.0046973132765236,0.0671058048579662,seen_city,train_indicator,train
Warsaw,Warsaw,Poland,High income,Europe & Central Asia,north,5378_9147.png,5378_9147.png,9147,5378,20.994873046851428,52.449313807506535,20.98388671875,52.44261787120724,21.005859375,52.45600939264076,2.224335010564128,education_accessibility,0.6850353892821032,2.644136202931497,13.071285097183384,0.6850353892821032,seen_city,train_indicator,train
Oslo,Oslo,Norway,High income,Europe & Central Asia,north,4778_8668.png,4778_8668.png,8668,4778,10.469970707720751,59.772991323859614,10.458984375,59.76746035005357,10.48095703125,59.77852198502987,1.52034062691566,digital_total_cell_intensity,0.5733552631578948,4.169346597517442,63.67318068196729,0.5733552631578948,seen_city,train_indicator,train
Oslo,Oslo,Norway,High income,Europe & Central Asia,north,4744_8671.png,4744_8671.png,8671,4744,10.535888676568806,60.14697362965089,10.52490234375,60.141504734793386,10.546875,60.152442214380784,1.4865335252278231,nighttime_light_intensity,0.1873355263157894,0.0,,0.1873355263157894,seen_city,train_indicator,train
Qinhuangdao,Qinhuangdao,China,Upper middle income,East Asia & Pacific,north,6200_13641.png,6200_13641.png,13641,6200,119.73999025436682,40.03602619304165,119.72900390625,40.02761443748665,119.7509765625,40.044437584608566,3.5049851162037484,digital_modernization_tmi,0.934640522875817,0.934640522875817,1.3669237051920788,0.934640522875817,seen_city,train_indicator,train
Warsaw,Warsaw,Poland,High income,Europe & Central Asia,north,5415_9143.png,5415_9143.png,9143,5415,20.90698242143752,51.95103631037517,20.89599609375,51.944264879028765,20.91796875,51.95780738871553,2.2745208210160053,digital_total_cell_intensity,0.0409504550050556,3.5002938615471817,32.12518474661654,0.0409504550050556,seen_city,train_indicator,train
Rawalpindi,Rawalpindi,Pakistan,Lower middle income,"Middle East, North Africa, Afghanistan & Pakistan",south,6561_11512.png,6561_11512.png,11512,6561,72.96020506049781,33.69692237909542,72.94921875,33.68778175843937,72.97119140625,33.706062655101206,4.130924079142709,education_accessibility,0.5863192182410424,2.80356113785988,15.503312822255117,0.5863192182410424,seen_city,train_indicator,train
Perth,Perth,Australia,High income,East Asia & Pacific,south,9723_13477.png,9723_13477.png,13477,9723,116.13647460159368,-31.86822751194629,116.12548828125,-31.87755764334002,116.1474609375,-31.85889704445453,4.299548118711476,digital_modernization_tmi,0.1263736263736263,0.1263736263736263,1.257779371423209,0.1263736263736263,seen_city,train_indicator,train
Warsaw,Warsaw,Poland,High income,Europe & Central Asia,north,5400_9152.png,5400_9152.png,9152,5400,21.104736328613104,52.15371412533049,21.09375,52.14697334064471,21.11572265625,52.160454557747045,2.254083271595324,food_accessibility,0.89737108190091,3.391368642693349,28.706582156741224,0.89737108190091,seen_city,train_indicator,train
Cologne,Cologne,Germany,High income,Europe & Central Asia,north,5476_8521.png,5476_8521.png,8521,5476,7.239990225787497,51.11731651186084,7.22900390625,51.11041991029263,7.2509765625,51.12421275782688,2.3598161653091863,food_accessibility,0.379192334017796,1.8655012329945289,5.459172625180319,0.379192334017796,seen_city,train_indicator,train
Warsaw,Warsaw,Poland,High income,Europe & Central Asia,north,5398_9154.png,5398_9154.png,9154,5398,21.148681641317047,52.180668395168624,21.1376953125,52.17393169256847,21.15966796875,52.187404745599686,2.2513706760411907,digital_modernization_tmi,0.7932254802831142,0.7932254802831142,1.126986288304069,0.7932254802831142,seen_city,train_indicator,train
Mianyang,Mianyang,China,Upper middle income,East Asia & Pacific,north,6676_12956.png,6676_12956.png,12956,6676,104.68872070030156,31.56917514653301,104.677734375,31.55981453201842,104.69970703125,31.578535426473373,4.326488028853458,nighttime_light_intensity,0.6411764705882353,2.38434361649086,,0.6411764705882353,seen_city,train_indicator,train
Phoenix,Phoenix,United States,High income,North America,north,6582_3088.png,6582_3088.png,3088,6582,-112.13745118179368,33.31216752559395,-112.1484375,33.30298618122413,-112.12646484375,33.32134852669881,4.164950232369581,food_accessibility,0.3972828324413339,0.2014556507502616,0.2231819886563902,0.3972828324413339,seen_city,train_indicator,train
Warsaw,Warsaw,Poland,High income,Europe & Central Asia,north,5421_9154.png,5421_9154.png,9154,5421,21.14868164132684,51.86970761875649,21.1376953125,51.86292391360245,21.15966796875,51.87649097061476,2.282735226743971,nighttime_light_intensity,0.0273003033367037,0.1994449688718335,,0.0273003033367037,seen_city,train_indicator,train
Monrovia,Monrovia,Liberia,Low income,Sub-Saharan Africa ,north,7900_7706.png,7900_7706.png,7706,7900,-10.667724630102684,6.391730411330713,-10.6787109375,6.38081233193827,-10.65673828125,6.402648405963892,5.870361627328286,population_count,0.0465116279069767,2.344400838519555,,0.0465116279069767,seen_city,train_indicator,train
Oslo,Oslo,Norway,High income,Europe & Central Asia,north,4742_8656.png,4742_8656.png,8656,4742,10.206298831807043,60.168841314217474,10.1953125,60.16337605648777,10.21728515625,60.17430626192602,1.4844618466519524,digital_total_cell_intensity,0.7710526315789473,4.967331340298618,142.64304102611797,0.7710526315789473,seen_city,train_indicator,train
Munich,Munich,Germany,High income,Europe & Central Asia,north,5672_8725.png,5672_8725.png,8725,5672,11.722412124287958,48.334342832773736,11.71142578125,48.327039130634766,11.7333984375,48.3416461723746,2.646597366386704,digital_modernization_tmi,0.7444029850746269,0.7444029850746269,0.9469523855888063,0.7444029850746269,seen_city,train_indicator,train
Warsaw,Warsaw,Poland,High income,Europe & Central Asia,north,5403_9161.png,5403_9161.png,9161,5403,21.302490235787268,52.11325210040291,21.29150390625,52.10650519075632,21.3134765625,52.11999865763816,2.2581816718007683,nighttime_light_intensity,0.6112234580384226,1.7199117897612632,,0.6112234580384226,seen_city,train_indicator,train
Daegu,Daegu,South Korea,High income,East Asia & Pacific,north,6446_14043.png,6446_14043.png,14043,6446,128.57299804336913,35.77325726828482,128.56201171875,35.764343479667176,128.583984375,35.78217070326606,3.926906136488598,nighttime_light_intensity,0.2062193126022913,0.9930399730717936,,0.2062193126022913,seen_city,train_indicator,train
Buenos Aires,Buenos Aires,Argentina,Upper middle income,Latin America & Caribbean ,south,9873_5523.png,9873_5523.png,5523,9873,-58.63403321693316,-34.624167471853326,-58.64501953125,-34.633207911379586,-58.623046875,-34.61512668346219,4.0406681355431,digital_modernization_tmi,0.8568376068376068,0.8568376068376068,1.066788778019821,0.8568376068376068,seen_city,train_indicator,train
Warsaw,Warsaw,Poland,High income,Europe & Central Asia,north,5393_9154.png,5393_9154.png,9154,5393,21.148681641314937,52.24798265135707,21.1376953125,52.24125614966341,21.15966796875,52.254708801130825,2.244591883914321,population_count,0.8432760364004045,7.604891539725854,,0.8432760364004045,seen_city,train_indicator,train
Phoenix,Phoenix,United States,High income,North America,north,6568_3112.png,6568_3112.png,3112,6568,-111.6101074271632,33.56886086956913,-111.62109375,33.559706648411975,-111.59912109375,33.57801474614399,4.1397890261774855,digital_total_cell_intensity,0.5854261012762454,4.188675581620223,64.93540704178497,0.5854261012762454,seen_city,train_indicator,train
Harare,Harare,Zimbabwe,Lower middle income,Sub-Saharan Africa ,south,9022_9606.png,9022_9606.png,9606,9022,31.08032224380768,-17.947380481375003,31.0693359375,-17.95783210227241,31.09130859375,-17.93692863754944,5.386549327547034,digital_total_cell_intensity,0.5993377483443708,4.332077573561877,75.10223042431666,0.5993377483443708,seen_city,train_indicator,train
Oslo,Oslo,Norway,High income,Europe & Central Asia,north,4744_8662.png,4744_8662.png,8662,4744,10.338134769714753,60.14697362966386,10.3271484375,60.141504734793386,10.34912109375,60.152442214380784,1.4864696675318765,food_accessibility,0.6111842105263158,1.117995449381244,2.058716701425132,0.6111842105263158,seen_city,train_indicator,train
Vienna,Vienna,Austria,High income,Europe & Central Asia,north,5679_8949.png,5679_8949.png,8949,5679,16.644287118421754,48.23199100149982,16.63330078125,48.22467264956519,16.6552734375,48.23930899024906,2.6554777587562985,digital_modernization_tmi,0.9613215149073328,0.9613215149073328,1.1082346122031066,0.9613215149073328,seen_city,train_indicator,train
Munich,Munich,Germany,High income,Europe & Central Asia,north,5687_8735.png,5687_8735.png,8735,5687,11.942138688130845,48.11476628976236,11.93115234375,48.10743118848039,11.953125,48.122101028190805,2.669741300374439,food_accessibility,0.1352611940298507,0.7879460014771522,1.1988752980360209,0.1352611940298507,seen_city,train_indicator,train
Cordoba,Cordoba,Argentina,Upper middle income,Latin America & Caribbean ,south,9708_5266.png,9708_5266.png,5266,9708,-64.28100587098986,-31.58789416132176,-64.2919921875,-31.597252561706654,-64.27001953125,-31.578535426473373,4.326251073615908,population_count,0.3309523809523809,3.2855879290777588,,0.3309523809523809,seen_city,train_indicator,train
Harare,Harare,Zimbabwe,Lower middle income,Sub-Saharan Africa ,south,9010_9601.png,9010_9601.png,9601,9010,30.970458961241643,-17.696361770488867,30.95947265625,-17.706828124019548,30.9814453125,-17.685895196738674,5.402227314314897,digital_total_cell_intensity,0.3278145695364238,3.2940460491423043,25.95169121373048,0.3278145695364238,seen_city,train_indicator,train
Perth,Perth,Australia,High income,East Asia & Pacific,south,9734_13472.png,9734_13472.png,13472,9734,116.02661131939352,-32.07326524568015,116.015625,-32.082574559545904,116.03759765625,-32.063955594660406,4.280755222178038,digital_total_cell_intensity,0.6373626373626373,5.040833556711656,153.5988282227591,0.6373626373626373,seen_city,train_indicator,train
Kitakyushu,Kitakyushu,Japan,High income,East Asia & Pacific,north,6561_14149.png,6561_14149.png,14149,6561,130.90209962581224,33.69692237913238,130.89111328125,33.68778175843937,130.9130859375,33.706062655101206,4.1304491114336965,digital_modernization_tmi,0.8969555035128806,0.8969555035128806,1.963872342659548,0.8969555035128806,seen_city,train_indicator,train
Faisalabad,Faisalabad,Pakistan,Lower middle income,"Middle East, North Africa, Afghanistan & Pakistan",north,6683_11518.png,6683_11518.png,11518,6683,73.09204099826829,31.43803687107657,73.0810546875,31.428663117358603,73.10302734375,31.44741029142872,4.341951999930326,nighttime_light_intensity,0.9926829268292684,3.262860439980727,,0.9926829268292684,seen_city,train_indicator,train
Phoenix,Phoenix,United States,High income,North America,north,6575_3089.png,6575_3089.png,3089,6575,-112.11547852532284,33.440609131282706,-112.12646484375,33.43144133557529,-112.1044921875,33.44977658311845,4.152734127920663,digital_modernization_tmi,0.8744339234252779,0.8744339234252779,1.716570082832,0.8744339234252779,seen_city,train_indicator,train
Phoenix,Phoenix,United States,High income,North America,north,6590_3098.png,6590_3098.png,3098,6590,-111.91772461740509,33.165145097209745,-111.9287109375,33.15594830078649,-111.90673828125,33.17434155100207,4.178448981960385,nighttime_light_intensity,0.2416632358995471,0.2668256638309058,,0.2416632358995471,seen_city,train_indicator,train
Perth,Perth,Australia,High income,East Asia & Pacific,south,9738_13474.png,9738_13474.png,13474,9738,116.07055663230156,-32.14771076019851,116.0595703125,-32.15701248607008,116.08154296875,-32.1384086967725,4.27376711455782,education_accessibility,0.2857142857142857,0.5946020025963896,0.8123095069261524,0.2857142857142857,seen_city,train_indicator,train
Lahore,Lahore,Pakistan,Lower middle income,"Middle East, North Africa, Afghanistan & Pakistan",north,6662_11559.png,6662_11559.png,11559,6662,73.99291991279257,31.83089875934596,73.98193359375,31.82156451492073,74.00390625,31.84023266790936,4.303252059690526,nighttime_light_intensity,0.0301507537688442,0.4385381936078428,,0.0301507537688442,seen_city,train_indicator,train
Oslo,Oslo,Norway,High income,Europe & Central Asia,north,4791_8681.png,4791_8681.png,8681,4791,10.75561523991094,59.6288800558107,10.74462890625,59.62332522313024,10.7666015625,59.63443457494949,1.5335527591914968,nighttime_light_intensity,0.6694078947368421,1.4812374389852243,,0.6694078947368421,seen_city,train_indicator,train
Qinhuangdao,Qinhuangdao,China,Upper middle income,East Asia & Pacific,north,6206_13628.png,6206_13628.png,13628,6206,119.45434572108726,39.93501262394076,119.443359375,39.92658842190944,119.46533203125,39.943436461974215,3.514359926887248,digital_total_cell_intensity,0.1111111111111111,1.5855812727655842,3.882128402168824,0.1111111111111111,seen_city,train_indicator,train
Alexandria,Alexandria,Egypt,Lower middle income,"Middle East, North Africa, Afghanistan & Pakistan",north,6702_9554.png,6702_9554.png,9554,6702,29.93774416755929,31.081165164227045,29.9267578125,31.07175590282012,29.94873046875,31.09057409495418,4.37951837940524,population_count,0.2442244224422442,7.264130197761973,,0.2442244224422442,seen_city,train_indicator,train
Lahore,Lahore,Pakistan,Lower middle income,"Middle East, North Africa, Afghanistan & Pakistan",north,6697_11564.png,6697_11564.png,11564,6697,74.10278319491688,31.1752095279488,74.091796875,31.16580958786196,74.11376953125,31.184609135743244,4.3632541720517,population_count,0.8618090452261307,10.834057532270906,,0.8618090452261307,seen_city,train_indicator,train
Brisbane,Brisbane,Australia,High income,East Asia & Pacific,south,9500_15150.png,9500_15150.png,15150,9500,152.89672851461032,-27.61540573562399,152.8857421875,-27.62514033509329,152.90771484375,-27.60567082646545,4.6756195951468325,digital_total_cell_intensity,0.6960110041265475,5.557108275943798,258.07258565855625,0.6960110041265475,seen_city,train_indicator,train
Warsaw,Warsaw,Poland,High income,Europe & Central Asia,north,5402_9158.png,5402_9158.png,9158,5402,21.23657226672884,52.12674352538716,21.2255859375,52.11999865763816,21.24755859375,52.13348804077148,2.256812698304081,digital_modernization_tmi,0.7037411526794742,0.7037411526794742,1.1007749781403404,0.7037411526794742,seen_city,train_indicator,train
Harare,Harare,Zimbabwe,Lower middle income,Sub-Saharan Africa ,south,9013_9611.png,9013_9611.png,9611,9013,31.19018552626225,-17.759149559926282,31.17919921875,-17.769612247142653,31.201171875,-17.7486866517288,5.397219158762323,digital_total_cell_intensity,0.3543046357615894,3.347677321244022,27.43660777415008,0.3543046357615894,seen_city,train_indicator,train
Qinhuangdao,Qinhuangdao,China,Upper middle income,East Asia & Pacific,north,6210_13629.png,6210_13629.png,13629,6210,119.47631837753433,39.867587288222175,119.46533203125,39.85915479295669,119.4873046875,39.87601941962115,3.5213044965250493,nighttime_light_intensity,0.5032679738562091,2.1663263451632506,,0.5032679738562091,seen_city,train_indicator,train
Phoenix,Phoenix,United States,High income,North America,north,6552_3093.png,6552_3093.png,3093,6552,-112.02758789947022,33.86129279908033,-112.03857421875,33.8521697014074,-112.0166015625,33.87041555094183,4.112537103572894,population_count,0.4890901605599012,4.260862280507604,,0.4890901605599012,seen_city,train_indicator,train
Faisalabad,Faisalabad,Pakistan,Lower middle income,"Middle East, North Africa, Afghanistan & Pakistan",north,6687_11513.png,6687_11513.png,11513,6687,72.98217771598875,31.36301818963635,72.97119140625,31.353636941500994,72.9931640625,31.37239910488051,4.349254423096122,food_accessibility,0.7121951219512195,0.2092738553484528,0.2327825564036811,0.7121951219512195,seen_city,train_indicator,train
Port-au-Prince,Port-au-Prince,Haiti,Lower middle income,Latin America & Caribbean ,north,7331_4898.png,7331_4898.png,4898,7331,-72.36694332966341,18.573361680181588,-72.3779296875,18.56294744288831,-72.35595703125,18.58377568837093,5.353066585485861,nighttime_light_intensity,0.5754716981132075,0.6118230066297118,,0.5754716981132075,seen_city,train_indicator,train
Algiers,Algiers,Algeria,Upper middle income,"Middle East, North Africa, Afghanistan & Pakistan",north,6397_8327.png,6397_8327.png,8327,6397,2.9772949216927422,36.64197748862096,2.96630859375,36.63316209558656,2.98828125,36.6507925250347,3.8412910178247057,digital_modernization_tmi,0.8977272727272727,0.8977272727272727,0.8791897784215283,0.8977272727272727,seen_city,train_indicator,train
Oslo,Oslo,Norway,High income,Europe & Central Asia,north,4768_8689.png,4768_8689.png,8689,4768,10.93139649037198,59.883424541713374,10.92041015625,59.87791187483114,10.9423828125,59.88893689676584,1.510507306412842,population_count,0.1057565789473684,0.0,,0.1057565789473684,seen_city,train_indicator,train
Buenos Aires,Buenos Aires,Argentina,Upper middle income,Latin America & Caribbean ,south,9864_5515.png,9864_5515.png,5515,9864,-58.80981446847969,-34.46127697107498,-58.82080078125,-34.47033512121749,-58.798828125,-34.452218472826544,4.056889868520654,population_count,0.6438746438746439,8.898033816057517,,0.6438746438746439,seen_city,train_indicator,train
Warsaw,Warsaw,Poland,High income,Europe & Central Asia,north,5378_9163.png,5378_9163.png,9163,5378,21.34643554846785,52.44931380750196,21.33544921875,52.44261787120724,21.357421875,52.45600939264076,2.2243652856803697,population_count,0.5025278058645096,5.632831885487442,,0.5025278058645096,seen_city,train_indicator,train
Oslo,Oslo,Norway,High income,Europe & Central Asia,north,4750_8660.png,4750_8660.png,8660,4750,10.294189457096422,60.08128324081065,10.283203125,60.07580342475969,10.30517578125,60.08676274626006,1.492380305289575,population_count,0.7296052631578948,4.810121575093756,,0.7296052631578948,seen_city,train_indicator,train
Brisbane,Brisbane,Australia,High income,East Asia & Pacific,south,9493_15154.png,9493_15154.png,15154,9493,152.98461914047348,-27.47903447567313,152.9736328125,-27.48878116893799,152.99560546875,-27.469287473692017,4.687109264572357,food_accessibility,0.9614855570839064,3.625454320693632,36.54177529113,0.9614855570839064,seen_city,train_indicator,train
Auckland,Auckland,New Zealand,High income,East Asia & Pacific,south,10024_16157.png,10024_16157.png,16157,10024,175.02319334378797,-37.30901374556801,175.01220703125,-37.31775185163687,175.0341796875,-37.30027528134431,3.7779608249883694,digital_modernization_tmi,0.2813455657492354,0.2813455657492354,1.066709330695506,0.2813455657492354,seen_city,train_indicator,train
Rawalpindi,Rawalpindi,Pakistan,Lower middle income,"Middle East, North Africa, Afghanistan & Pakistan",south,6562_11522.png,6562_11522.png,11522,6562,73.17993162488989,33.678639537958844,73.1689453125,33.669496972795535,73.19091796875,33.68778175843937,4.131924314668489,education_accessibility,0.7263843648208469,3.300753164038345,26.13306687711299,0.7263843648208469,seen_city,train_indicator,train
Buenos Aires,Buenos Aires,Argentina,Upper middle income,Latin America & Caribbean ,south,9873_5516.png,9873_5516.png,5516,9873,-58.78784181198292,-34.62416747181781,-58.798828125,-34.633207911379586,-58.77685546875,-34.61512668346219,4.041108840053087,digital_total_cell_intensity,0.7806267806267806,5.886409304527831,359.1099150841674,0.7806267806267806,seen_city,train_indicator,train
Munich,Munich,Germany,High income,Europe & Central Asia,north,5667_8723.png,5667_8723.png,8723,5667,11.678466811504949,48.40732573800585,11.66748046875,48.400032496106846,11.689453125,48.41461861749318,2.638974822878941,population_count,0.2807835820895522,4.877502020637865,,0.2807835820895522,seen_city,train_indicator,train
Adana,Adana,Turkey,Upper middle income,Europe & Central Asia,north,6377_9796.png,6377_9796.png,9796,6377,35.255126971057855,36.99377806103691,35.244140625,36.98500309285596,35.26611328125,37.002552672159545,3.810221007440538,education_accessibility,0.5803571428571429,3.2990416859431626,26.086668943346915,0.5803571428571429,seen_city,train_indicator,train
Cordoba,Cordoba,Argentina,Upper middle income,Latin America & Caribbean ,south,9698_5278.png,9698_5278.png,5278,9698,-64.01733399363681,-31.40053502520692,-64.0283203125,-31.409912194070984,-64.00634765625,-31.391157522824702,4.342870176663218,population_count,0.069047619047619,0.0105881307383204,,0.069047619047619,seen_city,train_indicator,train
Cologne,Cologne,Germany,High income,Europe & Central Asia,north,5502_8519.png,5502_8519.png,8519,5502,7.1960449129343305,50.75730951260541,7.18505859375,50.75035931136964,7.20703125,50.76425935711647,2.396501511520828,population_count,0.7440109514031485,8.003475355318455,,0.7440109514031485,seen_city,train_indicator,train
Cordoba,Cordoba,Argentina,Upper middle income,Latin America & Caribbean ,south,9703_5272.png,9703_5272.png,5272,9703,-64.14916993231577,-31.49426151332924,-64.16015625,-31.503629305773018,-64.13818359375,-31.48489338689015,4.334548039726309,digital_total_cell_intensity,0.5619047619047619,3.5493928077768486,33.79218552819141,0.5619047619047619,seen_city,train_indicator,train
Warsaw,Warsaw,Poland,High income,Europe & Central Asia,north,5391_9134.png,5391_9134.png,9134,5391,20.709228514277378,52.274879796827285,20.6982421875,52.26815737376817,20.72021484375,52.28160186807143,2.241900339117121,digital_modernization_tmi,0.121840242669363,0.121840242669363,0.9289459544023496,0.121840242669363,seen_city,train_indicator,train
Buenos Aires,Buenos Aires,Argentina,Upper middle income,Latin America & Caribbean ,south,9896_5544.png,9896_5544.png,5544,9896,-58.172607431682806,-35.038991727001395,-58.18359375,-35.04798673426733,-58.16162109375,-35.02999636902566,3.999438937688321,population_count,0.2079772079772079,3.271081364364504,,0.2079772079772079,seen_city,train_indicator,train
Perth,Perth,Australia,High income,East Asia & Pacific,south,9716_13461.png,9716_13461.png,13461,9716,115.78491209839396,-31.737510822121152,115.77392578125,-31.7468541629214,115.7958984375,-31.728167146023942,4.312312053070886,education_accessibility,0.8873626373626373,3.35595926930704,27.67309622361188,0.8873626373626373,seen_city,train_indicator,train
Algiers,Algiers,Algeria,Upper middle income,"Middle East, North Africa, Afghanistan & Pakistan",north,6392_8324.png,6392_8324.png,8324,6392,2.9113769524152664,36.73007918067012,2.900390625,36.721273880045,2.92236328125,36.73888412439431,3.832581565769991,nighttime_light_intensity,0.5852272727272727,3.178914071831816,,0.5852272727272727,seen_city,train_indicator,train
Luanda,Luanda,Angola,Lower middle income,Sub-Saharan Africa ,south,8594_8804.png,8594_8804.png,8804,8594,13.45825193418402,-8.809082251579841,13.447265625,-8.819938928283143,13.46923828125,-8.798225459016347,5.804726650997353,population_count,0.4410112359550562,8.681688733092104,,0.4410112359550562,seen_city,train_indicator,train
Munich,Munich,Germany,High income,Europe & Central Asia,north,5679_8720.png,5679_8720.png,8720,5679,11.612548842494936,48.23199100130599,11.6015625,48.22467264956519,11.62353515625,48.23930899024906,2.656961475528523,education_accessibility,0.5625,2.413764430268766,10.175953153816623,0.5625,seen_city,train_indicator,train
Warsaw,Warsaw,Poland,High income,Europe & Central Asia,north,5419_9149.png,5419_9149.png,9149,5419,21.03881835955801,51.8968335481506,21.02783203125,51.89005393521691,21.0498046875,51.90361280788356,2.2799905577165847,digital_total_cell_intensity,0.2386248736097067,4.575453639957358,96.07206491764154,0.2386248736097067,seen_city,train_indicator,train
Buenos Aires,Buenos Aires,Argentina,Upper middle income,Latin America & Caribbean ,south,9883_5524.png,9883_5524.png,5524,9883,-58.61206056043702,-34.804782600727485,-58.623046875,-34.81380331711314,-58.60107421875,-34.79576153473033,4.023147702441586,digital_modernization_tmi,0.4159544159544159,0.4159544159544159,0.9841739884957392,0.4159544159544159,seen_city,train_indicator,train
Munich,Munich,Germany,High income,Europe & Central Asia,north,5674_8725.png,5674_8725.png,8725,5674,11.722412124305272,48.30512037955295,11.71142578125,48.29781249243716,11.7333984375,48.312427904071775,2.6496162676327573,education_accessibility,0.4822761194029851,2.1824007844606266,7.867569847754631,0.4822761194029851,seen_city,train_indicator,train
Alexandria,Alexandria,Egypt,Lower middle income,"Middle East, North Africa, Afghanistan & Pakistan",north,6698_9559.png,6698_9559.png,9559,6698,30.0476074497717,31.156408113716463,30.03662109375,31.14700630855656,30.05859375,31.16580958786196,4.373279260886779,population_count,0.429042904290429,8.197455852139866,,0.429042904290429,seen_city,train_indicator,train
Cologne,Cologne,Germany,High income,Europe & Central Asia,north,5496_8513.png,5496_8513.png,8513,5496,7.064208974815851,50.840635490530175,7.05322265625,50.8336976709807,7.0751953125,50.84757295365388,2.3881560380969096,education_accessibility,0.3566050650239561,2.264269255394626,8.624089279589027,0.3566050650239561,seen_city,train_indicator,train
Daegu,Daegu,South Korea,High income,East Asia & Pacific,north,6447_14050.png,6447_14050.png,14050,6447,128.72680663838094,35.755428046586026,128.7158203125,35.7465122599185,128.73779296875,35.764343479667176,3.928566095043276,digital_modernization_tmi,0.8870703764320785,0.8870703764320785,1.9544610047957407,0.8870703764320785,seen_city,train_indicator,train
Cologne,Cologne,Germany,High income,Europe & Central Asia,north,5508_8506.png,5508_8506.png,8506,5508,6.910400380232219,50.67383491200956,6.8994140625,50.6668723218107,6.92138671875,50.68079714532164,2.405338270509354,nighttime_light_intensity,0.2210814510609171,0.7886506449652089,,0.2210814510609171,seen_city,train_indicator,train
Warsaw,Warsaw,Poland,High income,Europe & Central Asia,north,5381_9168.png,5381_9168.png,9168,5381,21.456298830226828,52.4091209188268,21.4453125,52.40241887397332,21.46728515625,52.415822612378776,2.2284277493826927,population_count,0.3998988877654196,5.321926080759692,,0.3998988877654196,seen_city,train_indicator,train
Taizhou,Taizhou,China,Upper middle income,East Asia & Pacific,north,6630_13651.png,6630_13651.png,13651,6630,119.95971676981534,32.426339853731406,119.94873046875,32.41706632846282,119.970703125,32.43561304116277,4.255598577594431,nighttime_light_intensity,0.7068965517241379,2.451532308124346,,0.7068965517241379,seen_city,train_indicator,train
Cologne,Cologne,Germany,High income,Europe & Central Asia,north,5493_8515.png,5493_8515.png,8515,5493,7.108154287549568,50.882242773707006,7.09716796875,50.87531114220076,7.119140625,50.889174048903314,2.3838698405391137,education_accessibility,0.5468856947296372,2.71221172200219,14.062552880784525,0.5468856947296372,seen_city,train_indicator,train
Oslo,Oslo,Norway,High income,Europe & Central Asia,north,4785_8668.png,4785_8668.png,8668,4785,10.46997070774226,59.69547003264415,10.458984375,59.68992622014336,10.48095703125,59.70101353199731,1.527383994242894,digital_modernization_tmi,0.7575657894736842,0.7575657894736842,1.295784078624241,0.7575657894736842,seen_city,train_indicator,train
Munich,Munich,Germany,High income,Europe & Central Asia,north,5702_8724.png,5702_8724.png,8724,5702,11.700439468176617,47.89424737794304,11.689453125,47.88688085106899,11.71142578125,47.90161354142076,2.692051241824924,food_accessibility,0.5671641791044776,2.033176378516461,6.638310030520918,0.5671641791044776,seen_city,train_indicator,train
Alexandria,Alexandria,Egypt,Lower middle income,"Middle East, North Africa, Afghanistan & Pakistan",north,6700_9548.png,6700_9548.png,9548,6700,29.805908228829377,31.11879409546228,29.794921875,31.10938856081496,29.81689453125,31.12819929911197,4.375333475771822,food_accessibility,0.7986798679867987,2.2237382844827134,8.24181490339769,0.7986798679867987,seen_city,train_indicator,train
Oslo,Oslo,Norway,High income,Europe & Central Asia,north,4770_8689.png,4770_8689.png,8689,4770,10.93139649038,59.86136718214246,10.92041015625,59.85585085709834,10.9423828125,59.86688319521021,1.51250648289987,food_accessibility,0.7203947368421053,1.4904407201709111,3.439051467480464,0.7203947368421053,seen_city,train_indicator,train
Vienna,Vienna,Austria,High income,Europe & Central Asia,north,5697_8929.png,5697_8929.png,8929,5697,16.204833991073794,47.96785843807368,16.19384765625,47.96050238891508,16.2158203125,47.97521412341617,2.6822906690925827,digital_modernization_tmi,0.3609991941982272,0.3609991941982272,0.9326736504097738,0.3609991941982272,seen_city,train_indicator,train
Kitakyushu,Kitakyushu,Japan,High income,East Asia & Pacific,north,6547_14146.png,6547_14146.png,14146,6547,130.8361816563962,33.95247329113973,130.8251953125,33.94335994657881,130.84716796875,33.96158628979908,4.105829245600511,digital_total_cell_intensity,0.018735362997658,2.635991350959489,12.957142033197824,0.018735362997658,seen_city,train_indicator,train
Buenos Aires,Buenos Aires,Argentina,Upper middle income,Latin America & Caribbean ,south,9884_5535.png,9884_5535.png,5535,9884,-58.37036133964849,-34.82282240836156,-58.38134765625,-34.83184114982866,-58.359375,-34.81380331711314,4.020803649553614,population_count,0.8490028490028491,10.188868096411356,,0.8490028490028491,seen_city,train_indicator,train
Munich,Munich,Germany,High income,Europe & Central Asia,north,5690_8712.png,5690_8712.png,8712,5690,11.436767591614483,48.07073792222791,11.42578125,48.06339653776212,11.44775390625,48.07807894349861,2.6733038978106025,digital_total_cell_intensity,0.9860074626865672,8.459634058697322,4719.330317713347,0.9860074626865672,seen_city,train_indicator,train
Lahore,Lahore,Pakistan,Lower middle income,"Middle East, North Africa, Afghanistan & Pakistan",north,6688_11576.png,6688_11576.png,11576,6688,74.36645507235022,31.34425415437254,74.35546875,31.3348710339506,74.37744140625,31.353636941500994,4.34741073780744,digital_total_cell_intensity,0.5653266331658291,3.232127520540826,24.33349721323606,0.5653266331658291,seen_city,train_indicator,train
Algiers,Algiers,Algeria,Upper middle income,"Middle East, North Africa, Afghanistan & Pakistan",north,6396_8355.png,6396_8355.png,8355,6396,3.59252930162908,36.65960590030688,3.58154296875,36.6507925250347,3.603515625,36.66841891894785,3.839812908155311,nighttime_light_intensity,0.3409090909090909,2.4978843131407693,,0.3409090909090909,seen_city,train_indicator,train
Cologne,Cologne,Germany,High income,Europe & Central Asia,north,5491_8496.png,5491_8496.png,8496,5491,6.690673816757055,50.90996033821752,6.6796875,50.903032831112576,6.70166015625,50.91688748924506,2.3815547461423,population_count,0.378507871321013,6.017883805611277,,0.378507871321013,seen_city,train_indicator,train
Warsaw,Warsaw,Poland,High income,Europe & Central Asia,north,5396_9161.png,5396_9161.png,9161,5396,21.302490235781235,52.2076063388273,21.29150390625,52.20087371733219,21.3134765625,52.2143386082582,2.248675354946576,digital_total_cell_intensity,0.5343781597573306,5.473742726928401,237.35060666767995,0.5343781597573306,seen_city,train_indicator,train
Auckland,Auckland,New Zealand,High income,East Asia & Pacific,south,9994_16144.png,9994_16144.png,16144,9994,174.73754881003245,-36.78289173505532,174.7265625,-36.79169061907076,174.74853515625,-36.77409249464194,3.831193923415325,nighttime_light_intensity,0.91131498470948,2.927552589592114,,0.91131498470948,seen_city,train_indicator,train
Buenos Aires,Buenos Aires,Argentina,Upper middle income,Latin America & Caribbean ,south,9895_5518.png,9895_5518.png,5518,9895,-58.74389649896767,-35.02099938130079,-58.7548828125,-35.02999636902566,-58.73291015625,-35.0120020431607,4.002553116266912,digital_modernization_tmi,0.9052706552706552,0.9052706552706552,1.087841494875385,0.9052706552706552,seen_city,train_indicator,train
Zhaoqing,Zhaoqing,China,Upper middle income,East Asia & Pacific,north,7109_13311.png,7109_13311.png,13311,7109,112.48901368766094,23.130256941555544,112.47802734375,23.12015362169561,112.5,23.14035998788611,5.0350230035582,population_count,0.128440366972477,5.0621605103349925,,0.128440366972477,seen_city,train_indicator,train
Perth,Perth,Australia,High income,East Asia & Pacific,south,9717_13477.png,9717_13477.png,13477,9717,116.13647460157442,-31.756195953952,116.12548828125,-31.765537409484374,116.1474609375,-31.7468541629214,4.309891314368946,education_accessibility,0.0192307692307692,0.0052213285484999,0.0052349834396189,0.0192307692307692,seen_city,train_indicator,train
Vienna,Vienna,Austria,High income,Europe & Central Asia,north,5683_8938.png,5683_8938.png,8938,5683,16.40258789836022,48.17341214484365,16.3916015625,48.16608541901253,16.41357421875,48.18073850730385,2.6612579212588203,population_count,0.9879129734085416,10.350054250896257,,0.9879129734085416,seen_city,train_indicator,train
Kitakyushu,Kitakyushu,Japan,High income,East Asia & Pacific,north,6540_14157.png,6540_14157.png,14157,6540,131.07788087716776,34.07996199297465,131.06689453125,34.070862323766306,131.0888671875,34.089061315849946,4.09443345484382,education_accessibility,0.1615925058548009,0.8780271820697557,1.40614812878824,0.1615925058548009,seen_city,train_indicator,train
Jerusalem,Jerusalem,Israel,High income,"Middle East, North Africa, Afghanistan & Pakistan",north,6667_9793.png,6667_9793.png,9793,6667,35.18920900416049,31.737510821892613,35.17822265625,31.728167146023942,35.2001953125,31.7468541629214,4.315479534882648,digital_modernization_tmi,0.981132075471698,0.981132075471698,1.125645816817333,0.981132075471698,seen_city,train_indicator,train
Phoenix,Phoenix,United States,High income,North America,north,6602_3103.png,6602_3103.png,3103,6602,-111.80786133523,32.94414857823751,-111.81884765625,32.93492866908232,-111.796875,32.953368145799324,4.19911175970508,digital_modernization_tmi,0.3289419514203376,0.3289419514203376,1.5442952362641396,0.3289419514203376,seen_city,train_indicator,train
Khartoum,Khartoum,Sudan,Low income,Sub-Saharan Africa ,north,7479_9671.png,7479_9671.png,9671,7479,32.508544916140195,15.46426891160084,32.49755859375,15.453680224345836,32.51953125,15.47485740268724,5.521503659424537,education_accessibility,0.5568181818181818,0.8066366400291671,1.2403601630750525,0.5568181818181818,seen_city,train_indicator,train
Munich,Munich,Germany,High income,Europe & Central Asia,north,5698_8715.png,5698_8715.png,8715,5698,11.502685560793225,47.953144607994055,11.49169921875,47.94578646368719,11.513671875,47.96050238891508,2.6855800788345405,food_accessibility,0.2434701492537313,1.1212908060139173,2.068812889928994,0.2434701492537313,seen_city,train_indicator,train
Taizhou,Taizhou,China,Upper middle income,East Asia & Pacific,north,6630_13660.png,6630_13660.png,13660,6630,120.15747067782584,32.42633985381141,120.146484375,32.41706632846282,120.16845703125,32.43561304116277,4.254518961536566,digital_modernization_tmi,0.1594827586206896,0.1594827586206896,0.4301517790054349,0.1594827586206896,seen_city,train_indicator,train
Perth,Perth,Australia,High income,East Asia & Pacific,south,9733_13461.png,9733_13461.png,13461,9733,115.7849120984708,-32.05464438525123,115.77392578125,-32.063955594660406,115.7958984375,-32.045332838858506,4.282980238553008,education_accessibility,0.9230769230769232,3.5412636401272115,33.5105005027564,0.9230769230769232,seen_city,train_indicator,train
Warsaw,Warsaw,Poland,High income,Europe & Central Asia,north,5389_9151.png,5389_9151.png,9151,5389,21.08276367225811,52.30176062996066,21.07177734375,52.29504228453733,21.09375,52.30847862366336,2.239175150914188,nighttime_light_intensity,0.9292214357937312,3.3398720088025047,,0.9292214357937312,seen_city,train_indicator,train
Phoenix,Phoenix,United States,High income,North America,north,6567_3077.png,6567_3077.png,3077,6567,-112.37915040257391,33.58716702586725,-112.39013671875,33.57801474614399,-112.3681640625,33.596318961132695,4.13939421771432,digital_modernization_tmi,0.522848909016056,0.522848909016056,1.610687389086979,0.522848909016056,seen_city,train_indicator,train
Lahore,Lahore,Pakistan,Lower middle income,"Middle East, North Africa, Afghanistan & Pakistan",north,6663_11570.png,6663_11570.png,11570,6663,74.23461913371956,31.8122287187242,74.2236328125,31.80289258670676,74.24560546875,31.82156451492073,4.304568597352767,population_count,0.6896984924623115,9.255976840986408,,0.6896984924623115,seen_city,train_indicator,train
Cologne,Cologne,Germany,High income,Europe & Central Asia,north,5487_8496.png,5487_8496.png,8496,5487,6.690673816784407,50.965345984315306,6.6796875,50.95842672335992,6.70166015625,50.97226488936749,2.375914815950807,education_accessibility,0.3018480492813141,2.133464041208538,7.444066802626727,0.3018480492813141,seen_city,train_indicator,train
Phoenix,Phoenix,United States,High income,North America,north,6561_3109.png,6561_3109.png,3109,6561,-111.67602539646684,33.69692237934746,-111.68701171875,33.68778175843937,-111.6650390625,33.706062655101206,4.127684177937605,education_accessibility,0.1552079044874434,0.0329122949504607,0.0334598956150699,0.1552079044874434,seen_city,train_indicator,train
Lahore,Lahore,Pakistan,Lower middle income,"Middle East, North Africa, Afghanistan & Pakistan",north,6693_11569.png,6693_11569.png,11569,6693,74.21264647718365,31.25037784907772,74.20166015625,31.2409853780213,74.2236328125,31.25976998739428,4.356208977315872,digital_total_cell_intensity,0.6670854271356784,3.732527911198899,40.78460253233611,0.6670854271356784,seen_city,train_indicator,train
Havana,Havana,Cuba,Upper middle income,Latin America & Caribbean ,north,7116_4437.png,7116_4437.png,4437,7116,-82.49633790652278,22.988737918399707,-82.50732421875,22.97862397038491,-82.4853515625,22.99885159414292,5.045536893298632,food_accessibility,0.3412322274881517,0.0059498140762391,0.0059675493764762,0.3412322274881517,seen_city,train_indicator,train
Phoenix,Phoenix,United States,High income,North America,north,6575_3066.png,6575_3066.png,3066,6575,-112.62084962346664,33.440609131188424,-112.6318359375,33.43144133557529,-112.60986328125,33.44977658311845,4.153958124278243,digital_modernization_tmi,0.9106628242074928,0.9106628242074928,1.7393759600312244,0.9106628242074928,seen_city,train_indicator,train
Cologne,Cologne,Germany,High income,Europe & Central Asia,north,5484_8507.png,5484_8507.png,8507,5484,6.932373036738774,51.00684193445353,6.92138671875,50.99992885585964,6.943359375,51.01375465718819,2.371387431709662,education_accessibility,0.7433264887063655,3.22250261459947,24.09083436228133,0.7433264887063655,seen_city,train_indicator,train
Daegu,Daegu,South Korea,High income,East Asia & Pacific,north,6447_14037.png,6447_14037.png,14037,6447,128.44116210478458,35.755428046570216,128.43017578125,35.7465122599185,128.4521484375,35.764343479667176,3.9287542366023183,nighttime_light_intensity,0.4042553191489361,1.3046634838769875,,0.4042553191489361,seen_city,train_indicator,train
Oslo,Oslo,Norway,High income,Europe & Central Asia,north,4747_8679.png,4747_8679.png,8679,4747,10.71166992711614,60.11414481664541,10.70068359375,60.10867046303599,10.72265625,60.11961885993202,1.4895575965367445,population_count,0.1057565789473684,0.0,,0.1057565789473684,seen_city,train_indicator,train
Taizhou,Taizhou,China,Upper middle income,East Asia & Pacific,north,6627_13640.png,6627_13640.png,13640,6627,119.71801754895036,32.48196282395939,119.70703125,32.472695022061494,119.72900390625,32.49123028794759,4.2518017263823005,education_accessibility,0.2456896551724137,1.070371034949958e-08,1.0703710406784289e-08,0.2456896551724137,seen_city,train_indicator,train
Niigata,Niigata,Japan,High income,East Asia & Pacific,north,6320_14527.png,6320_14527.png,14527,6320,139.20776365800342,37.98750404017292,139.19677734375,37.97884504049711,139.21875,37.99616267972812,3.709589044456857,digital_modernization_tmi,0.6210526315789474,0.6210526315789474,1.9368223230360329,0.6210526315789474,seen_city,train_indicator,train
Oslo,Oslo,Norway,High income,Europe & Central Asia,north,4778_8661.png,4778_8661.png,8661,4778,10.316162113490108,59.77299132386972,10.30517578125,59.76746035005357,10.3271484375,59.77852198502987,1.5202902562258458,education_accessibility,0.8398026315789474,2.535874109217692,11.627463807838978,0.8398026315789474,seen_city,train_indicator,train
Auckland,Auckland,New Zealand,High income,East Asia & Pacific,south,10022_16155.png,10022_16155.png,16155,10022,174.9792480309264,-37.27405248137941,174.96826171875,-37.28279464911046,174.990234375,-37.26530995561874,3.781575167740092,digital_modernization_tmi,0.3027522935779816,0.3027522935779816,1.0766225620287675,0.3027522935779816,seen_city,train_indicator,train
Adana,Adana,Turkey,Upper middle income,Europe & Central Asia,north,6377_9803.png,6377_9803.png,9803,6377,35.40893556603081,36.99377806099002,35.39794921875,36.98500309285596,35.419921875,37.002552672159545,3.8107544508658,digital_total_cell_intensity,0.5892857142857143,5.640940051840442,280.7274324247223,0.5892857142857143,seen_city,train_indicator,train
Niigata,Niigata,Japan,High income,East Asia & Pacific,north,6324_14527.png,6324_14527.png,14527,6324,139.20776365797676,37.91820078909508,139.19677734375,37.90953361677019,139.21875,37.92686760148134,3.7165408160065625,education_accessibility,0.6,2.09162789217304,7.098087252881795,0.6,seen_city,train_indicator,train
Cologne,Cologne,Germany,High income,Europe & Central Asia,north,5504_8514.png,5504_8514.png,8514,5504,7.0861816311287535,50.729501163709465,7.0751953125,50.7225468336323,7.09716796875,50.73645513701065,2.399455445009146,food_accessibility,0.9671457905544149,4.058645491632375,56.89583754802059,0.9671457905544149,seen_city,train_indicator,train
Perth,Perth,Australia,High income,East Asia & Pacific,south,9728_13468.png,9728_13468.png,13468,9728,115.9387206935814,-31.961483252499423,115.927734375,-31.97080393043309,115.94970703125,-31.952162238024968,4.291282644066612,education_accessibility,0.8914835164835165,3.365104412597097,27.93651847836812,0.8914835164835165,seen_city,train_indicator,train
Kitakyushu,Kitakyushu,Japan,High income,East Asia & Pacific,north,6553_14140.png,6553_14140.png,14140,6553,130.7043457178021,33.84304500027042,130.693359375,33.83391995365471,130.71533203125,33.8521697014074,4.115884922797913,food_accessibility,0.8735362997658079,3.4925633879722087,31.87009861988012,0.8735362997658079,seen_city,train_indicator,train
Birmingham,Birmingham,United Kingdom,High income,Europe & Central Asia,north,5379_8108.png,5379_8108.png,8108,5379,-1.83471679151456,52.43592025013713,-1.845703125,52.42922227795512,-1.82373046875,52.44261787120724,2.226024139382518,population_count,0.8539576365663322,9.120145503966786,,0.8539576365663322,seen_city,train_indicator,train
Harare,Harare,Zimbabwe,Lower middle income,Sub-Saharan Africa ,south,9018_9602.png,9018_9602.png,9602,9018,30.992431617786146,-17.863746887880296,30.9814453125,-17.8742034396575,31.00341796875,-17.85329011409801,5.392092943496034,education_accessibility,0.7748344370860927,2.4941025873579354,11.110860201342035,0.7748344370860927,seen_city,train_indicator,train
Auckland,Auckland,New Zealand,High income,East Asia & Pacific,south,10004_16140.png,10004_16140.png,16140,10004,174.64965818441752,-36.958670803937856,174.638671875,-36.96744946416932,174.66064453125,-36.94989178681328,3.8140382258048833,food_accessibility,0.5015290519877675,1.1130848811948932,2.0437334826671014,0.5015290519877675,seen_city,train_indicator,train
Brisbane,Brisbane,Australia,High income,East Asia & Pacific,south,9499_15169.png,9499_15169.png,15169,9499,153.31420898746345,-27.595934496848287,153.30322265625,-27.60567082646545,153.3251953125,-27.586197857692657,4.677363226054713,education_accessibility,0.2998624484181568,1.3847055656181488,2.9936498638626867,0.2998624484181568,seen_city,train_indicator,train
Cologne,Cologne,Germany,High income,Europe & Central Asia,north,5491_8490.png,5491_8490.png,8490,5491,6.558837878608707,50.90996033819151,6.5478515625,50.903032831112576,6.56982421875,50.91688748924506,2.381735791460082,digital_total_cell_intensity,0.2833675564681724,5.468383377266097,236.0766193454421,0.2833675564681724,seen_city,train_indicator,train
Warsaw,Warsaw,Poland,High income,Europe & Central Asia,north,5420_9148.png,5420_9148.png,9148,5420,21.01684570320447,51.88327262954044,21.005859375,51.87649097061476,21.02783203125,51.89005393521691,2.281359548237931,food_accessibility,0.1036400404448938,0.540034837151727,0.7160666440175892,0.1036400404448938,seen_city,train_indicator,train
Buenos Aires,Buenos Aires,Argentina,Upper middle income,Latin America & Caribbean ,south,9855_5511.png,9855_5511.png,5511,9855,-58.89770509428945,-34.298068034348496,-58.90869140625,-34.30714385628804,-58.88671875,-34.288991865037524,4.072877055185999,population_count,0.1616809116809116,2.610496053024982,,0.1616809116809116,seen_city,train_indicator,train
Oslo,Oslo,Norway,High income,Europe & Central Asia,north,4752_8703.png,4752_8703.png,8703,4752,11.239013678752013,60.05935731109241,11.22802734375,60.05387385148492,11.25,60.064840460104506,1.4947382613429814,population_count,0.4157894736842105,2.318920796327928,,0.4157894736842105,seen_city,train_indicator,train
Warsaw,Warsaw,Poland,High income,Europe & Central Asia,north,5385_9134.png,5385_9134.png,9134,5385,20.709228514282326,52.35547337512283,20.6982421875,52.34876318198808,20.72021484375,52.362183216744256,2.2337911850452032,population_count,0.1349848331648129,3.991020158596966,,0.1349848331648129,seen_city,train_indicator,train
Warsaw,Warsaw,Poland,High income,Europe & Central Asia,north,5381_9152.png,5381_9152.png,9152,5381,21.104736328607448,52.40912091883436,21.09375,52.40241887397332,21.11572265625,52.415822612378776,2.2283778021690765,digital_modernization_tmi,0.9368048533872598,0.9368048533872598,1.2113869315352883,0.9368048533872598,seen_city,train_indicator,train
Birmingham,Birmingham,United Kingdom,High income,Europe & Central Asia,north,5372_8113.png,5372_8113.png,8113,5372,-1.72485350978449,52.52958966623618,-1.73583984375,52.52290594027807,-1.7138671875,52.536273041459474,2.21667759503012,nighttime_light_intensity,0.8695652173913043,3.127336723841948,,0.8695652173913043,seen_city,train_indicator,train
Cologne,Cologne,Germany,High income,Europe & Central Asia,north,5484_8531.png,5484_8531.png,8531,5484,7.459716789322788,51.006841934532126,7.44873046875,50.99992885585964,7.470703125,51.01375465718819,2.370842040497589,food_accessibility,0.1060917180013689,1.0758319814013464,1.932431614474672,0.1060917180013689,seen_city,train_indicator,train
Munich,Munich,Germany,High income,Europe & Central Asia,north,5672_8719.png,5672_8719.png,8719,5672,11.590576186066478,48.33434283280655,11.57958984375,48.327039130634766,11.6015625,48.3416461723746,2.64634719908498,food_accessibility,0.3208955223880597,1.3410749066131746,2.823150827584688,0.3208955223880597,seen_city,train_indicator,train
Rawalpindi,Rawalpindi,Pakistan,Lower middle income,"Middle East, North Africa, Afghanistan & Pakistan",south,6561_11522.png,6561_11522.png,11522,6561,73.17993162489671,33.696922379153165,73.1689453125,33.68778175843937,73.19091796875,33.706062655101206,4.130181949286726,population_count,0.0618892508143322,6.343588634089564,,0.0618892508143322,seen_city,train_indicator,train
Munich,Munich,Germany,High income,Europe & Central Asia,north,5692_8712.png,5692_8712.png,8712,5692,11.43676759163008,48.04136473239039,11.42578125,48.03401915864286,11.44775390625,48.04870994288686,2.67633995685942,population_count,0.0195895522388059,0.0,,0.0195895522388059,seen_city,train_indicator,train
Niigata,Niigata,Japan,High income,East Asia & Pacific,north,6327_14519.png,6327_14519.png,14519,6327,139.03198240659182,37.8661804547484,139.02099609375,37.85750715625204,139.04296875,37.87485339352928,3.7222250185346617,digital_modernization_tmi,0.1859649122807017,0.1859649122807017,1.845925136122472,0.1859649122807017,seen_city,train_indicator,train
Daegu,Daegu,South Korea,High income,East Asia & Pacific,north,6447_14033.png,6447_14033.png,14033,6447,128.35327147906264,35.75542804656319,128.34228515625,35.7465122599185,128.3642578125,35.764343479667176,3.928838118393314,food_accessibility,0.4500818330605565,0.2528223566508789,0.2876545132558221,0.4500818330605565,seen_city,train_indicator,train
Birmingham,Birmingham,United Kingdom,High income,Europe & Central Asia,north,5371_8106.png,5371_8106.png,8106,5371,-1.878662104241959,52.54295473327675,-1.8896484375,52.536273041459474,-1.86767578125,52.54963607438229,2.215242758973237,nighttime_light_intensity,0.8517279821627648,3.0527010365717326,,0.8517279821627648,seen_city,train_indicator,train
Phoenix,Phoenix,United States,High income,North America,north,6546_3060.png,6546_3060.png,3060,6546,-112.75268556192243,33.97069768227318,-112.763671875,33.96158628979908,-112.74169921875,33.979808728724564,4.1038265288359215,population_count,0.6965829559489501,7.255180105185469,,0.6965829559489501,seen_city,train_indicator,train
Perth,Perth,Australia,High income,East Asia & Pacific,south,9736_13462.png,9736_13462.png,13462,9736,115.80688475493132,-32.11049559069877,115.7958984375,-32.119801111793265,115.81787109375,-32.10118973232094,4.277747965458712,education_accessibility,0.7445054945054945,2.822765825632294,15.82331674466395,0.7445054945054945,seen_city,train_indicator,train
Warsaw,Warsaw,Poland,High income,Europe & Central Asia,north,5389_9149.png,5389_9149.png,9149,5389,21.03881835955469,52.30176062996087,21.02783203125,52.29504228453733,21.0498046875,52.30847862366336,2.239173784714669,digital_total_cell_intensity,0.9383215369059656,7.759713126468402,2343.232010689924,0.9383215369059656,seen_city,train_indicator,train
Qinhuangdao,Qinhuangdao,China,Upper middle income,East Asia & Pacific,north,6200_13641.png,6200_13641.png,13641,6200,119.73999025436682,40.03602619304165,119.72900390625,40.02761443748665,119.7509765625,40.044437584608566,3.5049851162037484,digital_total_cell_intensity,0.477124183006536,3.31052268645322,26.39944304748254,0.477124183006536,seen_city,train_indicator,train
Phoenix,Phoenix,United States,High income,North America,north,6581_3132.png,6581_3132.png,3132,6581,-111.17065429836246,33.33052793723139,-111.181640625,33.32134852669881,-111.15966796875,33.33970700424027,4.162086971655379,digital_modernization_tmi,0.1803211198023878,0.1803211198023878,1.44029043023642,0.1803211198023878,seen_city,train_indicator,train
Brisbane,Brisbane,Australia,High income,East Asia & Pacific,south,9506_15157.png,9506_15157.png,15157,9506,153.05053710987048,-27.73216043099956,153.03955078125,-27.741884632507084,153.0615234375,-27.72243591897344,4.66573276912091,digital_modernization_tmi,0.8170563961485557,0.8170563961485557,1.50988283714118,0.8170563961485557,seen_city,train_indicator,train
Oslo,Oslo,Norway,High income,Europe & Central Asia,north,4754_8677.png,4754_8677.png,8677,4754,10.66772461450566,60.03741680402628,10.65673828125,60.0319296991156,10.6787109375,60.04290359809165,1.4964662503995794,population_count,0.4322368421052631,2.4608838883379924,,0.4322368421052631,seen_city,train_indicator,train
Phoenix,Phoenix,United States,High income,North America,north,6558_3087.png,6558_3087.png,3087,6558,-112.1594238381311,33.75174756174868,-112.17041015625,33.74261277734688,-112.1484375,33.760882000869174,4.1232367380273605,population_count,0.1418279127212844,0.0,,0.1418279127212844,seen_city,train_indicator,train
Oslo,Oslo,Norway,High income,Europe & Central Asia,north,4779_8656.png,4779_8656.png,8656,4779,10.20629883189926,59.76192785607605,10.1953125,59.7563950493563,10.21728515625,59.76746035005357,1.5212621211120254,digital_total_cell_intensity,0.9164473684210528,5.993469627597071,399.8028368028668,0.9164473684210528,seen_city,train_indicator,train
Buenos Aires,Buenos Aires,Argentina,Upper middle income,Latin America & Caribbean ,south,9880_5533.png,9880_5533.png,5533,9880,-58.41430665253926,-34.75063948648344,-58.42529296875,-34.75966612466249,-58.4033203125,-34.74161249883172,4.027888364590039,digital_total_cell_intensity,0.8774928774928775,6.3858159470148586,592.3686925423495,0.8774928774928775,seen_city,train_indicator,train
Cordoba,Cordoba,Argentina,Upper middle income,Latin America & Caribbean ,south,9701_5280.png,9701_5280.png,5280,9701,-63.97338868072588,-31.45678217014684,-63.984375,-31.466153715024284,-63.96240234375,-31.44741029142872,4.337627773172256,digital_total_cell_intensity,0.0261904761904761,0.4369897557157253,0.548040218411044,0.0261904761904761,seen_city,train_indicator,train
Kitakyushu,Kitakyushu,Japan,High income,East Asia & Pacific,north,6547_14143.png,6547_14143.png,14143,6547,130.77026368708002,33.95247329115588,130.75927734375,33.94335994657881,130.78125,33.96158628979908,4.105623713712509,digital_modernization_tmi,0.3770491803278688,0.3770491803278688,1.8907856751657728,0.3770491803278688,seen_city,train_indicator,train
Cordoba,Cordoba,Argentina,Upper middle income,Latin America & Caribbean ,south,9689_5264.png,9689_5264.png,5264,9689,-64.32495118398172,-31.231591371301214,-64.3359375,-31.2409853780213,-64.31396484375,-31.22219703210318,4.359033223906726,population_count,0.8166666666666667,8.657690856694796,,0.8166666666666667,seen_city,train_indicator,train
Faisalabad,Faisalabad,Pakistan,Lower middle income,"Middle East, North Africa, Afghanistan & Pakistan",north,6682_11532.png,6682_11532.png,11532,6682,73.3996581885729,31.456782170035545,73.388671875,31.44741029142872,73.41064453125,31.466153715024284,4.339187161500968,education_accessibility,0.0512195121951219,0.0243778953012777,0.0246774655349273,0.0512195121951219,seen_city,train_indicator,train
Buenos Aires,Buenos Aires,Argentina,Upper middle income,Latin America & Caribbean ,south,9862_5516.png,9862_5516.png,5516,9862,-58.78784181205668,-34.42503581302044,-58.798828125,-34.43409789359468,-58.77685546875,-34.41597338448187,4.060314595403808,digital_total_cell_intensity,0.6509971509971509,5.327766440789358,204.97739727205288,0.6509971509971509,seen_city,train_indicator,train
Panama City,Panama City,Panama,High income,Latin America & Caribbean ,north,7772_4570.png,7772_4570.png,4570,7772,-79.57397459189289,9.178024469000633,-79.5849609375,9.167178732976668,-79.56298828125,9.188870084473402,5.792458241488202,food_accessibility,0.2299465240641711,0.1561425219266218,0.1689927983236744,0.2299465240641711,seen_city,train_indicator,train
Oslo,Oslo,Norway,High income,Europe & Central Asia,north,4786_8694.png,4786_8694.png,8694,4786,11.041259772039352,59.68438088511484,11.0302734375,59.67883523696078,11.05224609375,59.68992622014336,1.5286306634947346,population_count,0.5930921052631579,3.761767631077104,,0.5930921052631579,seen_city,train_indicator,train
Birmingham,Birmingham,United Kingdom,High income,Europe & Central Asia,north,5378_8103.png,5378_8103.png,8103,5378,-1.9445800732728145,52.4493138074639,-1.95556640625,52.44261787120724,-1.93359375,52.45600939264076,2.2246160589490604,nighttime_light_intensity,0.9442586399108138,3.5492678424261634,,0.9442586399108138,seen_city,train_indicator,train
Adana,Adana,Turkey,Upper middle income,Europe & Central Asia,north,6375_9801.png,6375_9801.png,9801,6375,35.36499025316373,37.028869119119385,35.35400390625,37.020098201368114,35.3759765625,37.0376396797714,3.807107533332225,education_accessibility,0.7321428571428571,3.975100848965886,52.255487395758486,0.7321428571428571,seen_city,train_indicator,train
Mianyang,Mianyang,China,Upper middle income,East Asia & Pacific,north,6689_12962.png,6689_12962.png,12962,6689,104.82055663898872,31.325486375343136,104.8095703125,31.31610138349563,104.83154296875,31.3348710339506,4.348769656784732,digital_total_cell_intensity,0.1647058823529411,1.2895819612262798,2.6312682274980075,0.1647058823529411,seen_city,train_indicator,train
Warsaw,Warsaw,Poland,High income,Europe & Central Asia,north,5396_9132.png,5396_9132.png,9132,5396,20.66528320156896,52.20760633882651,20.654296875,52.20087371733219,20.67626953125,52.2143386082582,2.2486806504921697,digital_total_cell_intensity,0.5672396359959555,5.583652972178988,265.04167572812423,0.5672396359959555,seen_city,train_indicator,train
Oslo,Oslo,Norway,High income,Europe & Central Asia,north,4780_8681.png,4780_8681.png,8681,4780,10.75561523987049,59.75086072211554,10.74462890625,59.74532608213611,10.7666015625,59.7563950493563,1.5224588582638208,digital_modernization_tmi,0.6865131578947369,0.6865131578947369,1.2687401739233133,0.6865131578947369,seen_city,train_indicator,train
Phoenix,Phoenix,United States,High income,North America,north,6571_3114.png,6571_3114.png,3114,6571,-111.56616211428864,33.513919111233506,-111.5771484375,33.504759069226075,-111.55517578125,33.52307880890421,4.144961325109002,digital_modernization_tmi,0.316591189790037,0.316591189790037,1.5382684211821136,0.316591189790037,seen_city,train_indicator,train
Kitakyushu,Kitakyushu,Japan,High income,East Asia & Pacific,north,6541_14150.png,6541_14150.png,14150,6541,130.92407228210783,34.06176104573967,130.9130859375,34.05265942137598,130.93505859375,34.070862323766306,4.095649010293897,digital_modernization_tmi,0.4847775175644028,0.4847775175644028,1.9080573631640192,0.4847775175644028,seen_city,train_indicator,train
Brisbane,Brisbane,Australia,High income,East Asia & Pacific,south,9504_15159.png,9504_15159.png,15159,9504,153.094482422802,-27.69325606477799,153.08349609375,-27.702983735525848,153.10546875,-27.68352808378776,4.669034448924335,population_count,0.8954607977991746,9.18735144792654,,0.8954607977991746,seen_city,train_indicator,train
Cordoba,Cordoba,Argentina,Upper middle income,Latin America & Caribbean ,south,9693_5269.png,9693_5269.png,5269,9693,-64.21508790170977,-31.306714853918084,-64.22607421875,-31.31610138349563,-64.2041015625,-31.297327991404263,4.351890974079317,digital_modernization_tmi,0.9214285714285714,0.9214285714285714,1.1588726151410456,0.9214285714285714,seen_city,train_indicator,train
Warsaw,Warsaw,Poland,High income,Europe & Central Asia,north,5410_9156.png,5410_9156.png,9156,5410,21.1926269540282,52.01869774650078,21.181640625,52.01193653675362,21.20361328125,52.02545860348813,2.267701440924585,food_accessibility,0.2517694641051567,1.0055158744529766,1.7333169575747909,0.2517694641051567,seen_city,train_indicator,train
Niigata,Niigata,Japan,High income,East Asia & Pacific,north,6324_14530.png,6324_14530.png,14530,6324,139.27368162723792,37.91820078910999,139.2626953125,37.90953361677019,139.28466796875,37.92686760148134,3.716376726086778,nighttime_light_intensity,0.0526315789473684,0.2457833794791423,,0.0526315789473684,seen_city,train_indicator,train
Cologne,Cologne,Germany,High income,Europe & Central Asia,north,5488_8510.png,5488_8510.png,8510,5488,6.998291005788029,50.95150575718337,6.9873046875,50.94458443495011,7.00927734375,50.95842672335992,2.3769419852125395,food_accessibility,0.9527720739219712,3.9121369418517458,49.005697145730025,0.9527720739219712,seen_city,train_indicator,train
Phoenix,Phoenix,United States,High income,North America,north,6586_3091.png,6586_3091.png,3091,6586,-112.0715332124849,33.23868721615609,-112.08251953125,33.229498141449504,-112.060546875,33.247875947924385,4.171772958323996,digital_modernization_tmi,0.416220666941128,0.416220666941128,1.5782374886386394,0.416220666941128,seen_city,train_indicator,train
Cologne,Cologne,Germany,High income,Europe & Central Asia,north,5513_8509.png,5513_8509.png,8509,5513,6.97631834927962,50.60415915051548,6.96533203125,50.59718623058704,6.9873046875,50.61113171332363,2.412365530925092,population_count,0.3353867214236824,5.761171732268772,,0.3353867214236824,seen_city,train_indicator,train
Oslo,Oslo,Norway,High income,Europe & Central Asia,north,4761_8684.png,4761_8684.png,8684,4761,10.821533208754747,59.96051013807282,10.810546875,59.95501026206206,10.83251953125,59.966009702748345,1.5034800380495064,digital_modernization_tmi,0.5092105263157894,0.5092105263157894,1.215072994236709,0.5092105263157894,seen_city,train_indicator,train
Warsaw,Warsaw,Poland,High income,Europe & Central Asia,north,5405_9119.png,5405_9119.png,9119,5405,20.37963866897519,52.08625699796112,20.36865234375,52.079506003796965,20.390625,52.09300763963823,2.2609793320103315,population_count,0.7578361981799798,6.821235941725163,,0.7578361981799798,seen_city,train_indicator,train
Buenos Aires,Buenos Aires,Argentina,Upper middle income,Latin America & Caribbean ,south,9899_5544.png,9899_5544.png,5544,9899,-58.17260743166961,-35.09294499372196,-58.18359375,-35.10193405724606,-58.16162109375,-35.083955579276434,3.994201333401477,digital_modernization_tmi,0.2863247863247863,0.2863247863247863,0.9285525457716216,0.2863247863247863,seen_city,train_indicator,train
Alexandria,Alexandria,Egypt,Lower middle income,"Middle East, North Africa, Afghanistan & Pakistan",north,6696_9564.png,6696_9564.png,9564,6696,30.15747073200429,31.194007208896267,30.146484375,31.184609135743244,30.16845703125,31.203404950917392,4.370502191588315,education_accessibility,0.165016501650165,0.1642083511884615,0.1784598230205802,0.165016501650165,seen_city,train_indicator,train
Oslo,Oslo,Norway,High income,Europe & Central Asia,north,4753_8693.png,4753_8693.png,8693,4753,11.019287115582037,60.04838888014429,11.00830078125,60.04290359809165,11.0302734375,60.05387385148492,1.4956226524457683,nighttime_light_intensity,0.1873355263157894,0.0,,0.1873355263157894,seen_city,train_indicator,train
Phoenix,Phoenix,United States,High income,North America,north,6565_3066.png,6565_3066.png,3066,6565,-112.62084962340596,33.62376768778243,-112.6318359375,33.61461929233378,-112.60986328125,33.63291573870477,4.136548998355822,nighttime_light_intensity,0.0864553314121037,0.0,,0.0864553314121037,seen_city,train_indicator,train
Niigata,Niigata,Japan,High income,East Asia & Pacific,north,6335_14516.png,6335_14516.png,14516,6335,138.96606443726944,37.72727994674264,138.955078125,37.71859032558815,138.97705078125,37.7359692085905,3.736329994486279,education_accessibility,0.1052631578947368,0.9951605789346184,1.7051586979059397,0.1052631578947368,seen_city,train_indicator,train
Daegu,Daegu,South Korea,High income,East Asia & Pacific,north,6438_14032.png,6438_14032.png,14032,6438,128.3312988226547,35.91574709616115,128.3203125,35.906849306771186,128.34228515625,35.92464453144098,3.913153031264168,digital_total_cell_intensity,0.3355155482815057,4.089579139420501,58.71475482863445,0.3355155482815057,seen_city,train_indicator,train
Taizhou,Taizhou,China,Upper middle income,East Asia & Pacific,north,6628_13652.png,6628_13652.png,13652,6628,119.98168942628352,32.4634256497602,119.970703125,32.45415593941475,119.99267578125,32.472695022061494,4.252000806647135,digital_total_cell_intensity,0.5991379310344828,2.0261952484939494,6.585171693678044,0.5991379310344828,seen_city,train_indicator,train
Kitakyushu,Kitakyushu,Japan,High income,East Asia & Pacific,north,6566_14158.png,6566_14158.png,14158,6566,131.09985353381057,33.60546929883321,131.0888671875,33.596318961132695,131.11083984375,33.61461929233378,4.139856494153133,digital_modernization_tmi,0.3091334894613583,0.3091334894613583,1.8764381747062155,0.3091334894613583,seen_city,train_indicator,train
Oslo,Oslo,Norway,High income,Europe & Central Asia,north,4788_8699.png,4788_8699.png,8699,4788,11.151123053643207,59.66219157415468,11.14013671875,59.65664225341023,11.162109375,59.667740581649625,1.5307045787755094,digital_modernization_tmi,0.0029605263157894,0.0029605263157894,0.5051582902614066,0.0029605263157894,seen_city,train_indicator,train
Niigata,Niigata,Japan,High income,East Asia & Pacific,north,6325_14523.png,6325_14523.png,14523,6325,139.1198730322883,37.90086476193287,139.10888671875,37.89219554724436,139.130859375,37.90953361677019,3.7185076665831898,digital_modernization_tmi,0.656140350877193,0.656140350877193,1.9414222595219373,0.656140350877193,seen_city,train_indicator,train
Daegu,Daegu,South Korea,High income,East Asia & Pacific,north,6432_14055.png,6432_14055.png,14055,6432,128.83666992054256,36.02244635802718,128.82568359375,36.01356058518154,128.84765625,36.03133177633188,3.902353629077136,digital_modernization_tmi,0.7855973813420621,0.7855973813420621,1.9395304550673067,0.7855973813420621,seen_city,train_indicator,train
Munich,Munich,Germany,High income,Europe & Central Asia,north,5700_8710.png,5700_8710.png,8710,5700,11.39282227894808,47.92370437558126,11.3818359375,47.91634204016117,11.40380859375,47.93106634750977,2.688426191624458,nighttime_light_intensity,0.3451492537313433,0.5385803389594792,,0.3451492537313433,seen_city,train_indicator,train
Oslo,Oslo,Norway,High income,Europe & Central Asia,north,4774_8693.png,4774_8693.png,8693,4774,11.019287115669774,59.817208549841695,11.00830078125,59.8116849036565,11.0302734375,59.82273188377389,1.516552000937776,education_accessibility,0.0559210526315789,0.0356834145541514,0.0363277082822021,0.0559210526315789,seen_city,train_indicator,train
Phoenix,Phoenix,United States,High income,North America,north,6548_3060.png,6548_3060.png,3060,6548,-112.75268556193558,33.934244996256204,-112.763671875,33.92512970007198,-112.74169921875,33.94335994657881,4.107313733177223,nighttime_light_intensity,0.2408398517908604,0.2661564576321207,,0.2408398517908604,seen_city,train_indicator,train
Phoenix,Phoenix,United States,High income,North America,north,6580_3111.png,6580_3111.png,3111,6580,-111.63208008363202,33.34888448028915,-111.64306640625,33.33970700424027,-111.62109375,33.35806161277886,4.160678376374917,food_accessibility,0.7402223137093454,1.58742630708668,3.8911444114964895,0.7402223137093454,seen_city,train_indicator,train
Buenos Aires,Buenos Aires,Argentina,Upper middle income,Latin America & Caribbean ,south,9894_5544.png,9894_5544.png,5544,9894,-58.1726074316916,-35.0030030756522,-58.18359375,-35.0120020431607,-58.16162109375,-34.99400375757576,4.002930543717506,nighttime_light_intensity,0.1374643874643874,0.6916475959751507,,0.1374643874643874,seen_city,train_indicator,train
Auckland,Auckland,New Zealand,High income,East Asia & Pacific,south,10021_16156.png,10021_16156.png,16156,10021,175.00122068734237,-37.25656575758138,174.990234375,-37.26530995561874,175.01220703125,-37.24782120155428,3.7832535129634346,digital_modernization_tmi,0.0458715596330275,0.0458715596330275,0.9218053928204538,0.0458715596330275,seen_city,train_indicator,train
Buenos Aires,Buenos Aires,Argentina,Upper middle income,Latin America & Caribbean ,south,9878_5530.png,9878_5530.png,5530,9878,-58.48022462185566,-34.71452434328378,-58.4912109375,-34.723554927042194,-58.46923828125,-34.70549341022546,4.031538778545686,population_count,0.8311965811965812,10.100985101985897,,0.8311965811965812,seen_city,train_indicator,train
Perth,Perth,Australia,High income,East Asia & Pacific,south,9739_13471.png,9739_13471.png,13471,9739,116.00463866296496,-32.1663126511016,115.99365234375,-32.17561247849933,116.015625,-32.15701248607008,4.27215814110985,digital_total_cell_intensity,0.6057692307692307,4.949557606900664,140.11252290439475,0.6057692307692307,seen_city,train_indicator,train
Oslo,Oslo,Norway,High income,Europe & Central Asia,north,4749_8678.png,4749_8678.png,8678,4749,10.68969727080584,60.09224074107456,10.6787109375,60.08676274626006,10.70068359375,60.09771842541546,1.4915251530786362,population_count,0.1057565789473684,0.0,,0.1057565789473684,seen_city,train_indicator,train
Phoenix,Phoenix,United States,High income,North America,north,6578_3124.png,6578_3124.png,3124,6578,-111.34643554989074,33.38558595679682,-111.357421875,33.37641235124678,-111.33544921875,33.394759218577974,4.156954103992379,education_accessibility,0.0345821325648415,0.0011486853262317,0.0011493453179044,0.0345821325648415,seen_city,train_indicator,train
Auckland,Auckland,New Zealand,High income,East Asia & Pacific,south,9991_16132.png,9991_16132.png,16132,9991,174.47387693289576,-36.730079180252005,174.462890625,-36.73888412439431,174.48486328125,-36.721273880045,3.83738467170158,population_count,0.3348623853211009,4.552627036970598,,0.3348623853211009,seen_city,train_indicator,train
Phoenix,Phoenix,United States,High income,North America,north,6587_3082.png,6587_3082.png,3082,6587,-112.26928712046708,33.220307478327186,-112.2802734375,33.21111647241684,-112.25830078125,33.229498141449504,4.173924548357591,food_accessibility,0.0284067517496912,3.7883845855743103e-05,3.788456345769332e-05,0.0284067517496912,seen_city,train_indicator,train
Oslo,Oslo,Norway,High income,Europe & Central Asia,north,4785_8702.png,4785_8702.png,8702,4785,11.217041022586413,59.69547003257891,11.2060546875,59.68992622014336,11.22802734375,59.70101353199731,1.5277107492825104,food_accessibility,0.0519736842105263,0.0157104140972757,0.0158344714656083,0.0519736842105263,seen_city,train_indicator,train
Vienna,Vienna,Austria,High income,Europe & Central Asia,north,5669_8947.png,5669_8947.png,8947,5669,16.600341805629167,48.37814512822051,16.58935546875,48.37084770238364,16.611328125,48.38544219115484,2.6403466812490017,digital_total_cell_intensity,0.492344883158743,5.46128022651556,234.39859506387367,0.492344883158743,seen_city,train_indicator,train
Oslo,Oslo,Norway,High income,Europe & Central Asia,north,4739_8704.png,4739_8704.png,8704,4739,11.260986335009203,60.20161557101335,11.25,60.19615576604439,11.27197265625,60.20707506634914,1.4819188512249235,digital_total_cell_intensity,0.3013157894736842,3.136537031176263,22.023997260863684,0.3013157894736842,seen_city,train_indicator,train
Birmingham,Birmingham,United Kingdom,High income,Europe & Central Asia,north,5372_8090.png,5372_8090.png,8090,5372,-2.2302246058488944,52.52958966627558,-2.2412109375,52.52290594027807,-2.21923828125,52.536273041459474,2.2164187344398005,nighttime_light_intensity,0.2831661092530658,1.037983427462329,,0.2831661092530658,seen_city,train_indicator,train
Warsaw,Warsaw,Poland,High income,Europe & Central Asia,north,5398_9164.png,5398_9164.png,9164,5398,21.36840820483977,52.1806683951642,21.357421875,52.17393169256847,21.37939453125,52.187404745599686,2.2514000468596613,digital_modernization_tmi,0.365015166835187,0.365015166835187,1.0286524108891324,0.365015166835187,seen_city,train_indicator,train
Phoenix,Phoenix,United States,High income,North America,north,6577_3100.png,6577_3100.png,3100,6577,-111.87377930447806,33.403930888026444,-111.884765625,33.394759218577974,-111.86279296875,33.413102213708285,4.155786277173914,digital_modernization_tmi,0.8719637710992177,0.8719637710992177,1.7156849337170113,0.8719637710992177,seen_city,train_indicator,train
Cologne,Cologne,Germany,High income,Europe & Central Asia,north,5512_8507.png,5512_8507.png,8507,5512,6.932373036566728,50.61810256690056,6.92138671875,50.61113171332363,6.943359375,50.62507306341436,2.410996265481934,nighttime_light_intensity,0.7515400410677618,1.940023810524956,,0.7515400410677618,seen_city,train_indicator,train
Oslo,Oslo,Norway,High income,Europe & Central Asia,north,4752_8695.png,4752_8695.png,8695,4752,11.063232428212723,60.05935731110979,11.05224609375,60.05387385148492,11.07421875,60.064840460104506,1.4946523947450494,digital_total_cell_intensity,0.5930921052631579,4.232996910095096,67.92348044004319,0.5930921052631579,seen_city,train_indicator,train
Buenos Aires,Buenos Aires,Argentina,Upper middle income,Latin America & Caribbean ,south,9899_5525.png,9899_5525.png,5525,9899,-58.59008790390676,-35.092944993644586,-58.60107421875,-35.10193405724606,-58.5791015625,-35.083955579276434,3.995145178977956,population_count,0.1538461538461538,2.532991492988724,,0.1538461538461538,seen_city,train_indicator,train
Faisalabad,Faisalabad,Pakistan,Lower middle income,"Middle East, North Africa, Afghanistan & Pakistan",north,6686_11523.png,6686_11523.png,11523,6686,73.20190428049781,31.381778480408105,73.19091796875,31.37239910488051,73.212890625,31.391157522824702,4.346720278560149,education_accessibility,0.6634146341463415,1.0630838257577144,1.8952857932570983,0.6634146341463415,seen_city,train_indicator,train
Vienna,Vienna,Austria,High income,Europe & Central Asia,north,5688_8937.png,5688_8937.png,8937,5688,16.380615242011118,48.10009435616392,16.36962890625,48.09275716032736,16.3916015625,48.10743118848039,2.668803637822465,digital_modernization_tmi,0.7252215954875101,0.7252215954875101,1.0119629185879817,0.7252215954875101,seen_city,train_indicator,train
Perth,Perth,Australia,High income,East Asia & Pacific,south,9723_13462.png,9723_13462.png,13462,9723,115.8068847548736,-31.86822751189963,115.7958984375,-31.87755764334002,115.81787109375,-31.85889704445453,4.300191608706761,population_count,0.8379120879120879,8.751749835270449,,0.8379120879120879,seen_city,train_indicator,train
Cologne,Cologne,Germany,High income,Europe & Central Asia,north,5505_8506.png,5505_8506.png,8506,5505,6.910400380250918,50.71559079561005,6.8994140625,50.70863440082822,6.92138671875,50.7225468336323,2.4010802623847827,education_accessibility,0.3100616016427104,2.1528547754669094,7.60940125582426,0.3100616016427104,seen_city,train_indicator,train
Phoenix,Phoenix,United States,High income,North America,north,6574_3062.png,6574_3062.png,3062,6574,-112.70874024922442,33.45894244106283,-112.7197265625,33.44977658311845,-112.69775390625,33.46810795527896,4.152476586769314,food_accessibility,0.5652531906134212,0.723415868630752,1.061462883987153,0.5652531906134212,seen_city,train_indicator,train
Auckland,Auckland,New Zealand,High income,East Asia & Pacific,south,9997_16139.png,9997_16139.png,16139,9997,174.6276855279306,-36.83566792008507,174.61669921875,-36.844460740795625,174.638671875,-36.82687474287728,3.826337585876255,nighttime_light_intensity,0.7874617737003058,2.0327993631213643,,0.7874617737003058,seen_city,train_indicator,train
Vienna,Vienna,Austria,High income,Europe & Central Asia,north,5699_8929.png,5699_8929.png,8929,5699,16.204833991081525,47.93842658753416,16.19384765625,47.93106634750977,16.2158203125,47.94578646368719,2.6853300598242367,digital_total_cell_intensity,0.8251410153102336,6.658930577457573,778.7166445442882,0.8251410153102336,seen_city,train_indicator,train
Oslo,Oslo,Norway,High income,Europe & Central Asia,north,4740_8675.png,4740_8675.png,8675,4740,10.623779301823951,60.19069445368575,10.61279296875,60.1852328315075,10.634765625,60.19615576604439,1.4826259342892565,food_accessibility,0.1233552631578947,0.0561137203312689,0.0577179609344068,0.1233552631578947,seen_city,train_indicator,train
Vienna,Vienna,Austria,High income,Europe & Central Asia,north,5688_8941.png,5688_8941.png,8941,5688,16.468505867497097,48.10009435615206,16.45751953125,48.09275716032736,16.4794921875,48.10743118848039,2.6688946938063496,population_count,0.5761482675261885,5.874065272800946,,0.5761482675261885,seen_city,train_indicator,train
Munich,Munich,Germany,High income,Europe & Central Asia,north,5672_8717.png,5672_8717.png,8717,5672,11.546630873325965,48.33434283281712,11.53564453125,48.327039130634766,11.5576171875,48.3416461723746,2.646266571344072,nighttime_light_intensity,0.1548507462686567,0.2225095980622653,,0.1548507462686567,seen_city,train_indicator,train
Cologne,Cologne,Germany,High income,Europe & Central Asia,north,5477_8518.png,5477_8518.png,8518,5477,7.174072256710668,51.10352160547493,7.1630859375,51.096622945029935,7.18505859375,51.11041991029263,2.361285631881681,digital_modernization_tmi,0.2936344969199179,0.2936344969199179,0.7068407890973507,0.2936344969199179,seen_city,train_indicator,train
Brisbane,Brisbane,Australia,High income,East Asia & Pacific,south,9491_15157.png,9491_15157.png,15157,9491,153.05053710987318,-27.44004018854136,153.03955078125,-27.44979032978421,153.0615234375,-27.43028973886259,4.690393472270492,population_count,0.7881705639614855,8.7236821482651,,0.7881705639614855,seen_city,train_indicator,train
Cologne,Cologne,Germany,High income,Europe & Central Asia,north,5497_8495.png,5497_8495.png,8495,5497,6.668701160357488,50.82675814473271,6.65771484375,50.81981826215654,6.6796875,50.8336976709807,2.3900609732875786,digital_total_cell_intensity,0.1334702258726899,4.955510468732532,140.95505149611404,0.1334702258726899,seen_city,train_indicator,train
Vienna,Vienna,Austria,High income,Europe & Central Asia,north,5678_8936.png,5678_8936.png,8936,5678,16.358642585596275,48.24662524906006,16.34765625,48.23930899024906,16.36962890625,48.25394114463432,2.6536590534939952,food_accessibility,0.9766317485898468,4.2871351679334335,71.75773096264932,0.9766317485898468,seen_city,train_indicator,train
Birmingham,Birmingham,United Kingdom,High income,Europe & Central Asia,north,5381_8086.png,5381_8086.png,8086,5381,-2.318115231234139,52.40912091881696,-2.3291015625,52.40241887397332,-2.30712890625,52.415822612378776,2.228492769119204,food_accessibility,0.1794871794871795,1.9568843533916749,6.077242492591535,0.1794871794871795,seen_city,train_indicator,train
Oslo,Oslo,Norway,High income,Europe & Central Asia,north,4787_8680.png,4787_8680.png,8680,4787,10.733642583577158,59.67328806593202,10.72265625,59.667740581649625,10.74462890625,59.67883523696078,1.5295018011128023,digital_total_cell_intensity,0.7756578947368421,4.992300380224843,146.27482221224452,0.7756578947368421,seen_city,train_indicator,train
Auckland,Auckland,New Zealand,High income,East Asia & Pacific,south,10020_16145.png,10020_16145.png,16145,10020,174.75952146667572,-37.23907497348149,174.74853515625,-37.24782120155428,174.7705078125,-37.23032838760387,3.7857486391629016,digital_total_cell_intensity,0.2507645259938837,3.255955683113044,24.94439731226088,0.2507645259938837,seen_city,train_indicator,train
Kitakyushu,Kitakyushu,Japan,High income,East Asia & Pacific,north,6544_14155.png,6544_14155.png,14155,6544,131.03393556432192,34.00713474902718,131.02294921875,33.99802726234876,131.044921875,34.016241889667015,4.101257425554616,nighttime_light_intensity,0.3700234192037471,0.8941282705091497,,0.3700234192037471,seen_city,train_indicator,train
Cordoba,Cordoba,Argentina,Upper middle income,Latin America & Caribbean ,south,9694_5268.png,9694_5268.png,5268,9694,-64.23706055815565,-31.3254863752398,-64.248046875,-31.3348710339506,-64.22607421875,-31.31610138349563,4.350225197056325,digital_total_cell_intensity,0.8380952380952381,5.001299538164967,147.60615304134762,0.8380952380952381,seen_city,train_indicator,train
Cordoba,Cordoba,Argentina,Upper middle income,Latin America & Caribbean ,south,9705_5278.png,9705_5278.png,5278,9705,-64.01733399361038,-31.53172584212372,-64.0283203125,-31.54108987958581,-64.00634765625,-31.52236147042144,4.330831717259344,nighttime_light_intensity,0.1309523809523809,0.3794390113751784,,0.1309523809523809,seen_city,train_indicator,train
Rawalpindi,Rawalpindi,Pakistan,Lower middle income,"Middle East, North Africa, Afghanistan & Pakistan",south,6569_11522.png,6569_11522.png,11522,6569,73.17993162484215,33.55055083074617,73.1689453125,33.54139466898275,73.19091796875,33.559706648411975,4.144117839939206,nighttime_light_intensity,0.739413680781759,2.973812471703343,,0.739413680781759,seen_city,train_indicator,train
Faisalabad,Faisalabad,Pakistan,Lower middle income,"Middle East, North Africa, Afghanistan & Pakistan",north,6685_11522.png,6685_11522.png,11522,6685,73.17993162405442,31.400535025049784,73.1689453125,31.391157522824702,73.19091796875,31.409912194070984,4.345076823869848,food_accessibility,0.7170731707317073,0.2156458980107271,0.2406629799800012,0.7170731707317073,seen_city,train_indicator,train
Warsaw,Warsaw,Poland,High income,Europe & Central Asia,north,5389_9137.png,5389_9137.png,9137,5389,20.77514648333416,52.30176062995898,20.76416015625,52.29504228453733,20.7861328125,52.30847862366336,2.23918632742558,digital_total_cell_intensity,0.2209302325581395,4.517334865418961,90.5911696121403,0.2209302325581395,seen_city,train_indicator,train
Warsaw,Warsaw,Poland,High income,Europe & Central Asia,north,5392_9120.png,5392_9120.png,9120,5392,20.40161132535005,52.26143326337144,20.390625,52.254708801130825,20.41259765625,52.26815737376817,2.2433240447449534,nighttime_light_intensity,0.1547017189079878,0.776356953618656,,0.1547017189079878,seen_city,train_indicator,train
Phoenix,Phoenix,United States,High income,North America,north,6553_3092.png,6553_3092.png,3092,6553,-112.04956055591327,33.84304500039297,-112.060546875,33.83391995365471,-112.03857421875,33.8521697014074,4.114318345748532,digital_modernization_tmi,0.2305475504322766,0.2305475504322766,1.486965176474233,0.2305475504322766,seen_city,train_indicator,train
Oslo,Oslo,Norway,High income,Europe & Central Asia,north,4743_8684.png,4743_8684.png,8684,4743,10.821533208687343,60.15790929043932,10.810546875,60.152442214380784,10.83251953125,60.16337605648777,1.485655659033679,education_accessibility,0.2868421052631579,0.6181583540077327,0.8555077049597404,0.2868421052631579,seen_city,train_indicator,train
Auckland,Auckland,New Zealand,High income,East Asia & Pacific,south,10017_16146.png,10017_16146.png,16146,10017,174.78149412307445,-37.18657826689618,174.7705078125,-37.19533058280064,174.79248046875,-37.17782559332975,3.7909086035395294,food_accessibility,0.1131498470948012,0.0993685350209393,0.1044732616409919,0.1131498470948012,seen_city,train_indicator,train
Lahore,Lahore,Pakistan,Lower middle income,"Middle East, North Africa, Afghanistan & Pakistan",north,6672_11575.png,6672_11575.png,11575,6672,74.34448241593887,31.64402864207054,74.33349609375,31.63467554954134,74.35546875,31.653381399663985,4.319923557066715,digital_modernization_tmi,0.7663316582914573,0.7663316582914573,0.8363364432096622,0.7663316582914573,seen_city,train_indicator,train
Buenos Aires,Buenos Aires,Argentina,Upper middle income,Latin America & Caribbean ,south,9888_5523.png,9888_5523.png,5523,9888,-58.63403321684123,-34.89494212815378,-58.64501953125,-34.90395296559005,-58.623046875,-34.885930940753155,4.0144747389927335,digital_modernization_tmi,0.4572649572649572,0.4572649572649572,0.992439742951531,0.4572649572649572,seen_city,train_indicator,train
Vienna,Vienna,Austria,High income,Europe & Central Asia,north,5668_8940.png,5668_8940.png,8940,5668,16.446533211033476,48.39273752508894,16.435546875,48.38544219115484,16.45751953125,48.400032496106846,2.6386749609116085,food_accessibility,0.0692989524576954,0.3863759859004992,0.4716378819026776,0.0692989524576954,seen_city,train_indicator,train
Oslo,Oslo,Norway,High income,Europe & Central Asia,north,4794_8677.png,4794_8677.png,8677,4794,10.667724614644516,59.59553545591577,10.65673828125,59.58997510773554,10.6787109375,59.60109549032134,1.536553793265747,nighttime_light_intensity,0.6756578947368421,1.5180252805867864,,0.6756578947368421,seen_city,train_indicator,train
Phoenix,Phoenix,United States,High income,North America,north,6566_3090.png,6566_3090.png,3090,6566,-112.09350586884496,33.605469299052096,-112.1044921875,33.596318961132695,-112.08251953125,33.61461929233378,4.137033076395713,population_count,0.9398929600658708,9.231357606434614,,0.9398929600658708,seen_city,train_indicator,train
Guiyang,Guiyang,China,Upper middle income,East Asia & Pacific,north,6944_13044.png,6944_13044.png,13044,6944,106.62231446941674,26.42138945583813,106.611328125,26.411550546622586,106.63330078125,26.431228064506435,4.778056364540254,food_accessibility,0.4425087108013937,3.482793864012216e-06,3.482799928945806e-06,0.4425087108013937,seen_city,train_indicator,train
Phoenix,Phoenix,United States,High income,North America,north,6571_3067.png,6571_3067.png,3067,6571,-112.59887696700166,33.51391911108115,-112.60986328125,33.504759069226075,-112.587890625,33.52307880890421,4.146933443405463,education_accessibility,0.1284479209551255,0.0192636567458954,0.0194503981616171,0.1284479209551255,seen_city,train_indicator,train
Auckland,Auckland,New Zealand,High income,East Asia & Pacific,south,10012_16143.png,10012_16143.png,16143,10012,174.7155761537604,-37.09900261580904,174.70458984375,-37.107765071185135,174.7265625,-37.09023980307207,3.799849750164387,digital_modernization_tmi,0.1712538226299694,0.1712538226299694,1.0180282758883796,0.1712538226299694,seen_city,train_indicator,train
Oslo,Oslo,Norway,High income,Europe & Central Asia,north,4760_8678.png,4760_8678.png,8678,4760,10.68969727084411,59.97150775311378,10.6787109375,59.966009702748345,10.70068359375,59.977005492196,1.502432035040254,nighttime_light_intensity,0.8042763157894737,2.204458355043733,,0.8042763157894737,seen_city,train_indicator,train
Kitakyushu,Kitakyushu,Japan,High income,East Asia & Pacific,north,6538_14156.png,6538_14156.png,14156,6538,131.05590822071414,34.116352154125615,131.044921875,34.10725639663119,131.06689453125,34.125447565116126,4.0908651055383904,education_accessibility,0.1522248243559719,0.8615386006345419,1.3667994528293697,0.1522248243559719,seen_city,train_indicator,train
Buenos Aires,Buenos Aires,Argentina,Upper middle income,Latin America & Caribbean ,south,9865_5519.png,9865_5519.png,5519,9865,-58.72192384272756,-34.479391653625285,-58.73291015625,-34.488447837809304,-58.7109375,-34.47033512121749,4.05488226062918,population_count,0.95014245014245,10.693680937436678,,0.95014245014245,seen_city,train_indicator,train
Brisbane,Brisbane,Australia,High income,East Asia & Pacific,south,9492_15155.png,9492_15155.png,15155,9492,153.00659179693997,-27.45953905602631,152.99560546875,-27.469287473692017,153.017578125,-27.44979032978421,4.688750092392583,population_count,0.9903713892709766,9.91740405018028,,0.9903713892709766,seen_city,train_indicator,train
Luanda,Luanda,Angola,Lower middle income,Sub-Saharan Africa ,south,8605_8806.png,8605_8806.png,8806,8605,13.50219724724885,-9.047852586877106,13.4912109375,-9.058702156392131,13.51318359375,-9.037002898469416,5.796992970296944,digital_modernization_tmi,0.0898876404494382,0.0898876404494382,0.0784670083297352,0.0898876404494382,seen_city,train_indicator,train
Birmingham,Birmingham,United Kingdom,High income,Europe & Central Asia,north,5374_8109.png,5374_8109.png,8109,5374,-1.812744135180254,52.50284732613893,-1.82373046875,52.4961595310971,-1.8017578125,52.50953477032728,2.2193101998376603,population_count,0.8773690078037905,9.23766529887658,,0.8773690078037905,seen_city,train_indicator,train
Phoenix,Phoenix,United States,High income,North America,north,6594_3094.png,6594_3094.png,3094,6594,-112.00561524318915,33.091541237982,-112.0166015625,33.082336728563746,-111.99462890625,33.100745405144245,4.185548070945652,population_count,0.6265953067105805,6.360860566632114,,0.6265953067105805,seen_city,train_indicator,train
Cologne,Cologne,Germany,High income,Europe & Central Asia,north,5503_8501.png,5503_8501.png,8501,5503,6.800537098469017,50.74340740250762,6.78955078125,50.73645513701065,6.8115234375,50.75035931136964,2.3983825183296745,education_accessibility,0.6427104722792608,2.919700193694532,17.535729498052554,0.6427104722792608,seen_city,train_indicator,train
Alexandria,Alexandria,Egypt,Lower middle income,"Middle East, North Africa, Afghanistan & Pakistan",north,6695_9555.png,6695_9555.png,9555,6695,29.95971682393396,31.21280115721269,29.94873046875,31.203404950917392,29.970703125,31.22219703210318,4.367595607105889,food_accessibility,0.9537953795379538,4.031454504829014,55.34280255543592,0.9537953795379538,seen_city,train_indicator,train
Oslo,Oslo,Norway,High income,Europe & Central Asia,north,4745_8703.png,4745_8703.png,8703,4745,11.239013678719855,60.13603433089382,11.22802734375,60.13056361691419,11.25,60.141504734793386,1.4878181311059746,population_count,0.781578947368421,5.509957118159507,,0.781578947368421,seen_city,train_indicator,train
Phoenix,Phoenix,United States,High income,North America,north,6580_3079.png,6580_3079.png,3079,6580,-112.33520508975818,33.34888448019479,-112.34619140625,33.33970700424027,-112.32421875,33.35806161277886,4.161907653354298,education_accessibility,0.2091395636064223,0.0681079217324559,0.0704808303907764,0.2091395636064223,seen_city,train_indicator,train
Buenos Aires,Buenos Aires,Argentina,Upper middle income,Latin America & Caribbean ,south,9883_5540.png,9883_5540.png,5540,9883,-58.260498057479374,-34.804782600795455,-58.271484375,-34.81380331711314,-58.24951171875,-34.79576153473033,4.022309573512461,digital_modernization_tmi,0.6282051282051282,0.6282051282051282,1.0239148302263072,0.6282051282051282,seen_city,train_indicator,train
Guiyang,Guiyang,China,Upper middle income,East Asia & Pacific,north,6937_13042.png,6937_13042.png,13042,6937,106.5783691564366,26.55904971362529,106.5673828125,26.54922257769203,106.58935546875,26.56887654795064,4.766578506901182,education_accessibility,0.4773519163763066,0.0127252264983385,0.0128065367240173,0.4773519163763066,seen_city,train_indicator,train
Khartoum,Khartoum,Sudan,Low income,Sub-Saharan Africa ,north,7473_9675.png,7473_9675.png,9675,7473,32.59643554217176,15.591292906754465,32.58544921875,15.580710739162123,32.607421875,15.601874876739808,5.514666189662576,population_count,0.6174242424242424,10.350838435385162,,0.6174242424242424,seen_city,train_indicator,train
Khartoum,Khartoum,Sudan,Low income,Sub-Saharan Africa ,north,7475_9666.png,7475_9666.png,9666,7475,32.398681633614025,15.548960272430328,32.3876953125,15.538375926292051,32.40966796875,15.559544421458092,5.517221091348913,digital_total_cell_intensity,0.2954545454545454,2.6043015699794902,12.521777988309974,0.2954545454545454,seen_city,train_indicator,train
Cologne,Cologne,Germany,High income,Europe & Central Asia,north,5512_8501.png,5512_8501.png,8501,5512,6.800537098409959,50.61810256687685,6.78955078125,50.61113171332363,6.8115234375,50.62507306341436,2.4111629865802087,digital_total_cell_intensity,0.1184120465434633,4.904013283820611,133.82980559882526,0.1184120465434633,seen_city,train_indicator,train
Warsaw,Warsaw,Poland,High income,Europe & Central Asia,north,5406_9126.png,5406_9126.png,9126,5406,20.533447263442785,52.07275331954634,20.5224609375,52.06600028274636,20.54443359375,52.079506003796965,2.262297228261809,digital_modernization_tmi,0.9464105156723964,0.9464105156723964,1.223400639446681,0.9464105156723964,seen_city,train_indicator,train
Daegu,Daegu,South Korea,High income,East Asia & Pacific,north,6438_14049.png,6438_14049.png,14049,6438,128.7048339819604,35.91574709618502,128.69384765625,35.906849306771186,128.7158203125,35.92464453144098,3.91287030154916,nighttime_light_intensity,0.4435351882160392,1.3500145041146256,,0.4435351882160392,seen_city,train_indicator,train
Phoenix,Phoenix,United States,High income,North America,north,6581_3102.png,6581_3102.png,3102,6581,-111.82983399160808,33.3305279371864,-111.8408203125,33.32134852669881,-111.81884765625,33.33970700424027,4.162673461284816,nighttime_light_intensity,0.9209551255660766,3.8469197089495855,,0.9209551255660766,seen_city,train_indicator,train
Guiyang,Guiyang,China,Upper middle income,East Asia & Pacific,north,6937_13051.png,6937_13051.png,13051,6937,106.77612306466813,26.559049713580105,106.76513671875,26.54922257769203,106.787109375,26.56887654795064,4.767353449287478,population_count,0.8885017421602788,10.032581937172264,,0.8885017421602788,seen_city,train_indicator,train
Phoenix,Phoenix,United States,High income,North America,north,6585_3092.png,6585_3092.png,3092,6585,-112.04956055603904,33.25706309085934,-112.060546875,33.247875947924385,-112.03857421875,33.266249890762744,4.169993474705699,digital_modernization_tmi,0.6780568135034993,0.6780568135034993,1.6539329818167905,0.6780568135034993,seen_city,train_indicator,train
Warsaw,Warsaw,Poland,High income,Europe & Central Asia,north,5408_9133.png,5408_9133.png,9133,5408,20.68725585791039,52.04573370586712,20.67626953125,52.038976583076206,20.6982421875,52.05249047600099,2.26499052197071,digital_total_cell_intensity,0.512639029322548,5.402053164174247,220.86146691293752,0.512639029322548,seen_city,train_indicator,train
Oslo,Oslo,Norway,High income,Europe & Central Asia,north,4741_8698.png,4741_8698.png,8698,4741,11.129150397116971,60.17976970162029,11.1181640625,60.17430626192602,11.14013671875,60.1852328315075,1.4838220493869567,food_accessibility,0.5779605263157894,0.9998422356058444,1.7178530141999346,0.5779605263157894,seen_city,train_indicator,train
Cologne,Cologne,Germany,High income,Europe & Central Asia,north,5489_8506.png,5489_8506.png,8506,5489,6.910400380350232,50.93766140736943,6.8994140625,50.93073802371818,6.92138671875,50.94458443495011,2.3784549314317704,digital_total_cell_intensity,0.9486652977412732,7.796871757141812,2431.97911122339,0.9486652977412732,seen_city,train_indicator,train
Perth,Perth,Australia,High income,East Asia & Pacific,south,9718_13461.png,9718_13461.png,13461,9718,115.78491209840298,-31.77487731473486,115.77392578125,-31.78421688448737,115.7958984375,-31.765537409484374,4.308864537280936,food_accessibility,0.7870879120879121,2.4783497705946136,10.921574842795454,0.7870879120879121,seen_city,train_indicator,train
Phoenix,Phoenix,United States,High income,North America,north,6570_3112.png,6570_3112.png,3112,6570,-111.61010742716776,33.5322369111505,-111.62109375,33.52307880890421,-111.59912109375,33.54139466898275,4.143267729397419,education_accessibility,0.1128036228900782,0.0150093509674492,0.0151225569493246,0.1128036228900782,seen_city,train_indicator,train
Panama City,Panama City,Panama,High income,Latin America & Caribbean ,north,7777_4566.png,7777_4566.png,4566,7777,-79.66186521796052,9.069551189871872,-79.6728515625,9.058702156392131,-79.65087890625,9.080400104155313,5.79551677767282,education_accessibility,0.1550802139037433,0.2334287476745763,0.2629228384959006,0.1550802139037433,seen_city,train_indicator,train
Daegu,Daegu,South Korea,High income,East Asia & Pacific,north,6435_14037.png,6435_14037.png,14037,6435,128.4411621048097,35.96911475223429,128.43017578125,35.96022296929668,128.4521484375,35.978006180855665,3.9078118010918175,food_accessibility,0.6235679214402619,0.5860781220987519,0.7969272486650062,0.6235679214402619,seen_city,train_indicator,train
Daegu,Daegu,South Korea,High income,East Asia & Pacific,north,6437_14037.png,6437_14037.png,14037,6437,128.44116210480553,35.93354031909307,128.43017578125,35.92464453144098,128.4521484375,35.94243575255425,3.9113019928496566,population_count,0.4664484451718494,5.949642400580706,,0.4664484451718494,seen_city,train_indicator,train
Niigata,Niigata,Japan,High income,East Asia & Pacific,north,6323_14527.png,6323_14527.png,14527,6323,139.20776365798343,37.935532731109845,139.19677734375,37.92686760148134,139.21875,37.94419750075404,3.714802673609264,education_accessibility,0.6280701754385964,2.1233809937288584,7.359352682107922,0.6280701754385964,seen_city,train_indicator,train
Dhaka,Dhaka,Bangladesh,Lower middle income,South Asia,north,7063_12290.png,7063_12290.png,12290,7063,90.05493160984,24.05649623905092,90.0439453125,24.04646399966657,90.06591796875,24.066528197726857,4.973367334334914,food_accessibility,0.0300751879699248,2.1881467714641397e-07,2.1881470108634722e-07,0.0300751879699248,seen_city,train_indicator,train
Khartoum,Khartoum,Sudan,Low income,Sub-Saharan Africa ,north,7470_9671.png,7470_9671.png,9671,7470,32.50854491615106,15.654775490635782,32.49755859375,15.644196600866064,32.51953125,15.665354182093282,5.51141547368253,population_count,0.4015151515151515,9.392943367649798,,0.4015151515151515,seen_city,train_indicator,train
Daegu,Daegu,South Korea,High income,East Asia & Pacific,north,6452_14054.png,6452_14054.png,14054,6452,128.8146972640994,35.66622201872441,128.8037109375,35.65729624809628,128.82568359375,35.67514743608467,3.9372599230620025,digital_modernization_tmi,0.2078559738134206,0.2078559738134206,1.8789507098738687,0.2078559738134206,seen_city,train_indicator,train
Rawalpindi,Rawalpindi,Pakistan,Lower middle income,"Middle East, North Africa, Afghanistan & Pakistan",south,6565_11508.png,6565_11508.png,11508,6565,72.87231443470635,33.62376768765304,72.861328125,33.61461929233378,72.88330078125,33.63291573870477,4.138217067160055,nighttime_light_intensity,0.5602605863192183,2.4948989099576444,,0.5602605863192183,seen_city,train_indicator,train
Alexandria,Alexandria,Egypt,Lower middle income,"Middle East, North Africa, Afghanistan & Pakistan",north,6696_9555.png,6696_9555.png,9555,6696,29.959716823944945,31.194007208979908,29.94873046875,31.184609135743244,29.970703125,31.203404950917392,4.36931785250925,nighttime_light_intensity,0.8646864686468647,3.85159937888322,,0.8646864686468647,seen_city,train_indicator,train
Vienna,Vienna,Austria,High income,Europe & Central Asia,north,5705_8927.png,5705_8927.png,8927,5705,16.16088867835932,47.85003044343431,16.14990234375,47.84265762816536,16.171875,47.85740289465824,2.6944217563202377,education_accessibility,0.6317485898468976,1.5213369817176052,3.578342264930876,0.6317485898468976,seen_city,train_indicator,train
Perth,Perth,Australia,High income,East Asia & Pacific,south,9718_13476.png,9718_13476.png,13476,9718,116.11450194512922,-31.77487731478255,116.103515625,-31.78421688448737,116.12548828125,-31.765537409484374,4.308204632799586,food_accessibility,0.0494505494505494,0.0069860927700773,0.0070105524421772,0.0494505494505494,seen_city,train_indicator,train
Cologne,Cologne,Germany,High income,Europe & Central Asia,north,5499_8512.png,5499_8512.png,8512,5499,7.042236318439969,50.798991073861856,7.03125,50.792047064406844,7.05322265625,50.805934726769074,2.3924234461538054,food_accessibility,0.4558521560574948,2.053821384744804,6.797642034666346,0.4558521560574948,seen_city,train_indicator,train
Vienna,Vienna,Austria,High income,Europe & Central Asia,north,5678_8929.png,5678_8929.png,8929,5678,16.20483399100066,48.24662524907859,16.19384765625,48.23930899024906,16.2158203125,48.25394114463432,2.65351731239286,nighttime_light_intensity,0.410958904109589,0.8511544470691588,,0.410958904109589,seen_city,train_indicator,train
Birmingham,Birmingham,United Kingdom,High income,Europe & Central Asia,north,5382_8102.png,5382_8102.png,8102,5382,-1.966552729612129,52.39571514374698,-1.9775390625,52.389011062234566,-1.95556640625,52.40241887397332,2.229993620281417,digital_modernization_tmi,0.9821627647714604,0.9821627647714604,1.209333792491906,0.9821627647714604,seen_city,train_indicator,train
Phoenix,Phoenix,United States,High income,North America,north,6600_3092.png,6600_3092.png,3092,6600,-112.0495605560979,32.98101983885977,-112.060546875,32.97180377635759,-112.03857421875,32.99023555965106,4.196046796005262,population_count,0.4125154384520378,2.716905827088989,,0.4125154384520378,seen_city,train_indicator,train
Oslo,Oslo,Norway,High income,Europe & Central Asia,north,4785_8688.png,4785_8688.png,8688,4785,10.909423834121474,59.69547003260896,10.8984375,59.68992622014336,10.92041015625,59.70101353199731,1.5275601721172816,digital_total_cell_intensity,0.35625,3.3329531642151613,27.020970161837543,0.35625,seen_city,train_indicator,train
Oslo,Oslo,Norway,High income,Europe & Central Asia,north,4759_8701.png,4759_8701.png,8701,4759,11.195068366148853,59.98250171726354,11.18408203125,59.977005492196,11.2060546875,59.987997631212224,1.501662775910965,nighttime_light_intensity,0.1873355263157894,0.0,,0.1873355263157894,seen_city,train_indicator,train
Oslo,Oslo,Norway,High income,Europe & Central Asia,north,4749_8664.png,4749_8664.png,8664,4749,10.382080082363164,60.09224074109627,10.37109375,60.08676274626006,10.39306640625,60.09771842541546,1.491418277777562,population_count,0.3674342105263158,1.8034649561961835,,0.3674342105263158,seen_city,train_indicator,train
Harare,Harare,Zimbabwe,Lower middle income,Sub-Saharan Africa ,south,9014_9612.png,9014_9612.png,9612,9014,31.21215818276752,-17.780073930971867,31.201171875,-17.790535393588968,31.22314453125,-17.769612247142653,5.39585155809699,food_accessibility,0.3642384105960264,0.1201776288447542,0.1276971453310329,0.3642384105960264,seen_city,train_indicator,train
Cordoba,Cordoba,Argentina,Upper middle income,Latin America & Caribbean ,south,9708_5267.png,9708_5267.png,5267,9708,-64.25903321454064,-31.587894161325604,-64.27001953125,-31.597252561706654,-64.248046875,-31.578535426473373,4.326197440722679,nighttime_light_intensity,0.1952380952380952,0.674824649492707,,0.1952380952380952,seen_city,train_indicator,train
Cologne,Cologne,Germany,High income,Europe & Central Asia,north,5484_8498.png,5484_8498.png,8498,5484,6.734619129520118,51.00684193441813,6.7236328125,50.99992885585964,6.74560546875,51.01375465718819,2.371633069469842,digital_total_cell_intensity,0.6687200547570158,6.40897154383809,606.2688104404991,0.6687200547570158,seen_city,train_indicator,train
Faisalabad,Faisalabad,Pakistan,Lower middle income,"Middle East, North Africa, Afghanistan & Pakistan",north,6687_11521.png,6687_11521.png,11521,6687,73.15795896759067,31.36301818968319,73.14697265625,31.353636941500994,73.1689453125,31.37239910488051,4.348595794420676,nighttime_light_intensity,0.6878048780487804,1.6368369691021525,,0.6878048780487804,seen_city,train_indicator,train
Tegucigalpa,Tegucigalpa,Honduras,Lower middle income,Latin America & Caribbean ,north,7544_4224.png,7544_4224.png,4224,7544,-87.17651367396171,14.08330115629226,-87.1875,14.07264495438032,-87.16552734375,14.093957177836227,5.5909241093873225,population_count,0.940119760479042,11.127091551555724,,0.940119760479042,seen_city,train_indicator,train
Warsaw,Warsaw,Poland,High income,Europe & Central Asia,north,5407_9148.png,5407_9148.png,9148,5407,21.01684570320384,52.05924555568143,21.005859375,52.05249047600099,21.02783203125,52.06600028274636,2.263602462871692,food_accessibility,0.8518705763397371,3.0808509423256,20.77692542162889,0.8518705763397371,seen_city,train_indicator,train
Vienna,Vienna,Austria,High income,Europe & Central Asia,north,5693_8943.png,5693_8943.png,8943,5693,16.512451180264268,48.02667185353463,16.50146484375,48.01932418480118,16.5234375,48.03401915864286,2.676523617973219,digital_modernization_tmi,0.2280419016921837,0.2280419016921837,0.893170794506101,0.2280419016921837,seen_city,train_indicator,train
Munich,Munich,Germany,High income,Europe & Central Asia,north,5683_8720.png,5683_8720.png,8720,5683,11.612548842528255,48.17341214461462,11.6015625,48.16608541901253,11.62353515625,48.18073850730385,2.6630147010719787,education_accessibility,0.9505597014925372,4.317141234559287,73.97398858839001,0.9505597014925372,seen_city,train_indicator,train
Guiyang,Guiyang,China,Upper middle income,East Asia & Pacific,north,6942_13049.png,6942_13049.png,13049,6942,106.73217775175814,26.46073777342163,106.72119140625,26.450902223672625,106.7431640625,26.47057302237509,4.775258776114876,nighttime_light_intensity,0.6968641114982579,2.5397897077110296,,0.6968641114982579,seen_city,train_indicator,train
Oslo,Oslo,Norway,High income,Europe & Central Asia,north,4786_8667.png,4786_8667.png,8667,4786,10.447998051426318,59.68438088516392,10.43701171875,59.67883523696078,10.458984375,59.68992622014336,1.528384768792732,digital_total_cell_intensity,0.5796052631578947,4.188958273656688,64.95404909113205,0.5796052631578947,seen_city,train_indicator,train
Dazhou,Dazhou,China,Upper middle income,East Asia & Pacific,north,6695_13083.png,6695_13083.png,13083,6695,107.4792480695402,31.212801157393315,107.46826171875,31.203404950917392,107.490234375,31.22219703210318,4.365040354728462,population_count,0.9333333333333332,11.20969014290822,,0.9333333333333332,seen_city,train_indicator,train
Qinhuangdao,Qinhuangdao,China,Upper middle income,East Asia & Pacific,north,6202_13635.png,6202_13635.png,13635,6202,119.60815431592434,40.00237159922829,119.59716796875,39.9939556939733,119.619140625,40.01078714046552,3.50797783047215,digital_total_cell_intensity,0.9411764705882352,4.889276032284381,131.8573547900155,0.9411764705882352,seen_city,train_indicator,train
Vienna,Vienna,Austria,High income,Europe & Central Asia,north,5668_8930.png,5668_8930.png,8930,5668,16.226806647332467,48.39273752511639,16.2158203125,48.38544219115484,16.23779296875,48.400032496106846,2.6384661960423768,food_accessibility,0.6986301369863014,2.0782280367198487,6.9902978483153095,0.6986301369863014,seen_city,train_indicator,train
Birmingham,Birmingham,United Kingdom,High income,Europe & Central Asia,north,5381_8102.png,5381_8102.png,8102,5381,-1.9665527296150536,52.40912091879379,-1.9775390625,52.40241887397332,-1.95556640625,52.415822612378776,2.228645482026176,education_accessibility,0.8138238573021181,4.017250567888828,54.548169757818926,0.8138238573021181,seen_city,train_indicator,train
Phoenix,Phoenix,United States,High income,North America,north,6576_3112.png,6576_3112.png,3112,6576,-111.61010742718145,33.42227194659447,-111.62109375,33.413102213708285,-111.59912109375,33.43144133557529,4.153701026039294,population_count,0.8764923836969947,8.849835179493114,,0.8764923836969947,seen_city,train_indicator,train
Perth,Perth,Australia,High income,East Asia & Pacific,south,9721_13471.png,9721_13471.png,13471,9721,116.00463866289826,-31.830898759347576,115.99365234375,-31.84023266790936,116.015625,-31.82156451492073,4.303229747425498,digital_total_cell_intensity,0.5590659340659341,4.725024354805553,111.73324393687066,0.5590659340659341,seen_city,train_indicator,train
Luanda,Luanda,Angola,Lower middle income,Sub-Saharan Africa ,south,8603_8792.png,8603_8792.png,8792,8603,13.194580055967146,-9.004451457989555,13.18359375,-9.015302333420587,13.20556640625,-8.993600464280021,5.800134003873359,digital_total_cell_intensity,0.5814606741573034,4.438108485932238,83.61474023845699,0.5814606741573034,seen_city,train_indicator,train
Warsaw,Warsaw,Poland,High income,Europe & Central Asia,north,5407_9166.png,5407_9166.png,9166,5407,21.4123535175549,52.05924555567479,21.4013671875,52.05249047600099,21.42333984375,52.06600028274636,2.263646824559952,food_accessibility,0.3806875631951466,1.335641901742382,2.8024359534769303,0.3806875631951466,seen_city,train_indicator,train
Port-au-Prince,Port-au-Prince,Haiti,Lower middle income,Latin America & Caribbean ,north,7330_4906.png,7330_4906.png,4906,7330,-72.19116207768566,18.59418865301753,-72.2021484375,18.58377568837093,-72.18017578125,18.60460138845525,5.353181831452532,food_accessibility,0.5094339622641509,0.332779541438209,0.3948397602038638,0.5094339622641509,seen_city,train_indicator,train
Birmingham,Birmingham,United Kingdom,High income,Europe & Central Asia,north,5370_8085.png,5370_8085.png,8085,5370,-2.3400878876058098,52.5563157323317,-2.35107421875,52.54963607438229,-2.3291015625,52.562995039558,2.213695446564708,population_count,0.3389074693422519,5.213790241047582,,0.3389074693422519,seen_city,train_indicator,train
Port-au-Prince,Port-au-Prince,Haiti,Lower middle income,Latin America & Caribbean ,north,7332_4897.png,7332_4897.png,4897,7332,-72.38891598615423,18.55253216311937,-72.39990234375,18.542116654449,-72.3779296875,18.56294744288831,5.354190551174492,food_accessibility,0.6698113207547169,0.6383299081244428,0.8933162253632659,0.6698113207547169,seen_city,train_indicator,train
Buenos Aires,Buenos Aires,Argentina,Upper middle income,Latin America & Caribbean ,south,9879_5534.png,9879_5534.png,5534,9879,-58.39233399610938,-34.73258388764074,-58.4033203125,-34.74161249883172,-58.38134765625,-34.723554927042194,4.029582712812829,education_accessibility,0.9472934472934472,4.529515434304441,91.71362435371977,0.9472934472934472,seen_city,train_indicator,train
Phoenix,Phoenix,United States,High income,North America,north,6584_3068.png,6584_3068.png,3068,6584,-112.5769043106377,33.275435101289766,-112.587890625,33.266249890762744,-112.56591796875,33.28461996888768,4.16949070534018,education_accessibility,0.1766158913132976,0.0444951896192678,0.0454999474455565,0.1766158913132976,seen_city,train_indicator,train
Cologne,Cologne,Germany,High income,Europe & Central Asia,north,5487_8531.png,5487_8531.png,8531,5487,7.459716789309122,50.965345984437846,7.44873046875,50.95842672335992,7.470703125,50.97226488936749,2.375063117489734,digital_modernization_tmi,0.2149212867898699,0.2149212867898699,0.6789589823488299,0.2149212867898699,seen_city,train_indicator,train
Guiyang,Guiyang,China,Upper middle income,East Asia & Pacific,north,6935_13047.png,6935_13047.png,13047,6935,106.68823243877556,26.59835091159834,106.67724609375,26.588527147308625,106.69921875,26.60817437403309,4.763759817971343,digital_modernization_tmi,0.3728222996515679,0.3728222996515679,1.0611585865388342,0.3728222996515679,seen_city,train_indicator,train
Oslo,Oslo,Norway,High income,Europe & Central Asia,north,4787_8669.png,4787_8669.png,8669,4787,10.491943364067492,59.67328806595048,10.48095703125,59.667740581649625,10.5029296875,59.67883523696078,1.5294090670281988,digital_total_cell_intensity,0.6259868421052631,4.349217291443409,76.4178435961064,0.6259868421052631,seen_city,train_indicator,train
Lahore,Lahore,Pakistan,Lower middle income,"Middle East, North Africa, Afghanistan & Pakistan",north,6668_11574.png,6668_11574.png,11574,6668,74.32250975949995,31.71882192068985,74.3115234375,31.709476360019345,74.33349609375,31.728167146023942,4.313063372805398,education_accessibility,0.2914572864321608,0.4005320902074878,0.4926186941743307,0.2914572864321608,seen_city,train_indicator,train
Oslo,Oslo,Norway,High income,Europe & Central Asia,north,4772_8693.png,4772_8693.png,8693,4772,11.01928711566138,59.83929518699093,11.00830078125,59.833775202184206,11.0302734375,59.84481485969105,1.5145483361649517,digital_modernization_tmi,0.2875,0.2875,1.1410537087142505,0.2875,seen_city,train_indicator,train
Warsaw,Warsaw,Poland,High income,Europe & Central Asia,north,5383_9171.png,5383_9171.png,9171,5383,21.5222167992834,52.38230529514575,21.51123046875,52.3755991766591,21.533203125,52.389011062234566,2.231140438628575,digital_modernization_tmi,0.2219413549039433,0.2219413549039433,0.9777681120496832,0.2219413549039433,seen_city,train_indicator,train
Cologne,Cologne,Germany,High income,Europe & Central Asia,north,5512_8514.png,5512_8514.png,8514,5512,7.086181631083067,50.618102566926346,7.0751953125,50.61113171332363,7.09716796875,50.62507306341436,2.4108147824865003,education_accessibility,0.2854209445585215,2.0991145270529667,7.158942190477633,0.2854209445585215,seen_city,train_indicator,train
Oslo,Oslo,Norway,High income,Europe & Central Asia,north,4769_8667.png,4769_8667.png,8667,4769,10.447998051374968,59.87239769101034,10.43701171875,59.86688319521021,10.458984375,59.87791187483114,1.5113168898378562,education_accessibility,0.9773026315789474,3.914453322909756,49.12166365485083,0.9773026315789474,seen_city,train_indicator,train
Warsaw,Warsaw,Poland,High income,Europe & Central Asia,north,5421_9157.png,5421_9157.png,9157,5421,21.214599610388,51.86970761875554,21.20361328125,51.86292391360245,21.2255859375,51.87649097061476,2.2827415914302738,education_accessibility,0.0025278058645096,0.0133113714280578,0.0134003621571865,0.0025278058645096,seen_city,train_indicator,train
Oslo,Oslo,Norway,High income,Europe & Central Asia,north,4770_8677.png,4770_8677.png,8677,4770,10.66772461456083,59.86136718216463,10.65673828125,59.85585085709834,10.6787109375,59.86688319521021,1.5123961200206777,population_count,0.9375,7.64239722781401,,0.9375,seen_city,train_indicator,train
Oslo,Oslo,Norway,High income,Europe & Central Asia,north,4776_8668.png,4776_8668.png,8668,4776,10.46997070771462,59.79510726430276,10.458984375,59.78957995508741,10.48095703125,59.80063426102869,1.5183331725529328,nighttime_light_intensity,0.8177631578947369,2.303858105154548,,0.8177631578947369,seen_city,train_indicator,train
Warsaw,Warsaw,Poland,High income,Europe & Central Asia,north,5400_9143.png,5400_9143.png,9143,5400,20.90698242144151,52.153714125330566,20.89599609375,52.14697334064471,20.91796875,52.160454557747045,2.2540826710783253,digital_total_cell_intensity,0.8811931243680485,7.083664344005501,1191.329629253754,0.8811931243680485,seen_city,train_indicator,train
Cordoba,Cordoba,Argentina,Upper middle income,Latin America & Caribbean ,south,9705_5261.png,9705_5261.png,5261,9705,-64.39086915325154,-31.53172584206167,-64.40185546875,-31.54108987958581,-64.3798828125,-31.52236147042144,4.331698206870766,digital_modernization_tmi,0.0976190476190476,0.0976190476190476,0.701005968005251,0.0976190476190476,seen_city,train_indicator,train
Perth,Perth,Australia,High income,East Asia & Pacific,south,9738_13475.png,9738_13475.png,13475,9738,116.09252928874834,-32.147710760201285,116.08154296875,-32.15701248607008,116.103515625,-32.1384086967725,4.273729264080642,population_count,0.4203296703296703,5.021182813006631,,0.4203296703296703,seen_city,train_indicator,train
Oslo,Oslo,Norway,High income,Europe & Central Asia,north,4743_8670.png,4743_8670.png,8670,4743,10.513916020248598,60.15790929046272,10.5029296875,60.152442214380784,10.52490234375,60.16337605648777,1.4855405343724546,nighttime_light_intensity,0.1873355263157894,0.0,,0.1873355263157894,seen_city,train_indicator,train
Buenos Aires,Buenos Aires,Argentina,Upper middle income,Latin America & Caribbean ,south,9862_5511.png,9862_5511.png,5511,9862,-58.897705094239626,-34.42503581299308,-58.90869140625,-34.43409789359468,-58.88671875,-34.41597338448187,4.060656926581343,education_accessibility,0.5961538461538461,2.536582970402713,11.636418100097774,0.5961538461538461,seen_city,train_indicator,train
Warsaw,Warsaw,Poland,High income,Europe & Central Asia,north,5372_9148.png,5372_9148.png,9148,5372,21.01684570320217,52.52958966629815,21.005859375,52.52290594027807,21.02783203125,52.536273041459474,2.2162703831211634,food_accessibility,0.230535894843276,0.9444600152664996,1.5714244736692171,0.230535894843276,seen_city,train_indicator,train
Kitakyushu,Kitakyushu,Japan,High income,East Asia & Pacific,north,6541_14152.png,6541_14152.png,14152,6541,130.96801759498433,34.06176104572808,130.95703125,34.05265942137598,130.97900390625,34.070862323766306,4.095796143071875,population_count,0.2201405152224824,4.577208078445176,,0.2201405152224824,seen_city,train_indicator,train
Cologne,Cologne,Germany,High income,Europe & Central Asia,north,5488_8514.png,5488_8514.png,8514,5488,7.086181631219676,50.95150575719763,7.0751953125,50.94458443495011,7.09716796875,50.95842672335992,2.376842863657841,population_count,0.9288158795345652,9.002322484954236,,0.9288158795345652,seen_city,train_indicator,train
Kitakyushu,Kitakyushu,Japan,High income,East Asia & Pacific,north,6558_14136.png,6558_14136.png,14136,6558,130.61645509207554,33.751747561662405,130.60546875,33.74261277734688,130.62744140625,33.760882000869174,4.12434360966356,population_count,0.5339578454332553,7.142354982134573,,0.5339578454332553,seen_city,train_indicator,train
Buenos Aires,Buenos Aires,Argentina,Upper middle income,Latin America & Caribbean ,south,9887_5525.png,9887_5525.png,5525,9887,-58.59008790397833,-34.876918126616566,-58.60107421875,-34.885930940753155,-58.5791015625,-34.86790496256872,4.016104055162333,digital_total_cell_intensity,0.6025641025641025,5.025397317770105,151.23072807200114,0.6025641025641025,seen_city,train_indicator,train
Phoenix,Phoenix,United States,High income,North America,north,6590_3092.png,6590_3092.png,3092,6590,-112.04956055605864,33.165145097192024,-112.060546875,33.15594830078649,-112.03857421875,33.17434155100207,4.178681408180257,education_accessibility,0.0658707286949361,0.0044446846412591,0.0044545769026032,0.0658707286949361,seen_city,train_indicator,train
Vienna,Vienna,Austria,High income,Europe & Central Asia,north,5687_8952.png,5687_8952.png,8952,5687,16.710205087577933,48.114766290033245,16.69921875,48.10743118848039,16.72119140625,48.122101028190805,2.667659071901056,food_accessibility,0.1893634165995165,0.7671783989596319,1.1536808444123727,0.1893634165995165,seen_city,train_indicator,train
Brisbane,Brisbane,Australia,High income,East Asia & Pacific,south,9472_15151.png,9472_15151.png,15151,9472,152.9187011710681,-27.0689088215206,152.90771484375,-27.078691552927538,152.9296875,-27.059125784374054,4.72147046067705,food_accessibility,0.3727647867950481,1.336402882686195,2.8053306360370382,0.3727647867950481,seen_city,train_indicator,train
Qinhuangdao,Qinhuangdao,China,Upper middle income,East Asia & Pacific,north,6213_13631.png,6213_13631.png,13631,6213,119.5202636903842,39.81697475431004,119.50927734375,39.80853604144591,119.53125,39.82541310342478,3.52660367384712,digital_modernization_tmi,0.6209150326797386,0.6209150326797386,0.9312045386714776,0.6209150326797386,seen_city,train_indicator,train
Phoenix,Phoenix,United States,High income,North America,north,6550_3087.png,6550_3087.png,3087,6550,-112.15942383809636,33.897776699232004,-112.17041015625,33.88865750124074,-112.1484375,33.90689555128868,4.109303424211316,digital_modernization_tmi,0.8242074927953891,0.8242074927953891,1.695920026374525,0.8242074927953891,seen_city,train_indicator,train
Warsaw,Warsaw,Poland,High income,Europe & Central Asia,north,5411_9156.png,5411_9156.png,9156,5411,21.19262695402875,52.00517363597634,21.181640625,51.998410382390325,21.20361328125,52.01193653675362,2.269065689274053,digital_total_cell_intensity,0.5176946410515673,5.420933474690809,225.0900733894101,0.5176946410515673,seen_city,train_indicator,train
Cologne,Cologne,Germany,High income,Europe & Central Asia,north,5500_8526.png,5500_8526.png,8526,5500,7.349853507456089,50.78510134787475,7.3388671875,50.778155274659234,7.36083984375,50.792047064406844,2.3935144735678984,digital_total_cell_intensity,0.2114989733059548,5.235553545126162,186.8330516426072,0.2114989733059548,seen_city,train_indicator,train
Kitakyushu,Kitakyushu,Japan,High income,East Asia & Pacific,north,6549_14151.png,6549_14151.png,14151,6549,130.94604493860447,33.91601279852217,130.93505859375,33.90689555128868,130.95703125,33.92512970007198,4.10967660252109,education_accessibility,0.7283372365339579,2.2513577309656774,8.500626378061295,0.7283372365339579,seen_city,train_indicator,train
Lahore,Lahore,Pakistan,Lower middle income,"Middle East, North Africa, Afghanistan & Pakistan",north,6665_11558.png,6665_11558.png,11558,6665,73.97094725633293,31.774877314763607,73.9599609375,31.765537409484374,73.98193359375,31.78421688448737,4.308466589505136,population_count,0.1457286432160804,6.5770934269340655,,0.1457286432160804,seen_city,train_indicator,train
Qom,Qom,Iran,Upper middle income,"Middle East, North Africa, Afghanistan & Pakistan",north,6513_10506.png,6513_10506.png,10506,6513,50.85571288940411,34.5699060632257,50.8447265625,34.56085936708385,50.86669921875,34.57895241036947,4.043682199501671,digital_total_cell_intensity,0.4756097560975609,5.158443396100705,172.89356142656302,0.4756097560975609,seen_city,train_indicator,train
Warsaw,Warsaw,Poland,High income,Europe & Central Asia,north,5382_9147.png,5382_9147.png,9147,5382,20.994873046851367,52.39571514378802,20.98388671875,52.389011062234566,21.005859375,52.40241887397332,2.229722840693719,food_accessibility,0.4706774519716886,1.5688147458787256,3.8009544691158568,0.4706774519716886,seen_city,train_indicator,train
Perth,Perth,Australia,High income,East Asia & Pacific,south,9721_13460.png,9721_13460.png,13460,9721,115.76293944196836,-31.83089875931041,115.751953125,-31.84023266790936,115.77392578125,-31.82156451492073,4.303742822315002,digital_modernization_tmi,0.6153846153846154,0.6153846153846154,1.4490837130285987,0.6153846153846154,seen_city,train_indicator,train
Buenos Aires,Buenos Aires,Argentina,Upper middle income,Latin America & Caribbean ,south,9876_5514.png,9876_5514.png,5514,9876,-58.83178712483368,-34.67839342177777,-58.8427734375,-34.68742794931483,-58.82080078125,-34.66935854524544,4.036002653132528,nighttime_light_intensity,0.6324786324786325,3.546411063302394,,0.6324786324786325,seen_city,train_indicator,train
Warsaw,Warsaw,Poland,High income,Europe & Central Asia,north,5404_9118.png,5404_9118.png,9118,5404,20.35766601262432,52.09975659141509,20.3466796875,52.09300763963823,20.36865234375,52.10650519075632,2.2596255894966584,digital_total_cell_intensity,0.5697674418604651,5.596818675157338,268.5674601976122,0.5697674418604651,seen_city,train_indicator,train
Cordoba,Cordoba,Argentina,Upper middle income,Latin America & Caribbean ,south,9702_5269.png,9702_5269.png,5269,9702,-64.21508790166921,-31.47552371789265,-64.22607421875,-31.48489338689015,-64.2041015625,-31.466153715024284,4.336418762760654,education_accessibility,0.9142857142857144,3.286381276612405,25.745902301367945,0.9142857142857144,seen_city,train_indicator,train
Kitakyushu,Kitakyushu,Japan,High income,East Asia & Pacific,north,6542_14149.png,6542_14149.png,14149,6542,130.90209962567675,34.04355618866064,130.89111328125,34.03445260967645,130.9130859375,34.05265942137598,4.097321174134339,digital_total_cell_intensity,0.243559718969555,4.128132351948299,61.06190483234796,0.243559718969555,seen_city,train_indicator,train
Arequipa,Arequipa,Peru,Upper middle income,Latin America & Caribbean ,south,8949_4934.png,8949_4934.png,4934,8949,-71.57592776415808,-16.415009084854493,-71.5869140625,-16.425547506916732,-71.56494140625,-16.404470456702423,5.479928482906805,food_accessibility,0.8155339805825242,2.1259280909761493,7.380671905855646,0.8155339805825242,seen_city,train_indicator,train
Cologne,Cologne,Germany,High income,Europe & Central Asia,north,5516_8520.png,5516_8520.png,8520,5516,7.218017569218701,50.56230410271284,7.20703125,50.55532498251968,7.22900390625,50.56928286558241,2.41636259396456,digital_total_cell_intensity,0.1827515400410677,5.146003187408406,170.74368938648473,0.1827515400410677,seen_city,train_indicator,train
Phoenix,Phoenix,United States,High income,North America,north,6587_3099.png,6587_3099.png,3099,6587,-111.89575196095277,33.22030747838242,-111.90673828125,33.21111647241684,-111.884765625,33.229498141449504,4.173201591795786,nighttime_light_intensity,0.6035405516673528,2.094686764774803,,0.6035405516673528,seen_city,train_indicator,train
Buenos Aires,Buenos Aires,Argentina,Upper middle income,Latin America & Caribbean ,south,9879_5511.png,9879_5511.png,5511,9879,-58.89770509411861,-34.73258388752873,-58.90869140625,-34.74161249883172,-58.88671875,-34.723554927042194,4.030967646279209,food_accessibility,0.131054131054131,0.0920435090616797,0.0964125249232298,0.131054131054131,seen_city,train_indicator,train
Khartoum,Khartoum,Sudan,Low income,Sub-Saharan Africa ,north,7475_9674.png,7475_9674.png,9674,7475,32.574462885663586,15.548960272439526,32.5634765625,15.538375926292051,32.58544921875,15.559544421458092,5.516937770607841,population_count,0.678030303030303,10.522267630076117,,0.678030303030303,seen_city,train_indicator,train
Phoenix,Phoenix,United States,High income,North America,north,6590_3114.png,6590_3114.png,3114,6590,-111.56616211432888,33.165145097245386,-111.5771484375,33.15594830078649,-111.55517578125,33.17434155100207,4.177981516775497,population_count,0.8233841086867023,8.474305044864757,,0.8233841086867023,seen_city,train_indicator,train
Oslo,Oslo,Norway,High income,Europe & Central Asia,north,4793_8680.png,4793_8680.png,8680,4793,10.733642583599002,59.60665399959969,10.72265625,59.60109549032134,10.74462890625,59.61221219518693,1.5355677870356534,population_count,0.7595394736842105,5.200401772726732,,0.7595394736842105,seen_city,train_indicator,train
Vienna,Vienna,Austria,High income,Europe & Central Asia,north,5682_8939.png,5682_8939.png,8939,5682,16.424560554726828,48.18806313948667,16.41357421875,48.18073850730385,16.435546875,48.19538740833338,2.659768288525715,food_accessibility,0.9621273166800968,4.055477612221945,56.71272071546286,0.9621273166800968,seen_city,train_indicator,train
Oslo,Oslo,Norway,High income,Europe & Central Asia,north,4795_8685.png,4795_8685.png,8685,4795,10.843505865203362,59.58441323409271,10.83251953125,59.57885104663186,10.8544921875,59.58997510773554,1.5376414261684812,digital_modernization_tmi,0.819078947368421,0.819078947368421,1.319887699453907,0.819078947368421,seen_city,train_indicator,train
Birmingham,Birmingham,United Kingdom,High income,Europe & Central Asia,north,5384_8108.png,5384_8108.png,8108,5384,-1.83471679149808,52.3688913723841,-1.845703125,52.362183216744256,-1.82373046875,52.3755991766591,2.2327652760047303,population_count,0.3656633221850613,5.351241419738139,,0.3656633221850613,seen_city,train_indicator,train
Qinhuangdao,Qinhuangdao,China,Upper middle income,East Asia & Pacific,north,6203_13630.png,6203_13630.png,13630,6203,119.49829103388134,39.985538078235535,119.4873046875,39.97712009843963,119.50927734375,39.9939556939733,3.5093425692050246,nighttime_light_intensity,0.1503267973856209,1.224110101274416,,0.1503267973856209,seen_city,train_indicator,train
Buenos Aires,Buenos Aires,Argentina,Upper middle income,Latin America & Caribbean ,south,9861_5525.png,9861_5525.png,5525,9861,-58.59008790413338,-34.40690933945499,-58.60107421875,-34.41597338448187,-58.5791015625,-34.39784494644986,4.061495034978517,digital_total_cell_intensity,0.7115384615384616,5.626319655397543,276.6384299297385,0.7115384615384616,seen_city,train_indicator,train
Rawalpindi,Rawalpindi,Pakistan,Lower middle income,"Middle East, North Africa, Afghanistan & Pakistan",south,6562_11517.png,6562_11517.png,11517,6562,73.07006834269004,33.67863953793081,73.05908203125,33.669496972795535,73.0810546875,33.68778175843937,4.132285107145237,population_count,0.8208469055374593,10.437628241927548,,0.8208469055374593,seen_city,train_indicator,train
Lahore,Lahore,Pakistan,Lower middle income,"Middle East, North Africa, Afghanistan & Pakistan",north,6666_11566.png,6666_11566.png,11566,6666,74.14672850791705,31.75619595395321,74.1357421875,31.7468541629214,74.15771484375,31.765537409484374,4.3098745230693964,food_accessibility,0.1482412060301507,0.0032107345922541,0.0032158945214749,0.1482412060301507,seen_city,train_indicator,train
Warsaw,Warsaw,Poland,High income,Europe & Central Asia,north,5395_9132.png,5395_9132.png,9132,5395,20.665283201569903,52.22106918957082,20.654296875,52.2143386082582,20.67626953125,52.227799418870696,2.2473248638960577,nighttime_light_intensity,0.5080889787664308,1.4179868450865154,,0.5080889787664308,seen_city,train_indicator,train
Alexandria,Alexandria,Egypt,Lower middle income,"Middle East, North Africa, Afghanistan & Pakistan",north,6699_9562.png,6699_9562.png,9562,6699,30.113525419136867,31.13760296926032,30.1025390625,31.12819929911197,30.12451171875,31.14700630855656,4.37539971026084,nighttime_light_intensity,0.8217821782178217,3.678195215252729,,0.8217821782178217,seen_city,train_indicator,train
Perth,Perth,Australia,High income,East Asia & Pacific,south,9712_13460.png,9712_13460.png,13460,9712,115.762939441927,-31.662732610078457,115.751953125,-31.672083485607388,115.77392578125,-31.653381399663985,4.319255966671446,nighttime_light_intensity,0.4381868131868132,1.1146771371894637,,0.4381868131868132,seen_city,train_indicator,train
Buenos Aires,Buenos Aires,Argentina,Upper middle income,Latin America & Caribbean ,south,9880_5515.png,9880_5515.png,5515,9880,-58.80981446837109,-34.75063948639758,-58.82080078125,-34.75966612466249,-58.798828125,-34.74161249883172,4.028949554012566,digital_modernization_tmi,0.1381766381766381,0.1381766381766381,0.7757939724899025,0.1381766381766381,seen_city,train_indicator,train
Phoenix,Phoenix,United States,High income,North America,north,6583_3134.png,6583_3134.png,3134,6583,-111.12670898548038,33.293803246732374,-111.1376953125,33.28461996888768,-111.11572265625,33.30298618122413,4.165550354030907,digital_modernization_tmi,0.4376286537669823,0.4376286537669823,1.585077846382094,0.4376286537669823,seen_city,train_indicator,train
Cologne,Cologne,Germany,High income,Europe & Central Asia,north,5493_8495.png,5493_8495.png,8495,5493,6.668701160385167,50.88224277362985,6.65771484375,50.87531114220076,6.6796875,50.889174048903314,2.3844075878509456,nighttime_light_intensity,0.8227241615331964,2.2417020933890948,,0.8227241615331964,seen_city,train_indicator,train
Oslo,Oslo,Norway,High income,Europe & Central Asia,north,4791_8689.png,4791_8689.png,8689,4791,10.931396490464728,59.62888005579529,10.92041015625,59.62332522313024,10.9423828125,59.63443457494949,1.5336302560273052,food_accessibility,0.1345394736842105,0.0654549900704219,0.0676446816200804,0.1345394736842105,seen_city,train_indicator,train
Oslo,Oslo,Norway,High income,Europe & Central Asia,north,4745_8664.png,4745_8664.png,8664,4745,10.382080082351829,60.13603433096473,10.37109375,60.13056361691419,10.39306640625,60.141504734793386,1.4874690470547094,digital_modernization_tmi,0.0736842105263157,0.0736842105263157,1.001385814675285,0.0736842105263157,seen_city,train_indicator,train
Arequipa,Arequipa,Peru,Upper middle income,Latin America & Caribbean ,south,8943_4931.png,8943_4931.png,4931,8943,-71.64184573371169,-16.288505762727763,-71.65283203125,-16.299051014581828,-71.630859375,-16.277960306212524,5.487491872398753,population_count,0.4077669902912621,6.393174762724278,,0.4077669902912621,seen_city,train_indicator,train
Kitakyushu,Kitakyushu,Japan,High income,East Asia & Pacific,north,6536_14151.png,6536_14151.png,14151,6536,130.9460449385096,34.1527266641322,130.93505859375,34.143634820312634,130.95703125,34.161818161230386,4.086997901930075,population_count,0.3747072599531616,5.971474790218739,,0.3747072599531616,seen_city,train_indicator,train
Vienna,Vienna,Austria,High income,Europe & Central Asia,north,5677_8948.png,5677_8948.png,8948,5677,16.622314462040578,48.26125531036613,16.611328125,48.25394114463432,16.63330078125,48.26856911296433,2.6524318272771685,population_count,0.3561643835616438,4.55256944195481,,0.3561643835616438,seen_city,train_indicator,train
Faisalabad,Faisalabad,Pakistan,Lower middle income,"Middle East, North Africa, Afghanistan & Pakistan",north,6681_11534.png,6681_11534.png,11534,6681,73.44360350147831,31.475523717827404,73.4326171875,31.466153715024284,73.45458984375,31.48489338689015,4.337332221941923,nighttime_light_intensity,0.0024390243902439,0.1126441793866546,,0.0024390243902439,seen_city,train_indicator,train
Faisalabad,Faisalabad,Pakistan,Lower middle income,"Middle East, North Africa, Afghanistan & Pakistan",north,6690_11521.png,6690_11521.png,11521,6690,73.15795896757017,31.306714853785817,73.14697265625,31.297327991404263,73.1689453125,31.31610138349563,4.353755404524265,digital_total_cell_intensity,0.2121951219512195,1.5718697852369805,3.815644001100273,0.2121951219512195,seen_city,train_indicator,train
Daegu,Daegu,South Korea,High income,East Asia & Pacific,north,6448_14048.png,6448_14048.png,14048,6448,128.6828613255188,35.737594829144335,128.671875,35.728677044851686,128.69384765625,35.7465122599185,3.930331799637907,population_count,0.1947626841243862,4.343878611736416,,0.1947626841243862,seen_city,train_indicator,train
Warsaw,Warsaw,Poland,High income,Europe & Central Asia,north,5402_9160.png,5402_9160.png,9160,5402,21.280517579433884,52.12674352538628,21.26953125,52.11999865763816,21.29150390625,52.13348804077148,2.2568186009596167,nighttime_light_intensity,0.6102123356926188,1.71821572966159,,0.6102123356926188,seen_city,train_indicator,train
Lahore,Lahore,Pakistan,Lower middle income,"Middle East, North Africa, Afghanistan & Pakistan",north,6685_11584.png,6685_11584.png,11584,6685,74.5422363239576,31.400535025263824,74.53125,31.391157522824702,74.55322265625,31.409912194070984,4.342070797261661,food_accessibility,0.1871859296482412,0.0067172793686484,0.0067398908906565,0.1871859296482412,seen_city,train_indicator,train
Oslo,Oslo,Norway,High income,Europe & Central Asia,north,4765_8678.png,4765_8678.png,8678,4765,10.689697270861584,59.91648315347554,10.6787109375,59.91097597079679,10.70068359375,59.92199002450385,1.5074115345646222,digital_modernization_tmi,0.6019736842105263,0.6019736842105263,1.2428363448141977,0.6019736842105263,seen_city,train_indicator,train
Phoenix,Phoenix,United States,High income,North America,north,6562_3099.png,6562_3099.png,3099,6562,-111.89575196086896,33.67863953812969,-111.90673828125,33.669496972795535,-111.884765625,33.68778175843937,4.12972667555173,food_accessibility,0.8484973240016468,2.266295315557849,8.643608029890009,0.8484973240016468,seen_city,train_indicator,train
Oslo,Oslo,Norway,High income,Europe & Central Asia,north,4780_8662.png,4780_8662.png,8662,4780,10.338134769814362,59.75086072214599,10.3271484375,59.74532608213611,10.34912109375,59.7563950493563,1.5223066435759336,digital_modernization_tmi,0.8148026315789474,0.8148026315789474,1.318250382242797,0.8148026315789474,seen_city,train_indicator,train
Lahore,Lahore,Pakistan,Lower middle income,"Middle East, North Africa, Afghanistan & Pakistan",north,6671_11559.png,6671_11559.png,11559,6671,73.99291991275888,31.662732610114,73.98193359375,31.653381399663985,74.00390625,31.672083485607388,4.3187616337693,population_count,0.3957286432160804,7.781923460580384,,0.3957286432160804,seen_city,train_indicator,train
Phoenix,Phoenix,United States,High income,North America,north,6562_3071.png,6562_3071.png,3071,6562,-112.5109863411879,33.67863953802893,-112.52197265625,33.669496972795535,-112.5,33.68778175843937,4.131022825292447,education_accessibility,0.2132564841498559,0.0718686023056976,0.07451414610618,0.2132564841498559,seen_city,train_indicator,train
Rawalpindi,Rawalpindi,Pakistan,Lower middle income,"Middle East, North Africa, Afghanistan & Pakistan",south,6562_11508.png,6562_11508.png,11508,6562,72.87231443473027,33.67863953787617,72.861328125,33.669496972795535,72.88330078125,33.68778175843937,4.132987900304303,nighttime_light_intensity,0.4104234527687296,2.110925312549632,,0.4104234527687296,seen_city,train_indicator,train
Phoenix,Phoenix,United States,High income,North America,north,6583_3109.png,6583_3109.png,3109,6583,-111.67602539652248,33.293803246702275,-111.68701171875,33.28461996888768,-111.6650390625,33.30298618122413,4.165943141120481,education_accessibility,0.9645944833264718,3.406800417626959,29.168562869866697,0.9645944833264718,seen_city,train_indicator,train
Buenos Aires,Buenos Aires,Argentina,Upper middle income,Latin America & Caribbean ,south,9863_5512.png,9863_5512.png,5512,9863,-58.875732437796,-34.44315835720912,-58.88671875,-34.452218472826544,-58.86474609375,-34.43409789359468,4.058840898644587,nighttime_light_intensity,0.7706552706552706,4.061251268097291,,0.7706552706552706,seen_city,train_indicator,train
Warsaw,Warsaw,Poland,High income,Europe & Central Asia,north,5392_9150.png,5392_9150.png,9150,5392,21.060791015906915,52.26143326338515,21.0498046875,52.254708801130825,21.07177734375,52.26815737376817,2.2432331006811554,nighttime_light_intensity,0.9797775530839232,3.778838581062996,,0.9797775530839232,seen_city,train_indicator,train
Phoenix,Phoenix,United States,High income,North America,north,6587_3102.png,6587_3102.png,3102,6587,-111.82983399162671,33.220307478390176,-111.8408203125,33.21111647241684,-111.81884765625,33.229498141449504,4.173099917631534,digital_total_cell_intensity,0.7175792507204611,4.812347851956787,122.02011172393168,0.7175792507204611,seen_city,train_indicator,train
Alexandria,Alexandria,Egypt,Lower middle income,"Middle East, North Africa, Afghanistan & Pakistan",north,6704_9545.png,6704_9545.png,9545,6704,29.739990259515967,31.043521330614965,29.72900390625,31.034108344903498,29.7509765625,31.052933985705145,4.381852816303111,digital_total_cell_intensity,0.8118811881188119,5.805117391395353,330.9941643142716,0.8118811881188119,seen_city,train_indicator,train
Vienna,Vienna,Austria,High income,Europe & Central Asia,north,5682_8932.png,5682_8932.png,8932,5682,16.27075196012927,48.188063139506205,16.259765625,48.18073850730385,16.28173828125,48.19538740833338,2.659618573588664,education_accessibility,0.9540692989524576,3.6302403879445335,36.72188341338151,0.9540692989524576,seen_city,train_indicator,train
Munich,Munich,Germany,High income,Europe & Central Asia,north,5690_8701.png,5690_8701.png,8701,5690,11.19506837152742,48.07073792228093,11.18408203125,48.06339653776212,11.2060546875,48.07807894349861,2.6728957927505688,education_accessibility,0.6184701492537313,2.545148901955691,11.745125718926472,0.6184701492537313,seen_city,train_indicator,train
Vienna,Vienna,Austria,High income,Europe & Central Asia,north,5696_8944.png,5696_8944.png,8944,5696,16.53442383665085,47.982568077266414,16.5234375,47.97521412341617,16.54541015625,47.98992166741417,2.681103025291141,nighttime_light_intensity,0.2707493956486704,0.6198300051692652,,0.2707493956486704,seen_city,train_indicator,train
Warsaw,Warsaw,Poland,High income,Europe & Central Asia,north,5397_9163.png,5397_9163.png,9163,5397,21.346435548486514,52.194139407521824,21.33544921875,52.187404745599686,21.357421875,52.20087371733219,2.2500390645468227,nighttime_light_intensity,0.6183013144590496,1.7344032606043318,,0.6183013144590496,seen_city,train_indicator,train
Port-au-Prince,Port-au-Prince,Haiti,Lower middle income,Latin America & Caribbean ,north,7331_4904.png,7331_4904.png,4904,7331,-72.23510739067419,18.573361680140444,-72.24609375,18.56294744288831,-72.22412109375,18.58377568837093,5.3541162520764525,population_count,0.7830188679245284,10.311062698749154,,0.7830188679245284,seen_city,train_indicator,train
Cologne,Cologne,Germany,High income,Europe & Central Asia,north,5483_8522.png,5483_8522.png,8522,5483,7.261962882108772,51.02066567545471,7.2509765625,51.01375465718819,7.27294921875,51.027576337802415,2.3696217375485773,education_accessibility,0.1375770020533881,1.660220029724267,4.2604681764808925,0.1375770020533881,seen_city,train_indicator,train
Phoenix,Phoenix,United States,High income,North America,north,6582_3088.png,6582_3088.png,3088,6582,-112.13745118179368,33.31216752559395,-112.1484375,33.30298618122413,-112.12646484375,33.32134852669881,4.164950232369581,population_count,0.3906957595718403,2.2201366794037813,,0.3906957595718403,seen_city,train_indicator,train
Cologne,Cologne,Germany,High income,Europe & Central Asia,north,5513_8521.png,5513_8521.png,8521,5513,7.239990225594259,50.60415915055752,7.22900390625,50.59718623058704,7.2509765625,50.61113171332363,2.4120695239712613,education_accessibility,0.5051334702258727,2.607173438771188,12.560666575254244,0.5051334702258727,seen_city,train_indicator,train
Vienna,Vienna,Austria,High income,Europe & Central Asia,north,5668_8925.png,5668_8925.png,8925,5668,16.11694336548191,48.3927375251284,16.10595703125,48.38544219115484,16.1279296875,48.400032496106846,2.638374685156305,food_accessibility,0.3207091055600322,1.093086568437582,1.983468555440903,0.3207091055600322,seen_city,train_indicator,train
Daegu,Daegu,South Korea,High income,East Asia & Pacific,north,6439_14055.png,6439_14055.png,14055,6439,128.83666992053827,35.89794987011746,128.82568359375,35.88905007936092,128.84765625,35.906849306771186,3.9145677905938094,digital_modernization_tmi,0.7004909983633388,0.7004909983633388,1.930207661761628,0.7004909983633388,seen_city,train_indicator,train
Phoenix,Phoenix,United States,High income,North America,north,6575_3100.png,6575_3100.png,3100,6575,-111.8737793044715,33.44060913131548,-111.884765625,33.43144133557529,-111.86279296875,33.44977658311845,4.152308648771029,food_accessibility,0.9818855496088924,3.201761741459282,23.575788266237137,0.9818855496088924,seen_city,train_indicator,train
Phoenix,Phoenix,United States,High income,North America,north,6553_3064.png,6553_3064.png,3064,6553,-112.66479493621152,33.84304500027949,-112.67578125,33.83391995365471,-112.65380859375,33.8521697014074,4.115769136597943,digital_modernization_tmi,0.8785508439687114,0.8785508439687114,1.7183379003721513,0.8785508439687114,seen_city,train_indicator,train
Mianyang,Mianyang,China,Upper middle income,East Asia & Pacific,north,6683_12953.png,6683_12953.png,12953,6683,104.62280273094385,31.43803687131785,104.61181640625,31.428663117358603,104.6337890625,31.44741029142872,4.338568697362952,population_count,0.6529411764705882,7.789858909062377,,0.6529411764705882,seen_city,train_indicator,train
Oslo,Oslo,Norway,High income,Europe & Central Asia,north,4744_8681.png,4744_8681.png,8681,4744,10.755615239739813,60.14697362963439,10.74462890625,60.141504734793386,10.7666015625,60.152442214380784,1.486614782043321,digital_total_cell_intensity,0.6243421052631579,4.344567605436957,76.05871050716217,0.6243421052631579,seen_city,train_indicator,train
Daegu,Daegu,South Korea,High income,East Asia & Pacific,north,6447_14049.png,6447_14049.png,14049,6447,128.70483398195043,35.75542804658521,128.69384765625,35.7465122599185,128.7158203125,35.764343479667176,3.928575980917718,education_accessibility,0.7921440261865794,2.1627738076155945,7.695223114904811,0.7921440261865794,seen_city,train_indicator,train
Cordoba,Cordoba,Argentina,Upper middle income,Latin America & Caribbean ,south,9699_5281.png,9699_5281.png,5281,9699,-63.95141602428315,-31.41928782253465,-63.96240234375,-31.428663117358603,-63.9404296875,-31.409912194070984,4.341025539172245,food_accessibility,0.1023809523809523,0.0212013440974485,0.0214276893710874,0.1023809523809523,seen_city,train_indicator,train
Birmingham,Birmingham,United Kingdom,High income,Europe & Central Asia,north,5353_8102.png,5353_8102.png,8102,5353,-1.9665527296963583,52.7828308100777,-1.9775390625,52.77618568896172,-1.95556640625,52.78947558139887,2.191128745016285,food_accessibility,0.399108138238573,2.7488232009492064,14.624234476983755,0.399108138238573,seen_city,train_indicator,train
Cologne,Cologne,Germany,High income,Europe & Central Asia,north,5515_8495.png,5515_8495.png,8495,5515,6.668701160232368,50.57625991873964,6.65771484375,50.56928286558241,6.6796875,50.58323661480589,2.41561072582827,education_accessibility,0.1423682409308692,1.673197020929595,4.329178085445647,0.1423682409308692,seen_city,train_indicator,train
Cologne,Cologne,Germany,High income,Europe & Central Asia,north,5488_8493.png,5488_8493.png,8493,5488,6.624755847703969,50.95150575711565,6.61376953125,50.94458443495011,6.6357421875,50.95842672335992,2.3774129133758963,food_accessibility,0.6290212183436003,2.4766847816610267,10.901742067868344,0.6290212183436003,seen_city,train_indicator,train
Warsaw,Warsaw,Poland,High income,Europe & Central Asia,north,5386_9132.png,5386_9132.png,9132,5386,20.66528320157845,52.34205130271953,20.654296875,52.335339071889386,20.67626953125,52.34876318198808,2.235148295156394,digital_total_cell_intensity,0.0247724974721941,3.269337566646601,25.29391560618176,0.0247724974721941,seen_city,train_indicator,train
Warsaw,Warsaw,Poland,High income,Europe & Central Asia,north,5416_9151.png,5416_9151.png,9151,5416,21.08276367226449,51.93749175569821,21.07177734375,51.930718279312885,21.09375,51.944264879028765,2.275887406600846,education_accessibility,0.4858442871587462,1.7888460317812964,4.982544814961118,0.4858442871587462,seen_city,train_indicator,train
Birmingham,Birmingham,United Kingdom,High income,Europe & Central Asia,north,5379_8084.png,5379_8084.png,8084,5379,-2.3620605439401463,52.43592025017356,-2.373046875,52.42922227795512,-2.35107421875,52.44261787120724,2.225783916414033,education_accessibility,0.1204013377926421,2.0200876877732035,6.538985981571524,0.1204013377926421,seen_city,train_indicator,train
Munich,Munich,Germany,High income,Europe & Central Asia,north,5672_8712.png,5672_8712.png,8712,5672,11.436767591474624,48.33434283284276,11.42578125,48.327039130634766,11.44775390625,48.3416461723746,2.646071041894556,education_accessibility,0.169776119402985,1.1183560166342386,2.059819773357711,0.169776119402985,seen_city,train_indicator,train
Buenos Aires,Buenos Aires,Argentina,Upper middle income,Latin America & Caribbean ,south,9866_5530.png,9866_5530.png,5530,9866,-58.48022462192228,-34.497502403929474,-58.4912109375,-34.5065566216456,-58.46923828125,-34.488447837809304,4.052484589723664,food_accessibility,0.8525641025641025,3.6775478702883615,38.5492950700367,0.8525641025641025,seen_city,train_indicator,train
Phoenix,Phoenix,United States,High income,North America,north,6553_3067.png,6553_3067.png,3067,6553,-112.59887696689384,33.843045000294104,-112.60986328125,33.83391995365471,-112.587890625,33.8521697014074,4.115582207695959,nighttime_light_intensity,0.3046521202140799,0.5532242137039929,,0.3046521202140799,seen_city,train_indicator,train
Phoenix,Phoenix,United States,High income,North America,north,6557_3101.png,6557_3101.png,3101,6557,-111.85180664797308,33.77001483880166,-111.86279296875,33.760882000869174,-111.8408203125,33.779147331286474,4.12095620212614,digital_total_cell_intensity,0.4981473857554549,3.763991598373309,42.12020144730367,0.4981473857554549,seen_city,train_indicator,train
Phoenix,Phoenix,United States,High income,North America,north,6592_3092.png,6592_3092.png,3092,6592,-112.04956055606652,33.128350880767464,-112.060546875,33.11915022676886,-112.03857421875,33.137551192346145,4.182155624515856,nighttime_light_intensity,0.0864553314121037,0.0,,0.0864553314121037,seen_city,train_indicator,train
Kitakyushu,Kitakyushu,Japan,High income,East Asia & Pacific,north,6548_14155.png,6548_14155.png,14155,6548,131.03393556435245,33.93424499618386,131.02294921875,33.92512970007198,131.044921875,33.94335994657881,4.108235338283228,food_accessibility,0.4543325526932084,2.1750562042258714,7.8026798560913155,0.4543325526932084,seen_city,train_indicator,train
Pingdingshan,Pingdingshan,China,Upper middle income,East Asia & Pacific,north,6557_13352.png,6557_13352.png,13352,6557,113.389892598742,33.77001483846252,113.37890625,33.760882000869174,113.40087890625,33.779147331286474,4.125303827277232,education_accessibility,0.2619047619047619,1.3272841355760826e-05,1.3272929440309363e-05,0.2619047619047619,seen_city,train_indicator,train
Cordoba,Cordoba,Argentina,Upper middle income,Latin America & Caribbean ,south,9704_5275.png,9704_5275.png,5275,9704,-64.08325196296283,-31.51299555515644,-64.09423828125,-31.52236147042144,-64.072265625,-31.503629305773018,4.332685697868652,population_count,0.55,5.503017753520518,,0.55,seen_city,train_indicator,train
Oslo,Oslo,Norway,High income,Europe & Central Asia,north,4760_8699.png,4760_8699.png,8699,4760,11.15112305351784,59.97150775307271,11.14013671875,59.966009702748345,11.162109375,59.977005492196,1.5026354189079538,nighttime_light_intensity,0.1873355263157894,0.0,,0.1873355263157894,seen_city,train_indicator,train
Oslo,Oslo,Norway,High income,Europe & Central Asia,north,4763_8684.png,4763_8684.png,8684,4763,10.821533208762286,59.93850395227934,10.810546875,59.93300042374631,10.83251953125,59.94400716933027,1.5054714327455831,food_accessibility,0.9884868421052632,4.122499962558194,60.71333059247386,0.9884868421052632,seen_city,train_indicator,train
Warsaw,Warsaw,Poland,High income,Europe & Central Asia,north,5404_9124.png,5404_9124.png,9124,5404,20.489501950740163,52.09975659142102,20.478515625,52.09300763963823,20.50048828125,52.10650519075632,2.259586014393209,food_accessibility,0.1476238624873609,0.7024383374134693,1.0186689072797728,0.1476238624873609,seen_city,train_indicator,train
Munich,Munich,Germany,High income,Europe & Central Asia,north,5679_8730.png,5679_8730.png,8730,5679,11.832275406202209,48.23199100124973,11.8212890625,48.22467264956519,11.84326171875,48.23930899024906,2.6573922140926305,education_accessibility,0.2761194029850746,1.4818506767885522,3.4010831310963177,0.2761194029850746,seen_city,train_indicator,train
Birmingham,Birmingham,United Kingdom,High income,Europe & Central Asia,north,5370_8108.png,5370_8108.png,8108,5370,-1.834716791544123,52.556315732296575,-1.845703125,52.54963607438229,-1.82373046875,52.562995039558,2.213925930232485,food_accessibility,0.717948717948718,3.641797570951578,37.16037108382042,0.717948717948718,seen_city,train_indicator,train
Vienna,Vienna,Austria,High income,Europe & Central Asia,north,5666_8927.png,5666_8927.png,8927,5666,16.160888678214768,48.42190976799338,16.14990234375,48.41461861749318,16.171875,48.4292005555684,2.635402465832615,digital_modernization_tmi,0.3577759871071716,0.3577759871071716,0.9319017907798052,0.3577759871071716,seen_city,train_indicator,train
Auckland,Auckland,New Zealand,High income,East Asia & Pacific,south,9990_16134.png,9990_16134.png,16134,9990,174.5178222457384,-36.7124669166385,174.5068359375,-36.721273880045,174.52880859375,-36.70365959719454,3.8389658299923513,digital_total_cell_intensity,0.1192660550458715,2.551633838306957,11.82804562255588,0.1192660550458715,seen_city,train_indicator,train
Phoenix,Phoenix,United States,High income,North America,north,6585_3093.png,6585_3093.png,3093,6585,-112.02758789959718,33.25706309086246,-112.03857421875,33.247875947924385,-112.0166015625,33.266249890762744,4.169952743818482,digital_total_cell_intensity,0.6117743927542199,4.30864375076333,73.33959751646613,0.6117743927542199,seen_city,train_indicator,train
Warsaw,Warsaw,Poland,High income,Europe & Central Asia,north,5399_9135.png,5399_9135.png,9135,5399,20.7312011706231,52.167193301265165,20.72021484375,52.160454557747045,20.7421875,52.17393169256847,2.2527411124414365,population_count,0.5374115267947421,5.739463970097871,,0.5374115267947421,seen_city,train_indicator,train
Daegu,Daegu,South Korea,High income,East Asia & Pacific,north,6440_14041.png,6440_14041.png,14041,6440,128.52905273051888,35.880148641701304,128.51806640625,35.87124685002796,128.5400390625,35.88905007936092,3.916466256653411,digital_modernization_tmi,0.1391162029459901,0.1391162029459901,1.869343906584244,0.1391162029459901,seen_city,train_indicator,train
Oslo,Oslo,Norway,High income,Europe & Central Asia,north,4772_8694.png,4772_8694.png,8694,4772,11.041259771979709,59.83929518698885,11.0302734375,59.833775202184206,11.05224609375,59.84481485969105,1.5145587392528126,digital_modernization_tmi,0.2164473684210526,0.2164473684210526,1.1110580671838606,0.2164473684210526,seen_city,train_indicator,train
Zhaoqing,Zhaoqing,China,Upper middle income,East Asia & Pacific,north,7108_13313.png,7108_13313.png,13313,7108,112.53295900062196,23.150461785312547,112.52197265625,23.14035998788611,112.5439453125,23.160563309048307,5.033695071375713,digital_modernization_tmi,0.4036697247706422,0.4036697247706422,1.4846445145417866,0.4036697247706422,seen_city,train_indicator,train
Dhaka,Dhaka,Bangladesh,Lower middle income,South Asia,north,7069_12288.png,7069_12288.png,12288,7069,90.01098629682025,23.93605466383428,90.0,23.9260130330212,90.02197265625,23.94609601499838,4.982932913039658,digital_total_cell_intensity,0.2180451127819548,1.737661141676219,4.684033714412707,0.2180451127819548,seen_city,train_indicator,train
Birmingham,Birmingham,United Kingdom,High income,Europe & Central Asia,north,5381_8107.png,5381_8107.png,8107,5381,-1.856689447859146,52.40912091878462,-1.86767578125,52.40241887397332,-1.845703125,52.415822612378776,2.228706042846456,digital_modernization_tmi,0.8996655518394648,0.8996655518394648,1.148340913147985,0.8996655518394648,seen_city,train_indicator,train
Buenos Aires,Buenos Aires,Argentina,Upper middle income,Latin America & Caribbean ,south,9855_5513.png,9855_5513.png,5513,9855,-58.85375978141512,-34.29806803435965,-58.86474609375,-34.30714385628804,-58.8427734375,-34.288991865037524,4.072736824054991,digital_total_cell_intensity,0.5747863247863247,4.845549116409941,126.17309565779712,0.5747863247863247,seen_city,train_indicator,train
Lahore,Lahore,Pakistan,Lower middle income,"Middle East, North Africa, Afghanistan & Pakistan",north,6688_11574.png,6688_11574.png,11574,6688,74.32250975944967,31.34425415436857,74.3115234375,31.3348710339506,74.33349609375,31.353636941500994,4.347466664909672,nighttime_light_intensity,0.5942211055276382,1.9090328303673163,,0.5942211055276382,seen_city,train_indicator,train
Guiyang,Guiyang,China,Upper middle income,East Asia & Pacific,north,6933_13048.png,6933_13048.png,13048,6933,106.71020509523356,26.63763861559623,106.69921875,26.627818226393057,106.72119140625,26.64745870265937,4.76060664292908,digital_modernization_tmi,0.3937282229965156,0.3937282229965156,1.0798034147846334,0.3937282229965156,seen_city,train_indicator,train
Port-au-Prince,Port-au-Prince,Haiti,Lower middle income,Latin America & Caribbean ,north,7335_4902.png,7335_4902.png,4902,7335,-72.2790527036399,18.4900283712463,-72.2900390625,18.47960905583197,-72.26806640625,18.500447458475087,5.358931369396979,nighttime_light_intensity,0.7358490566037735,1.0045041641272818,,0.7358490566037735,seen_city,train_indicator,train
Warsaw,Warsaw,Poland,High income,Europe & Central Asia,north,5393_9166.png,5393_9166.png,9166,5393,21.412353517538445,52.24798265135133,21.4013671875,52.24125614966341,21.42333984375,52.254708801130825,2.2446298934299787,food_accessibility,0.0546006066734074,0.3311087172307659,0.392511174037796,0.0546006066734074,seen_city,train_indicator,train
Harare,Harare,Zimbabwe,Lower middle income,Sub-Saharan Africa ,south,9021_9607.png,9021_9607.png,9607,9021,31.10229490030231,-17.926475782071957,31.09130859375,-17.93692863754944,31.11328125,-17.91602270387767,5.387682298220677,population_count,0.4370860927152318,7.771545575861237,,0.4370860927152318,seen_city,train_indicator,train
Vienna,Vienna,Austria,High income,Europe & Central Asia,north,5685_8924.png,5685_8924.png,8924,5685,16.094970709171033,48.144097593207455,16.083984375,48.13676667969269,16.10595703125,48.15142814322122,2.6640051717279194,food_accessibility,0.1514907332796132,0.6583740188357056,0.9316489547400768,0.1514907332796132,seen_city,train_indicator,train
Vienna,Vienna,Austria,High income,Europe & Central Asia,north,5693_8951.png,5693_8951.png,8951,5693,16.688232431238923,48.026671853507935,16.67724609375,48.01932418480118,16.69921875,48.03401915864286,2.6767293780283765,education_accessibility,0.0314262691377921,0.089088012132142,0.0931768649191962,0.0314262691377921,seen_city,train_indicator,train
Phoenix,Phoenix,United States,High income,North America,north,6574_3083.png,6574_3083.png,3083,6574,-112.24731446396436,33.45894244115583,-112.25830078125,33.44977658311845,-112.236328125,33.46810795527896,4.151270222736551,population_count,0.8139151914368052,8.398676253486645,,0.8139151914368052,seen_city,train_indicator,train
Brisbane,Brisbane,Australia,High income,East Asia & Pacific,south,9477_15153.png,9477_15153.png,15153,9477,152.96264648400495,-27.166694947617867,152.95166015625,-27.176469131898887,152.9736328125,-27.15692045688088,4.713305828352487,digital_total_cell_intensity,0.6011004126547456,5.309479477564584,201.24492796245448,0.6011004126547456,seen_city,train_indicator,train
Warsaw,Warsaw,Poland,High income,Europe & Central Asia,north,5410_9158.png,5410_9158.png,9158,5410,21.23657226673425,52.01869774650003,21.2255859375,52.01193653675362,21.24755859375,52.02545860348813,2.2677063878889774,digital_modernization_tmi,0.7259858442871587,0.7259858442871587,1.105488336268574,0.7259858442871587,seen_city,train_indicator,train
Birmingham,Birmingham,United Kingdom,High income,Europe & Central Asia,north,5388_8086.png,5388_8086.png,8086,5388,-2.318115231220621,52.31519493062306,-2.3291015625,52.30847862366336,-2.30712890625,52.32191088594772,2.237940365154373,digital_modernization_tmi,0.0713489409141583,0.0713489409141583,0.867534462111559,0.0713489409141583,seen_city,train_indicator,train
Buenos Aires,Buenos Aires,Argentina,Upper middle income,Latin America & Caribbean ,south,9871_5524.png,9871_5524.png,5524,9871,-58.61206056050958,-34.58799713761939,-58.623046875,-34.59704151614416,-58.60107421875,-34.57895241036947,4.044099990692749,digital_total_cell_intensity,0.8433048433048433,6.186060615780979,484.9280733769095,0.8433048433048433,seen_city,train_indicator,train
Vienna,Vienna,Austria,High income,Europe & Central Asia,north,5680_8938.png,5680_8938.png,8938,5680,16.402587898346805,48.21735256759472,16.3916015625,48.21003212234041,16.41357421875,48.22467264956519,2.6567232465250026,digital_total_cell_intensity,0.9887187751813054,8.80776058961422,6684.929948699086,0.9887187751813054,seen_city,train_indicator,train
Faisalabad,Faisalabad,Pakistan,Lower middle income,"Middle East, North Africa, Afghanistan & Pakistan",north,6684_11518.png,6684_11518.png,11518,6684,73.0920409982612,31.419287822345964,73.0810546875,31.409912194070984,73.10302734375,31.428663117358603,4.343673304967495,digital_total_cell_intensity,1.0,6.263138055207016,523.8634088948585,1.0,seen_city,train_indicator,train
Brisbane,Brisbane,Australia,High income,East Asia & Pacific,south,9490_15148.png,9490_15148.png,15148,9490,152.85278320167328,-27.42053787486629,152.841796875,-27.43028973886259,152.86376953125,-27.410785702577023,4.692055151355836,food_accessibility,0.0577716643741403,0.110568347738569,0.1169126848995892,0.0577716643741403,seen_city,train_indicator,train
Birmingham,Birmingham,United Kingdom,High income,Europe & Central Asia,north,5355_8106.png,5355_8106.png,8106,5355,-1.878662104292287,52.756242907104905,-1.8896484375,52.749593726741146,-1.86767578125,52.762891737583736,2.19384015387088,food_accessibility,0.1750278706800446,1.9350199146657832,5.924181946774533,0.1750278706800446,seen_city,train_indicator,train
Port-au-Prince,Port-au-Prince,Haiti,Lower middle income,Latin America & Caribbean ,north,7332_4904.png,7332_4904.png,4904,7332,-72.23510739066637,18.552532163071604,-72.24609375,18.542116654449,-72.22412109375,18.56294744288831,5.355410748099754,education_accessibility,0.5660377358490566,1.9975225514765869,6.370772750188164,0.5660377358490566,seen_city,train_indicator,train
Alexandria,Alexandria,Egypt,Lower middle income,"Middle East, North Africa, Afghanistan & Pakistan",north,6702_9544.png,6702_9544.png,9544,6702,29.718017603044142,31.08116516431297,29.70703125,31.07175590282012,29.72900390625,31.09057409495418,4.378296311734517,education_accessibility,0.7425742574257426,2.5595795867493614,11.930380069560997,0.7425742574257426,seen_city,train_indicator,train
Phoenix,Phoenix,United States,High income,North America,north,6567_3079.png,6567_3079.png,3079,6567,-112.3352050896932,33.58716702587539,-112.34619140625,33.57801474614399,-112.32421875,33.596318961132695,4.139289351668628,digital_modernization_tmi,0.6130094689172499,0.6130094689172499,1.63650537123001,0.6130094689172499,seen_city,train_indicator,train
Oslo,Oslo,Norway,High income,Europe & Central Asia,north,4780_8665.png,4780_8665.png,8665,4780,10.404052738770632,59.75086072214176,10.39306640625,59.74532608213611,10.4150390625,59.7563950493563,1.522327946938748,population_count,0.9006578947368421,7.048130974128501,,0.9006578947368421,seen_city,train_indicator,train
Alexandria,Alexandria,Egypt,Lower middle income,"Middle East, North Africa, Afghanistan & Pakistan",north,6700_9548.png,6700_9548.png,9548,6700,29.805908228829377,31.11879409546228,29.794921875,31.10938856081496,29.81689453125,31.12819929911197,4.375333475771822,digital_total_cell_intensity,0.7623762376237624,5.476670929753666,238.04956843901508,0.7623762376237624,seen_city,train_indicator,train
Cologne,Cologne,Germany,High income,Europe & Central Asia,north,5494_8518.png,5494_8518.png,8518,5494,7.174072256618896,50.86837780458183,7.1630859375,50.86144411058924,7.18505859375,50.87531114220076,2.3852106244232907,population_count,0.1225188227241615,3.872692883539929,,0.1225188227241615,seen_city,train_indicator,train
Daegu,Daegu,South Korea,High income,East Asia & Pacific,north,6434_14050.png,6434_14050.png,14050,6434,128.7268066383942,35.98689596084309,128.7158203125,35.978006180855665,128.73779296875,35.99578538642033,3.905880783209323,digital_modernization_tmi,0.0671031096563011,0.0671031096563011,1.8524130534543748,0.0671031096563011,seen_city,train_indicator,train
Warsaw,Warsaw,Poland,High income,Europe & Central Asia,north,5414_9141.png,5414_9141.png,9141,5414,20.86303710873123,51.9645767752619,20.85205078125,51.95780738871553,20.8740234375,51.97134580885172,2.2731569870900423,population_count,0.3978766430738119,5.31833153566367,,0.3978766430738119,seen_city,train_indicator,train
Faisalabad,Faisalabad,Pakistan,Lower middle income,"Middle East, North Africa, Afghanistan & Pakistan",north,6678_11518.png,6678_11518.png,11518,6678,73.0920409983037,31.53172584194405,73.0810546875,31.52236147042144,73.10302734375,31.54108987958581,4.333341822498867,digital_total_cell_intensity,0.7024390243902439,3.449076176075695,30.471304930584765,0.7024390243902439,seen_city,train_indicator,train
Buenos Aires,Buenos Aires,Argentina,Upper middle income,Latin America & Caribbean ,south,9865_5521.png,9865_5521.png,5521,9865,-58.67797852985487,-34.479391653635375,-58.68896484375,-34.488447837809304,-58.6669921875,-34.47033512121749,4.054756282407913,food_accessibility,0.6673789173789174,2.8412651944182463,16.13743401269422,0.6673789173789174,seen_city,train_indicator,train
Perth,Perth,Australia,High income,East Asia & Pacific,south,9732_13460.png,9732_13460.png,13460,9732,115.762939442019,-32.03601973453646,115.751953125,-32.045332838858506,115.77392578125,-32.026706293336126,4.2847581307002365,nighttime_light_intensity,0.9326923076923076,3.5006122939410806,,0.9326923076923076,seen_city,train_indicator,train
Algiers,Algiers,Algeria,Upper middle income,"Middle East, North Africa, Afghanistan & Pakistan",north,6401_8314.png,6401_8314.png,8314,6401,2.6916503881452307,36.57142349763232,2.6806640625,36.56260003738546,2.70263671875,36.58024660149864,3.8483359508716206,nighttime_light_intensity,0.2272727272727272,2.060216378615792,,0.2272727272727272,seen_city,train_indicator,train
Vienna,Vienna,Austria,High income,Europe & Central Asia,north,5680_8944.png,5680_8944.png,8944,5680,16.534423836572387,48.217352567576505,16.5234375,48.21003212234041,16.54541015625,48.22467264956519,2.6568627652656334,digital_total_cell_intensity,0.6486704270749396,5.9541752935876096,384.3589715779008,0.6486704270749396,seen_city,train_indicator,train
Vienna,Vienna,Austria,High income,Europe & Central Asia,north,5673_8928.png,5673_8928.png,8928,5673,16.182861334611026,48.31973369891872,16.171875,48.312427904071775,16.19384765625,48.327039130634766,2.6459571178029484,digital_total_cell_intensity,0.2441579371474617,4.731040353347624,112.41349109936898,0.2441579371474617,seen_city,train_indicator,train
Tegucigalpa,Tegucigalpa,Honduras,Lower middle income,Latin America & Caribbean ,north,7545_4221.png,7545_4221.png,4221,7545,-87.24243164349154,14.06198793900795,-87.25341796875,14.05133074351817,-87.2314453125,14.07264495438032,5.591998299347374,digital_total_cell_intensity,0.9161676646706588,6.986399084686732,1080.818915708179,0.9161676646706588,seen_city,train_indicator,train
Taizhou,Taizhou,China,Upper middle income,East Asia & Pacific,north,6627_13644.png,6627_13644.png,13644,6627,119.80590817473184,32.48196282399855,119.794921875,32.472695022061494,119.81689453125,32.49123028794759,4.251274588122343,education_accessibility,0.4870689655172414,7.8220473871466e-06,7.822077979439028e-06,0.4870689655172414,seen_city,train_indicator,train
Munich,Munich,Germany,High income,Europe & Central Asia,north,5675_8710.png,5675_8710.png,8710,5675,11.392822278756896,48.290502875352544,11.3818359375,48.28319289548348,11.40380859375,48.29781249243716,2.6505222960167054,digital_total_cell_intensity,0.5083955223880597,5.770406806081551,319.6681558730459,0.5083955223880597,seen_city,train_indicator,train
Niigata,Niigata,Japan,High income,East Asia & Pacific,north,6327_14515.png,6327_14515.png,14515,6327,138.9440917809094,37.86618045472563,138.93310546875,37.85750715625204,138.955078125,37.87485339352928,3.722475978786061,digital_total_cell_intensity,0.7052631578947368,5.01205584813156,149.21323452501966,0.7052631578947368,seen_city,train_indicator,train
Vienna,Vienna,Austria,High income,Europe & Central Asia,north,5675_8930.png,5675_8930.png,8930,5675,16.226806647359748,48.290502875550494,16.2158203125,48.28319289548348,16.23779296875,48.29781249243716,2.6490100570714463,population_count,0.3424657534246575,4.413963675539739,,0.3424657534246575,seen_city,train_indicator,train
Niigata,Niigata,Japan,High income,East Asia & Pacific,north,6328_14524.png,6328_14524.png,14524,6328,139.14184568868802,37.84883217600833,139.130859375,37.84015683604134,139.15283203125,37.85750715625204,3.723665578959844,education_accessibility,0.1789473684210526,1.1549982142790594,2.174017749612578,0.1789473684210526,seen_city,train_indicator,train
Phoenix,Phoenix,United States,High income,North America,north,6586_3081.png,6586_3081.png,3081,6586,-112.29125977690428,33.238687216120645,-112.30224609375,33.229498141449504,-112.2802734375,33.247875947924385,4.17223670243323,nighttime_light_intensity,0.0864553314121037,0.0,,0.0864553314121037,seen_city,train_indicator,train
Alexandria,Alexandria,Egypt,Lower middle income,"Middle East, North Africa, Afghanistan & Pakistan",north,6709_9549.png,6709_9549.png,9549,6709,29.827880885375045,30.94934661590968,29.81689453125,30.93992433102345,29.8388671875,30.95876857077986,4.390928413621174,education_accessibility,0.066006600660066,0.0286966115282844,0.0291123262923451,0.066006600660066,seen_city,train_indicator,train
Warsaw,Warsaw,Poland,High income,Europe & Central Asia,north,5383_9154.png,5383_9154.png,9154,5383,21.14868164131072,52.38230529515535,21.1376953125,52.3755991766591,21.15966796875,52.389011062234566,2.2310768233317506,population_count,0.839231547017189,7.570286409830888,,0.839231547017189,seen_city,train_indicator,train
Brisbane,Brisbane,Australia,High income,East Asia & Pacific,south,9495_15158.png,9495_15158.png,15158,9495,153.07250976633873,-27.518014964866385,153.0615234375,-27.52775820686189,153.08349609375,-27.508271413876017,4.683831322858636,nighttime_light_intensity,0.7083906464924347,2.3404813027882803,,0.7083906464924347,seen_city,train_indicator,train
Birmingham,Birmingham,United Kingdom,High income,Europe & Central Asia,north,5380_8086.png,5380_8086.png,8086,5380,-2.318115231236066,52.42252262078249,-2.3291015625,52.415822612378776,-2.30712890625,52.42922227795512,2.2271453845862665,education_accessibility,0.0769230769230769,1.693336222460449,4.437591492392928,0.0769230769230769,seen_city,train_indicator,train
Faisalabad,Faisalabad,Pakistan,Lower middle income,"Middle East, North Africa, Afghanistan & Pakistan",north,6683_11513.png,6683_11513.png,11513,6683,72.98217771601873,31.43803687104681,72.97119140625,31.428663117358603,72.9931640625,31.44741029142872,4.342369351043798,population_count,0.8219512195121951,9.652783003055498,,0.8219512195121951,seen_city,train_indicator,train
Phoenix,Phoenix,United States,High income,North America,north,6569_3083.png,6569_3083.png,3083,6569,-112.24731446394102,33.55055083086587,-112.25830078125,33.54139466898275,-112.236328125,33.559706648411975,4.14257050773614,digital_modernization_tmi,0.8517908604363936,0.8517908604363936,1.7069917455529788,0.8517908604363936,seen_city,train_indicator,train
Luanda,Luanda,Angola,Lower middle income,Sub-Saharan Africa ,south,8599_8798.png,8599_8798.png,8798,8599,13.32641599507599,-8.917633593697428,13.3154296875,-8.928487062665505,13.33740234375,-8.906780007520238,5.802076244523993,population_count,0.6938202247191011,10.44295937704803,,0.6938202247191011,seen_city,train_indicator,train
Faisalabad,Faisalabad,Pakistan,Lower middle income,"Middle East, North Africa, Afghanistan & Pakistan",north,6688_11528.png,6688_11528.png,11528,6688,73.31176756273604,31.3442541542036,73.30078125,31.3348710339506,73.32275390625,31.353636941500994,4.349788483259677,population_count,0.8121951219512196,9.605476033467324,,0.8121951219512196,seen_city,train_indicator,train
Panama City,Panama City,Panama,High income,Latin America & Caribbean ,north,7784_4568.png,7784_4568.png,4568,7784,-79.61791990490666,8.917633593725741,-79.62890625,8.906780007520238,-79.60693359375,8.928487062665505,5.8005295219951964,population_count,0.5347593582887701,7.648304198415672,,0.5347593582887701,seen_city,train_indicator,train
Phoenix,Phoenix,United States,High income,North America,north,6561_3072.png,6561_3072.png,3072,6561,-112.48901368474236,33.696922379227715,-112.5,33.68778175843937,-112.47802734375,33.706062655101206,4.129223563522343,digital_total_cell_intensity,0.1152737752161383,1.3836511857163931,2.989441258835757,0.1152737752161383,seen_city,train_indicator,train
Lahore,Lahore,Pakistan,Lower middle income,"Middle East, North Africa, Afghanistan & Pakistan",north,6670_11565.png,6670_11565.png,11565,6670,74.12475585145555,31.681432813418148,74.11376953125,31.672083485607388,74.1357421875,31.69078180613681,4.316801782297688,digital_modernization_tmi,0.2625628140703517,0.2625628140703517,0.3798254820288551,0.2625628140703517,seen_city,train_indicator,train
Oslo,Oslo,Norway,High income,Europe & Central Asia,north,4798_8701.png,4798_8701.png,8701,4798,11.19506836632748,59.55102449194573,11.18408203125,59.54545678424145,11.2060546875,59.55659188568175,1.5408566853293846,food_accessibility,0.3546052631578947,0.4609263301193259,0.5855420402849623,0.3546052631578947,seen_city,train_indicator,train
Faisalabad,Faisalabad,Pakistan,Lower middle income,"Middle East, North Africa, Afghanistan & Pakistan",north,6688_11522.png,6688_11522.png,11522,6688,73.17993162403415,31.34425415417168,73.1689453125,31.3348710339506,73.19091796875,31.353636941500994,4.3502377502469045,digital_modernization_tmi,0.173170731707317,0.173170731707317,0.117118817383335,0.173170731707317,seen_city,train_indicator,train
Birmingham,Birmingham,United Kingdom,High income,Europe & Central Asia,north,5378_8087.png,5378_8087.png,8087,5378,-2.296142574888904,52.44931380748759,-2.30712890625,52.44261787120724,-2.28515625,52.45600939264076,2.224460003128237,nighttime_light_intensity,0.0206243032329988,0.0,,0.0206243032329988,seen_city,train_indicator,train
Cologne,Cologne,Germany,High income,Europe & Central Asia,north,5475_8525.png,5475_8525.png,8525,5475,7.32788085122105,51.1311073007359,7.31689453125,51.12421275782688,7.3388671875,51.13800148806256,2.3583289049452336,food_accessibility,0.1848049281314168,1.3657466959549005,2.918647998443096,0.1848049281314168,seen_city,train_indicator,train
Warsaw,Warsaw,Poland,High income,Europe & Central Asia,north,5400_9145.png,5400_9145.png,9145,5400,20.95092773414631,52.153714125330815,20.93994140625,52.14697334064471,20.9619140625,52.160454557747045,2.254081053022253,food_accessibility,0.8281092012133469,2.9224810826250964,17.58734704109598,0.8281092012133469,seen_city,train_indicator,train
Cologne,Cologne,Germany,High income,Europe & Central Asia,north,5493_8506.png,5493_8506.png,8506,5493,6.910400380325464,50.88224277367427,6.8994140625,50.87531114220076,6.92138671875,50.889174048903314,2.384097972831579,digital_modernization_tmi,0.7193702943189596,0.7193702943189596,0.8073070512222272,0.7193702943189596,seen_city,train_indicator,train
Cologne,Cologne,Germany,High income,Europe & Central Asia,north,5506_8512.png,5506_8512.png,8512,5506,7.042236318399167,50.701676297933965,7.03125,50.69471783819289,7.05322265625,50.70863440082822,2.402342034045892,population_count,0.7330595482546202,7.92909153445684,,0.7330595482546202,seen_city,train_indicator,train
Alexandria,Alexandria,Egypt,Lower middle income,"Middle East, North Africa, Afghanistan & Pakistan",north,6694_9557.png,6694_9557.png,9557,6694,30.003662136824715,31.23159137079925,29.99267578125,31.22219703210318,30.0146484375,31.2409853780213,4.366129235315944,digital_total_cell_intensity,0.9042904290429042,6.596760652897646,731.7178134223738,0.9042904290429042,seen_city,train_indicator,train
Warsaw,Warsaw,Poland,High income,Europe & Central Asia,north,5392_9134.png,5392_9134.png,9134,5392,20.70922851427656,52.26143326338202,20.6982421875,52.254708801130825,20.72021484375,52.26815737376817,2.2432538500667625,nighttime_light_intensity,0.6506572295247725,1.817443891815192,,0.6506572295247725,seen_city,train_indicator,train
Adana,Adana,Turkey,Upper middle income,Europe & Central Asia,north,6376_9795.png,6376_9795.png,9795,6376,35.2331543146248,37.01132561532628,35.22216796875,37.002552672159545,35.244140625,37.020098201368114,3.808402598122607,digital_modernization_tmi,0.7857142857142857,0.7857142857142857,1.1305897547827697,0.7857142857142857,seen_city,train_indicator,train
Phoenix,Phoenix,United States,High income,North America,north,6581_3081.png,6581_3081.png,3081,6581,-112.29125977688012,33.330527937119626,-112.30224609375,33.32134852669881,-112.2802734375,33.33970700424027,4.163543994564284,population_count,0.1418279127212844,0.0,,0.1418279127212844,seen_city,train_indicator,train
Warsaw,Warsaw,Poland,High income,Europe & Central Asia,north,5399_9161.png,5399_9161.png,9161,5399,21.30249023578381,52.16719330126443,21.29150390625,52.160454557747045,21.3134765625,52.17393169256847,2.2527460940324966,education_accessibility,0.5859453993933266,2.151789710901567,7.600236568975815,0.5859453993933266,seen_city,train_indicator,train
Qinhuangdao,Qinhuangdao,China,Upper middle income,East Asia & Pacific,north,6200_13633.png,6200_13633.png,13633,6200,119.5642090030847,40.03602619309908,119.55322265625,40.02761443748665,119.5751953125,40.044437584608566,3.5043994102767053,digital_total_cell_intensity,0.0718954248366013,0.8520390608368704,1.3444224013571342,0.0718954248366013,seen_city,train_indicator,train
Monrovia,Monrovia,Liberia,Low income,Sub-Saharan Africa ,north,7906_7706.png,7906_7706.png,7706,7906,-10.667724630113478,6.260697300297949,-10.6787109375,6.249776453227824,-10.65673828125,6.271618064314865,5.873302280445643,nighttime_light_intensity,0.872093023255814,2.0827112866491944,,0.872093023255814,seen_city,train_indicator,train
Buenos Aires,Buenos Aires,Argentina,Upper middle income,Latin America & Caribbean ,south,9888_5522.png,9888_5522.png,5522,9888,-58.65600587327568,-34.89494212814893,-58.6669921875,-34.90395296559005,-58.64501953125,-34.885930940753155,4.014534480758474,digital_modernization_tmi,0.254985754985755,0.254985754985755,0.9036528572553052,0.254985754985755,seen_city,train_indicator,train
Cordoba,Cordoba,Argentina,Upper middle income,Latin America & Caribbean ,south,9702_5274.png,9702_5274.png,5274,9702,-64.1052246194206,-31.47552371791024,-64.1162109375,-31.48489338689015,-64.09423828125,-31.466153715024284,4.336172632053432,digital_total_cell_intensity,0.680952380952381,4.076372303430162,57.93129674418656,0.680952380952381,seen_city,train_indicator,train
Birmingham,Birmingham,United Kingdom,High income,Europe & Central Asia,north,5374_8101.png,5374_8101.png,8101,5374,-1.9885253859862249,52.502847326153706,-1.99951171875,52.4961595310971,-1.9775390625,52.50953477032728,2.219213153206841,food_accessibility,0.8840579710144928,4.024687604994243,54.962823544052654,0.8840579710144928,seen_city,train_indicator,train
Adana,Adana,Turkey,Upper middle income,Europe & Central Asia,north,6374_9799.png,6374_9799.png,9799,6374,35.321044940305974,37.04640857180588,35.31005859375,37.0376396797714,35.33203125,37.055177106660814,3.805209499213282,food_accessibility,0.8839285714285714,4.280792360595372,71.29770316891997,0.8839285714285714,seen_city,train_indicator,train
Daegu,Daegu,South Korea,High income,East Asia & Pacific,north,6446_14055.png,6446_14055.png,14055,6446,128.83666992053398,35.77325726829517,128.82568359375,35.764343479667176,128.84765625,35.78217070326606,3.9267830293646697,digital_total_cell_intensity,0.1800327332242225,3.735072919771542,40.89108013972529,0.1800327332242225,seen_city,train_indicator,train
Qinhuangdao,Qinhuangdao,China,Upper middle income,East Asia & Pacific,north,6208_13633.png,6208_13633.png,13633,6208,119.56420900315985,39.90130824935149,119.55322265625,39.89287990029479,119.5751953125,39.90973623453718,3.518146444472868,education_accessibility,0.9607843137254902,0.5855256590935165,0.7959347870114362,0.9607843137254902,seen_city,train_indicator,train
Cologne,Cologne,Germany,High income,Europe & Central Asia,north,5504_8518.png,5504_8518.png,8518,5504,7.174072256564612,50.72950116372324,7.1630859375,50.7225468336323,7.18505859375,50.73645513701065,2.3993589572975624,food_accessibility,0.7200547570157426,2.6682604690275813,13.414872253931016,0.7200547570157426,seen_city,train_indicator,train
Cordoba,Cordoba,Argentina,Upper middle income,Latin America & Caribbean ,south,9688_5264.png,9688_5264.png,5264,9688,-64.32495118398663,-31.21280115769656,-64.3359375,-31.22219703210318,-64.31396484375,-31.203404950917392,4.360750293711188,nighttime_light_intensity,0.5785714285714286,1.881647991790461,,0.5785714285714286,seen_city,train_indicator,train
Niigata,Niigata,Japan,High income,East Asia & Pacific,north,6327_14522.png,6327_14522.png,14522,6327,139.0979003758537,37.866180454764816,139.0869140625,37.85750715625204,139.10888671875,37.87485339352928,3.7220440025021264,digital_total_cell_intensity,0.7403508771929824,5.102260274987631,163.39306121133262,0.7403508771929824,seen_city,train_indicator,train
Warsaw,Warsaw,Poland,High income,Europe & Central Asia,north,5402_9162.png,5402_9162.png,9162,5402,21.324462892138925,52.12674352538525,21.3134765625,52.11999865763816,21.33544921875,52.13348804077148,2.256825506906679,digital_total_cell_intensity,0.3483316481294237,4.932041908406859,137.6623593050677,0.3483316481294237,seen_city,train_indicator,train
Oslo,Oslo,Norway,High income,Europe & Central Asia,north,4743_8671.png,4743_8671.png,8671,4743,10.535888676565664,60.15790929046117,10.52490234375,60.152442214380784,10.546875,60.16337605648777,1.4855480535304184,nighttime_light_intensity,0.1873355263157894,0.0,,0.1873355263157894,seen_city,train_indicator,train
Warsaw,Warsaw,Poland,High income,Europe & Central Asia,north,5405_9144.png,5405_9144.png,9144,5405,20.928955077792896,52.08625699797597,20.91796875,52.079506003796965,20.93994140625,52.09300763963823,2.2608803168959346,population_count,0.5308392315470172,5.719063069442378,,0.5308392315470172,seen_city,train_indicator,train
Oslo,Oslo,Norway,High income,Europe & Central Asia,north,4775_8693.png,4775_8693.png,8693,4775,11.01928711567398,59.80615973850566,11.00830078125,59.80063426102869,11.0302734375,59.8116849036565,1.5175546553671897,education_accessibility,0.050328947368421,0.0298975090935228,0.0303489271462096,0.050328947368421,seen_city,train_indicator,train
Faisalabad,Faisalabad,Pakistan,Lower middle income,"Middle East, North Africa, Afghanistan & Pakistan",north,6679_11518.png,6679_11518.png,11518,6679,73.09204099829662,31.512995554986308,73.0810546875,31.503629305773018,73.10302734375,31.52236147042144,4.335064340978224,population_count,0.7560975609756098,9.371311186966588,,0.7560975609756098,seen_city,train_indicator,train
Faisalabad,Faisalabad,Pakistan,Lower middle income,"Middle East, North Africa, Afghanistan & Pakistan",north,6680_11512.png,6680_11512.png,11512,6680,72.96020505959152,31.49426151313335,72.94921875,31.48489338689015,72.97119140625,31.503629305773018,4.337289042515695,food_accessibility,0.7731707317073171,0.3424171726170198,0.4083476990769578,0.7731707317073171,seen_city,train_indicator,train
Oslo,Oslo,Norway,High income,Europe & Central Asia,north,4792_8686.png,4792_8686.png,8686,4792,10.865478521510992,59.61776886595639,10.8544921875,59.61221219518693,10.87646484375,59.62332522313024,1.5346122267772937,food_accessibility,0.1453947368421052,0.0750440617345601,0.0779316453763115,0.1453947368421052,seen_city,train_indicator,train
Phoenix,Phoenix,United States,High income,North America,north,6603_3101.png,6603_3101.png,3101,6603,-111.85180664811968,32.92570717894519,-111.86279296875,32.91648534731439,-111.8408203125,32.93492866908232,4.20091292675232,food_accessibility,0.1609715932482503,0.0076017114991085,0.0076306778594183,0.1609715932482503,seen_city,train_indicator,train
Phoenix,Phoenix,United States,High income,North America,north,6577_3073.png,6577_3073.png,3073,6577,-112.46704102839035,33.40393088793175,-112.47802734375,33.394759218577974,-112.4560546875,33.413102213708285,4.157017402941695,food_accessibility,0.3215314944421573,0.0876042124752406,0.0915560122697799,0.3215314944421573,seen_city,train_indicator,train
Oslo,Oslo,Norway,High income,Europe & Central Asia,north,4735_8679.png,4735_8679.png,8679,4735,10.711669927074167,60.24526371047026,10.70068359375,60.23981116999892,10.72265625,60.25071594150478,1.4777472066734434,nighttime_light_intensity,0.49375,0.6321825179050233,,0.49375,seen_city,train_indicator,train
Birmingham,Birmingham,United Kingdom,High income,Europe & Central Asia,north,5384_8090.png,5384_8090.png,8090,5384,-2.230224605822808,52.36889137241354,-2.2412109375,52.362183216744256,-2.21923828125,52.3755991766591,2.232570758973762,education_accessibility,0.3734671125975474,3.0389032555574684,19.88232809407863,0.3734671125975474,seen_city,train_indicator,train
Buenos Aires,Buenos Aires,Argentina,Upper middle income,Latin America & Caribbean ,south,9861_5520.png,9861_5520.png,5520,9861,-58.69995118631672,-34.40690933943057,-58.7109375,-34.41597338448187,-58.68896484375,-34.39784494644986,4.061800849499269,nighttime_light_intensity,0.6937321937321937,3.812373705700885,,0.6937321937321937,seen_city,train_indicator,train
Perth,Perth,Australia,High income,East Asia & Pacific,south,9733_13467.png,9733_13467.png,13467,9733,115.91674803715397,-32.054644385272056,115.90576171875,-32.063955594660406,115.927734375,-32.045332838858506,4.282694898137389,nighttime_light_intensity,0.9532967032967034,3.689527837770404,,0.9532967032967034,seen_city,train_indicator,train
Oslo,Oslo,Norway,High income,Europe & Central Asia,north,4781_8654.png,4781_8654.png,8654,4781,10.162353519266668,59.73978992131048,10.1513671875,59.73425344759136,10.17333984375,59.74532608213611,1.5232603609645805,population_count,0.8625,6.570676627972873,,0.8625,seen_city,train_indicator,train
Warsaw,Warsaw,Poland,High income,Europe & Central Asia,north,5408_9162.png,5408_9162.png,9162,5408,21.32446289214449,52.0457337058668,21.3134765625,52.038976583076206,21.33544921875,52.05249047600099,2.2649924757729627,education_accessibility,0.7639029322548029,3.065297236393411,20.44083403631294,0.7639029322548029,seen_city,train_indicator,train
Monrovia,Monrovia,Liberia,Low income,Sub-Saharan Africa ,north,7903_7705.png,7903_7705.png,7705,7903,-10.689697286631423,6.326218008610854,-10.70068359375,6.315298538330036,-10.6787109375,6.337137394988532,5.871970611275305,digital_total_cell_intensity,0.2441860465116279,2.6491185958314287,13.141568713044116,0.2441860465116279,seen_city,train_indicator,train
Cordoba,Cordoba,Argentina,Upper middle income,Latin America & Caribbean ,south,9696_5277.png,9696_5277.png,5277,9696,-64.03930665009456,-31.36301818984277,-64.05029296875,-31.37239910488051,-64.0283203125,-31.353636941500994,4.346351361069282,digital_modernization_tmi,0.2309523809523809,0.2309523809523809,0.857404747814224,0.2309523809523809,seen_city,train_indicator,train
Brisbane,Brisbane,Australia,High income,East Asia & Pacific,south,9509_15166.png,9509_15166.png,15166,9509,153.24829101805668,-27.790490945844343,153.2373046875,-27.800209937418245,153.25927734375,-27.78077164334821,4.660853315648245,food_accessibility,0.6258596973865199,2.230411883999333,8.30369733447982,0.6258596973865199,seen_city,train_indicator,train
Harare,Harare,Zimbabwe,Lower middle income,Sub-Saharan Africa ,south,9008_9604.png,9008_9604.png,9604,9008,31.03637693073275,-17.65449103909774,31.025390625,-17.66495983051931,31.04736328125,-17.644022027872726,5.404320287151879,digital_modernization_tmi,0.4801324503311258,0.4801324503311258,0.5886702800475385,0.4801324503311258,seen_city,train_indicator,train
Phoenix,Phoenix,United States,High income,North America,north,6574_3063.png,6574_3063.png,3063,6574,-112.68676759278348,33.45894244106792,-112.69775390625,33.44977658311845,-112.67578125,33.46810795527896,4.152410591429256,population_count,0.5911897900370523,5.903553305579069,,0.5911897900370523,seen_city,train_indicator,train
Phoenix,Phoenix,United States,High income,North America,north,6575_3112.png,6575_3112.png,3112,6575,-111.61010742717916,33.44060913134216,-111.62109375,33.43144133557529,-111.59912109375,33.44977658311845,4.151962442762017,food_accessibility,0.7118155619596542,1.3895675728665868,3.013114298215481,0.7118155619596542,seen_city,train_indicator,train
Munich,Munich,Germany,High income,Europe & Central Asia,north,5701_8720.png,5701_8720.png,8720,5701,11.612548842678803,47.90897797249792,11.6015625,47.90161354142076,11.62353515625,47.91634204016117,2.690354941643069,digital_total_cell_intensity,0.0009328358208955,2.9937881224116776,18.96115474990776,0.0009328358208955,seen_city,train_indicator,train
Niigata,Niigata,Japan,High income,East Asia & Pacific,north,6332_14525.png,6332_14525.png,14525,6332,139.16381834508138,37.77939824108177,139.15283203125,37.77071473849609,139.1748046875,37.78808138412046,3.73056427964142,education_accessibility,0.1228070175438596,1.0379399827365328,1.8233947774731123,0.1228070175438596,seen_city,train_indicator,train
Phoenix,Phoenix,United States,High income,North America,north,6568_3109.png,6568_3109.png,3109,6568,-111.67602539648456,33.56886086956336,-111.68701171875,33.559706648411975,-111.6650390625,33.57801474614399,4.13986359830036,education_accessibility,0.3734046932894195,0.3556796896681871,0.4271503440438886,0.3734046932894195,seen_city,train_indicator,train
Warsaw,Warsaw,Poland,High income,Europe & Central Asia,north,5415_9146.png,5415_9146.png,9146,5415,20.972900390497543,51.951036310375486,20.9619140625,51.944264879028765,20.98388671875,51.95780738871553,2.274518731735088,digital_total_cell_intensity,0.0480283114256825,3.56675029370506,34.401361990412866,0.0480283114256825,seen_city,train_indicator,train
Warsaw,Warsaw,Poland,High income,Europe & Central Asia,north,5396_9170.png,5396_9170.png,9170,5396,21.500244142950528,52.20760633882114,21.4892578125,52.20087371733219,21.51123046875,52.2143386082582,2.248716291753899,digital_modernization_tmi,0.1461071789686552,0.1461071789686552,0.945733904577452,0.1461071789686552,seen_city,train_indicator,train
Phoenix,Phoenix,United States,High income,North America,north,6579_3112.png,6579_3112.png,3112,6579,-111.61010742718832,33.36723715383721,-111.62109375,33.35806161277886,-111.59912109375,33.37641235124678,4.158916037107457,digital_total_cell_intensity,0.7533964594483327,5.029901861561172,151.91800482494006,0.7533964594483327,seen_city,train_indicator,train
Oslo,Oslo,Norway,High income,Europe & Central Asia,north,4770_8698.png,4770_8698.png,8698,4770,11.12915039724416,59.86136718212369,11.1181640625,59.85585085709834,11.14013671875,59.86688319521021,1.51259986270695,nighttime_light_intensity,0.1873355263157894,0.0,,0.1873355263157894,seen_city,train_indicator,train
Daegu,Daegu,South Korea,High income,East Asia & Pacific,north,6440_14033.png,6440_14033.png,14033,6440,128.3532714790796,35.880148641688265,128.34228515625,35.87124685002796,128.3642578125,35.88905007936092,3.916620815989686,food_accessibility,0.0392798690671031,0.0009371649614086,0.0009376042377051,0.0392798690671031,seen_city,train_indicator,train
Tegucigalpa,Tegucigalpa,Honduras,Lower middle income,Latin America & Caribbean ,north,7550_4226.png,7550_4226.png,4226,7550,-87.13256836094399,13.955392117559011,-87.1435546875,13.944729974920168,-87.12158203125,13.96605408131831,5.597059886703299,digital_modernization_tmi,0.0059880239520958,0.0059880239520958,0.122498261460627,0.0059880239520958,seen_city,train_indicator,train
Brisbane,Brisbane,Australia,High income,East Asia & Pacific,south,9495_15167.png,9495_15167.png,15167,9495,153.27026367453536,-27.518014964861724,153.25927734375,-27.52775820686189,153.28125,-27.508271413876017,4.683907795138874,digital_modernization_tmi,0.8184319119669876,0.8184319119669876,1.5102827992449686,0.8184319119669876,seen_city,train_indicator,train
Qom,Qom,Iran,Upper middle income,"Middle East, North Africa, Afghanistan & Pakistan",north,6507_10509.png,6507_10509.png,10509,6507,50.92163085871364,34.678393422003474,50.91064453125,34.66935854524544,50.9326171875,34.68742794931483,4.033206190886263,digital_total_cell_intensity,0.4024390243902439,5.05794704300325,156.26732163616884,0.4024390243902439,seen_city,train_indicator,train
Lahore,Lahore,Pakistan,Lower middle income,"Middle East, North Africa, Afghanistan & Pakistan",north,6664_11560.png,6664_11560.png,11560,6664,74.01489256923341,31.79355490343101,74.00390625,31.78421688448737,74.02587890625,31.80289258670676,4.306658518655304,nighttime_light_intensity,0.1595477386934673,0.9089618475846348,,0.1595477386934673,seen_city,train_indicator,train
Perth,Perth,Australia,High income,East Asia & Pacific,south,9714_13458.png,9714_13458.png,13458,9714,115.71899412903868,-31.700129250614395,115.7080078125,-31.709476360019345,115.72998046875,-31.69078180613681,4.315916015611382,population_count,0.7376373626373627,8.174252921826112,,0.7376373626373627,seen_city,train_indicator,train
Oslo,Oslo,Norway,High income,Europe & Central Asia,north,4768_8693.png,4768_8693.png,8693,4768,11.019287115644604,59.883424541705246,11.00830078125,59.87791187483114,11.0302734375,59.88893689676584,1.510547579177804,digital_modernization_tmi,0.78125,0.78125,1.303443180334942,0.78125,seen_city,train_indicator,train
Cologne,Cologne,Germany,High income,Europe & Central Asia,north,5489_8505.png,5489_8505.png,8505,5489,6.888427723992271,50.9376614073656,6.87744140625,50.93073802371818,6.8994140625,50.94458443495011,2.3784815518304807,education_accessibility,0.9589322381930184,4.540279349759694,92.71697627795446,0.9589322381930184,seen_city,train_indicator,train
Oslo,Oslo,Norway,High income,Europe & Central Asia,north,4751_8700.png,4751_8700.png,8700,4751,11.173095709795332,60.07032209769969,11.162109375,60.064840460104506,11.18408203125,60.07580342475969,1.4937150588276285,digital_modernization_tmi,0.7703947368421052,0.7703947368421052,1.3001022301748797,0.7703947368421052,seen_city,train_indicator,train
Vienna,Vienna,Austria,High income,Europe & Central Asia,north,5662_8926.png,5662_8926.png,8926,5662,16.138916021830358,48.48020405758983,16.1279296875,48.472921272487824,16.14990234375,48.48748647988413,2.629375202893605,food_accessibility,0.1482675261885576,0.6458709996595573,0.9076478665148776,0.1482675261885576,seen_city,train_indicator,train
Oslo,Oslo,Norway,High income,Europe & Central Asia,north,4746_8696.png,4746_8696.png,8696,4746,11.085205084504462,60.12509139351519,11.07421875,60.11961885993202,11.09619140625,60.13056361691419,1.48873017033755,digital_modernization_tmi,0.6213815789473685,0.6213815789473685,1.2478446561329135,0.6213815789473685,seen_city,train_indicator,train
Oslo,Oslo,Norway,High income,Europe & Central Asia,north,4783_8680.png,4783_8680.png,8680,4783,10.733642583562624,59.71763731560256,10.72265625,59.71209717332291,10.74462890625,59.723177144920655,1.5254688045942706,nighttime_light_intensity,0.775,2.008430576220469,,0.775,seen_city,train_indicator,train
Vienna,Vienna,Austria,High income,Europe & Central Asia,north,5669_8924.png,5669_8924.png,8924,5669,16.09497070911527,48.37814512828414,16.083984375,48.37084770238364,16.10595703125,48.38544219115484,2.639862018167201,digital_modernization_tmi,0.3134568896051571,0.3134568896051571,0.9204163605480769,0.3134568896051571,seen_city,train_indicator,train
Phoenix,Phoenix,United States,High income,North America,north,6557_3093.png,6557_3093.png,3093,6557,-112.02758789948946,33.770014838779204,-112.03857421875,33.760882000869174,-112.0166015625,33.779147331286474,4.121244120108839,digital_total_cell_intensity,0.7509263071222725,5.016462846675611,149.87668486944574,0.7509263071222725,seen_city,train_indicator,train
Buenos Aires,Buenos Aires,Argentina,Upper middle income,Latin America & Caribbean ,south,9868_5515.png,9868_5515.png,5515,9868,-58.809814468452544,-34.53371210370757,-58.82080078125,-34.542762387234845,-58.798828125,-34.52466147177173,4.049906047205504,nighttime_light_intensity,0.7122507122507122,3.913716516916792,,0.7122507122507122,seen_city,train_indicator,train
Oslo,Oslo,Norway,High income,Europe & Central Asia,north,4768_8693.png,4768_8693.png,8693,4768,11.019287115644604,59.883424541705246,11.00830078125,59.87791187483114,11.0302734375,59.88893689676584,1.510547579177804,digital_total_cell_intensity,0.5921052631578947,4.229440396505058,67.67878852816176,0.5921052631578947,seen_city,train_indicator,train
Warsaw,Warsaw,Poland,High income,Europe & Central Asia,north,5399_9135.png,5399_9135.png,9135,5399,20.7312011706231,52.167193301265165,20.72021484375,52.160454557747045,20.7421875,52.17393169256847,2.2527411124414365,digital_modernization_tmi,0.7537917087967644,0.7537917087967644,1.1138921491105906,0.7537917087967644,seen_city,train_indicator,train
Cologne,Cologne,Germany,High income,Europe & Central Asia,north,5494_8502.png,5494_8502.png,8502,5494,6.822509754886131,50.86837780452328,6.8115234375,50.86144411058924,6.83349609375,50.87531114220076,2.385618917366397,digital_total_cell_intensity,0.4818617385352498,5.970329494137647,390.63469082776834,0.4818617385352498,seen_city,train_indicator,train
Kitakyushu,Kitakyushu,Japan,High income,East Asia & Pacific,north,6556_14140.png,6556_14140.png,14140,6556,130.7043457178213,33.78827822204619,130.693359375,33.779147331286474,130.71533203125,33.797408767572485,4.121113246041255,digital_total_cell_intensity,0.7213114754098361,5.4195787000802325,224.7839796890829,0.7213114754098361,seen_city,train_indicator,train
Auckland,Auckland,New Zealand,High income,East Asia & Pacific,south,9992_16135.png,9992_16135.png,16135,9992,174.5397949021828,-36.74768740503166,174.52880859375,-36.75649032950516,174.55078125,-36.73888412439431,3.8353898542633367,food_accessibility,0.6253822629969419,1.560924254909185,3.763221642266679,0.6253822629969419,seen_city,train_indicator,train
Warsaw,Warsaw,Poland,High income,Europe & Central Asia,north,5419_9142.png,5419_9142.png,9142,5419,20.885009765082856,51.89683354815014,20.8740234375,51.89005393521691,20.89599609375,51.90361280788356,2.279993664122706,nighttime_light_intensity,0.3341759352881698,1.0533969411719046,,0.3341759352881698,seen_city,train_indicator,train
Warsaw,Warsaw,Poland,High income,Europe & Central Asia,north,5390_9166.png,5390_9166.png,9166,5390,21.412353517534925,52.28832225218349,21.4013671875,52.28160186807143,21.42333984375,52.29504228453733,2.240569280984648,education_accessibility,0.0717896865520728,0.4677162573198308,0.5963443873852543,0.0717896865520728,seen_city,train_indicator,train
Phoenix,Phoenix,United States,High income,North America,north,6569_3065.png,6569_3065.png,3065,6569,-112.64282227987076,33.55055083078799,-112.65380859375,33.54139466898275,-112.6318359375,33.559706648411975,4.143577188151038,nighttime_light_intensity,0.0864553314121037,0.0,,0.0864553314121037,seen_city,train_indicator,train
Lahore,Lahore,Pakistan,Lower middle income,"Middle East, North Africa, Afghanistan & Pakistan",north,6693_11567.png,6693_11567.png,11567,6693,74.16870116428225,31.250377849072823,74.15771484375,31.2409853780213,74.1796875,31.25976998739428,4.3562783057835865,population_count,0.8090452261306532,10.22986055329292,,0.8090452261306532,seen_city,train_indicator,train
Niigata,Niigata,Japan,High income,East Asia & Pacific,north,6321_14532.png,6321_14532.png,14532,6321,139.3176269400974,37.97018435729381,139.306640625,37.96152331396614,139.32861328125,37.97884504049711,3.7110574849664326,digital_modernization_tmi,0.9192982456140352,0.9192982456140352,1.9833605663717992,0.9192982456140352,seen_city,train_indicator,train
Alexandria,Alexandria,Egypt,Lower middle income,"Middle East, North Africa, Afghanistan & Pakistan",north,6697_9552.png,6697_9552.png,9552,6697,29.89379885460259,31.175209527425977,29.8828125,31.16580958786196,29.90478515625,31.184609135743244,4.370661848269033,digital_total_cell_intensity,0.8877887788778878,6.362993615293003,578.9799971614051,0.8877887788778878,seen_city,train_indicator,train
Phoenix,Phoenix,United States,High income,North America,north,6574_3089.png,6574_3089.png,3089,6574,-112.11547852531868,33.45894244117707,-112.12646484375,33.44977658311845,-112.1044921875,33.46810795527896,4.150994772552467,population_count,0.8246191848497324,8.482628792485416,,0.8246191848497324,seen_city,train_indicator,train
Cologne,Cologne,Germany,High income,Europe & Central Asia,north,5506_8496.png,5506_8496.png,8496,5506,6.690673816654087,50.70167629787103,6.6796875,50.69471783819289,6.70166015625,50.70863440082822,2.4027834731311715,nighttime_light_intensity,0.4490075290896646,1.1539065372247046,,0.4490075290896646,seen_city,train_indicator,train
Auckland,Auckland,New Zealand,High income,East Asia & Pacific,south,10021_16146.png,10021_16146.png,16146,10021,174.78149412310756,-37.25656575752109,174.7705078125,-37.26530995561874,174.79248046875,-37.24782120155428,3.783932960392975,nighttime_light_intensity,0.3287461773700306,0.3144109424824476,,0.3287461773700306,seen_city,train_indicator,train
Vienna,Vienna,Austria,High income,Europe & Central Asia,north,5693_8931.png,5693_8931.png,8931,5693,16.248779303802074,48.02667185356916,16.23779296875,48.01932418480118,16.259765625,48.03401915864286,2.6762573658092546,population_count,0.6027397260273972,6.057849730887468,,0.6027397260273972,seen_city,train_indicator,train
Vienna,Vienna,Austria,High income,Europe & Central Asia,north,5679_8929.png,5679_8929.png,8929,5679,16.20483399100449,48.23199100155868,16.19384765625,48.22467264956519,16.2158203125,48.23930899024906,2.6550271310318045,food_accessibility,0.5793714746172441,1.7359706445444796,4.674432989007558,0.5793714746172441,seen_city,train_indicator,train
Cologne,Cologne,Germany,High income,Europe & Central Asia,north,5502_8515.png,5502_8515.png,8515,5502,7.108154287498981,50.75730951259184,7.09716796875,50.75035931136964,7.119140625,50.76425935711647,2.39659663906896,digital_total_cell_intensity,0.920602327173169,7.531372086496799,1864.663600023539,0.920602327173169,seen_city,train_indicator,train
Lahore,Lahore,Pakistan,Lower middle income,"Middle East, North Africa, Afghanistan & Pakistan",north,6685_11579.png,6685_11579.png,11579,6685,74.4323730417074,31.40053502525606,74.42138671875,31.391157522824702,74.443359375,31.409912194070984,4.342179886541192,food_accessibility,0.4623115577889447,0.1438258626262762,0.1546830175485352,0.4623115577889447,seen_city,train_indicator,train
Qinhuangdao,Qinhuangdao,China,Upper middle income,East Asia & Pacific,north,6203_13631.png,6203_13631.png,13631,6203,119.52026369029186,39.98553807822874,119.50927734375,39.97712009843963,119.53125,39.9939556939733,3.5094120368777952,population_count,0.4183006535947712,6.791251426856274,,0.4183006535947712,seen_city,train_indicator,train
Algiers,Algiers,Algeria,Upper middle income,"Middle East, North Africa, Afghanistan & Pakistan",north,6396_8351.png,6396_8351.png,8351,6396,3.5046386759239048,36.65960590031321,3.49365234375,36.6507925250347,3.515625,36.66841891894785,3.839740009995006,education_accessibility,0.1837121212121212,0.7034558596277182,1.0207239931065726,0.1837121212121212,seen_city,train_indicator,train
Vienna,Vienna,Austria,High income,Europe & Central Asia,north,5680_8931.png,5680_8931.png,8931,5680,16.248779303750222,48.21735256761391,16.23779296875,48.21003212234041,16.259765625,48.22467264956519,2.656576309202701,population_count,0.9500402900886382,9.392002565974536,,0.9500402900886382,seen_city,train_indicator,train
Lahore,Lahore,Pakistan,Lower middle income,"Middle East, North Africa, Afghanistan & Pakistan",north,6686_11571.png,6686_11571.png,11571,6686,74.25659179010431,31.381778480593024,74.24560546875,31.37239910488051,74.267578125,31.391157522824702,4.34412148624473,population_count,0.7097989949748744,9.354338364652866,,0.7097989949748744,seen_city,train_indicator,train
Tegucigalpa,Tegucigalpa,Honduras,Lower middle income,Latin America & Caribbean ,north,7549_4222.png,7549_4222.png,4222,7549,-87.22045898698372,13.97671523729501,-87.2314453125,13.96605408131831,-87.20947265625,13.987376214146462,5.5960870899718165,nighttime_light_intensity,0.2634730538922156,0.5050347486091045,,0.2634730538922156,seen_city,train_indicator,train
Phoenix,Phoenix,United States,High income,North America,north,6581_3075.png,6581_3075.png,3075,6581,-112.42309571552929,33.330527937095205,-112.43408203125,33.32134852669881,-112.412109375,33.33970700424027,4.163862332765673,digital_total_cell_intensity,0.38452037875669,3.194211810206352,23.39094142286457,0.38452037875669,seen_city,train_indicator,train
Warsaw,Warsaw,Poland,High income,Europe & Central Asia,north,5391_9160.png,5391_9160.png,9160,5391,21.2805175794251,52.27487979682753,21.26953125,52.26815737376817,21.29150390625,52.28160186807143,2.241898837597778,digital_modernization_tmi,0.0854398382204246,0.0854398382204246,0.9000614037179857,0.0854398382204246,seen_city,train_indicator,train
Vienna,Vienna,Austria,High income,Europe & Central Asia,north,5690_8956.png,5690_8956.png,8956,5690,16.79809571308077,48.07073792235597,16.787109375,48.06339653776212,16.80908203125,48.07807894349861,2.672317987305031,education_accessibility,0.5624496373892023,1.3548114504475195,2.876030063996637,0.5624496373892023,seen_city,train_indicator,train
Faisalabad,Faisalabad,Pakistan,Lower middle income,"Middle East, North Africa, Afghanistan & Pakistan",north,6682_11514.png,6682_11514.png,11514,6682,73.00415037247605,31.45678216993741,72.9931640625,31.44741029142872,73.01513671875,31.466153715024284,4.340562193260373,digital_total_cell_intensity,0.6780487804878049,3.333722145537912,27.04252605151341,0.6780487804878049,seen_city,train_indicator,train
Cologne,Cologne,Germany,High income,Europe & Central Asia,north,5490_8519.png,5490_8519.png,8519,5490,7.196044912998604,50.923812934584845,7.18505859375,50.91688748924506,7.20703125,50.93073802371818,2.3795437594657494,nighttime_light_intensity,0.5441478439425051,1.3475465442893382,,0.5441478439425051,seen_city,train_indicator,train
Niigata,Niigata,Japan,High income,East Asia & Pacific,north,6332_14525.png,6332_14525.png,14525,6332,139.16381834508138,37.77939824108177,139.15283203125,37.77071473849609,139.1748046875,37.78808138412046,3.73056427964142,digital_total_cell_intensity,0.2666666666666666,4.105518441684293,59.67419242547037,0.2666666666666666,seen_city,train_indicator,train
Brisbane,Brisbane,Australia,High income,East Asia & Pacific,south,9495_15150.png,9495_15150.png,15150,9495,152.89672851460844,-27.51801496486601,152.8857421875,-27.52775820686189,152.90771484375,-27.508271413876017,4.683837423160276,education_accessibility,0.297111416781293,1.3725792533521786,2.945514063259626,0.297111416781293,seen_city,train_indicator,train
Munich,Munich,Germany,High income,Europe & Central Asia,north,5686_8728.png,5686_8728.png,8728,5686,11.788330093523056,48.129434035396045,11.77734375,48.122101028190805,11.79931640625,48.13676667969269,2.667904529759516,digital_modernization_tmi,0.6800373134328358,0.6800373134328358,0.9240668325095676,0.6800373134328358,seen_city,train_indicator,train
Faisalabad,Faisalabad,Pakistan,Lower middle income,"Middle East, North Africa, Afghanistan & Pakistan",north,6687_11528.png,6687_11528.png,11528,6687,73.3117675627423,31.36301818972065,73.30078125,31.353636941500994,73.32275390625,31.37239910488051,4.348068781804506,digital_total_cell_intensity,0.1317073170731707,1.0665487918405083,1.9053352608083551,0.1317073170731707,seen_city,train_indicator,train
Phoenix,Phoenix,United States,High income,North America,north,6559_3107.png,6559_3107.png,3107,6559,-111.7199707093412,33.73347639220287,-111.73095703125,33.7243396617476,-111.708984375,33.74261277734688,4.124256927012227,food_accessibility,0.2367229312474269,0.0250560949044832,0.0253726370913579,0.2367229312474269,seen_city,train_indicator,train
Buenos Aires,Buenos Aires,Argentina,Upper middle income,Latin America & Caribbean ,south,9886_5537.png,9886_5537.png,5537,9886,-58.32641602676901,-34.85889017223262,-58.33740234375,-34.86790496256872,-58.3154296875,-34.84987503195417,4.01721387544834,education_accessibility,0.4565527065527066,1.6602850583745394,4.260810268748988,0.4565527065527066,seen_city,train_indicator,train
Rawalpindi,Rawalpindi,Pakistan,Lower middle income,"Middle East, North Africa, Afghanistan & Pakistan",south,6573_11527.png,6573_11527.png,11527,6573,73.28979490701926,33.47727187504566,73.27880859375,33.46810795527896,73.30078125,33.486435450999885,4.150740287186307,food_accessibility,0.009771986970684,0.0017156639753948,0.0017171365688712,0.009771986970684,seen_city,train_indicator,train
Daegu,Daegu,South Korea,High income,East Asia & Pacific,north,6436_14042.png,6436_14042.png,14042,6436,128.55102538695553,35.951329538059625,128.5400390625,35.94243575255425,128.56201171875,35.96022296929668,3.9094700935829247,nighttime_light_intensity,0.88379705400982,3.1312990470362543,,0.88379705400982,seen_city,train_indicator,train
Dhaka,Dhaka,Bangladesh,Lower middle income,South Asia,north,7069_12297.png,7069_12297.png,12297,7069,90.20874020514312,23.936054663909776,90.19775390625,23.9260130330212,90.2197265625,23.94609601499838,4.9814748814027965,population_count,0.7593984962406015,9.691430738847515,,0.7593984962406015,seen_city,train_indicator,train
Phoenix,Phoenix,United States,High income,North America,north,6545_3089.png,6545_3089.png,3089,6545,-112.1154785251975,33.9889181687122,-112.12646484375,33.979808728724564,-112.1044921875,33.99802726234876,4.1005057823685735,food_accessibility,0.247426924660354,0.0292435337065778,0.0296753245916438,0.247426924660354,seen_city,train_indicator,train
Monrovia,Monrovia,Liberia,Low income,Sub-Saharan Africa ,north,7905_7700.png,7905_7700.png,7700,7905,-10.799560569251978,6.282538454012836,-10.810546875,6.271618064314865,-10.78857421875,6.293458760393986,5.873629929607369,food_accessibility,1.0,4.15415800911896,62.698308567108405,1.0,seen_city,train_indicator,train
Niigata,Niigata,Japan,High income,East Asia & Pacific,north,6322_14525.png,6322_14525.png,14525,6322,139.16381834514968,37.9528605873648,139.15283203125,37.94419750075404,139.1748046875,37.96152331396614,3.71317726420438,nighttime_light_intensity,0.8210526315789474,1.8063290682817343,,0.8210526315789474,seen_city,train_indicator,train
Qinhuangdao,Qinhuangdao,China,Upper middle income,East Asia & Pacific,north,6207_13634.png,6207_13634.png,13634,6207,119.58618165956128,39.918162510166574,119.5751953125,39.90973623453718,119.59716796875,39.92658842190944,3.516498830882995,education_accessibility,0.8496732026143791,0.0547384117917584,0.056264272254702,0.8496732026143791,seen_city,train_indicator,train
Warsaw,Warsaw,Poland,High income,Europe & Central Asia,north,5410_9143.png,5410_9143.png,9143,5410,20.90698242143885,52.01869774650189,20.89599609375,52.01193653675362,20.91796875,52.02545860348813,2.267693978270686,nighttime_light_intensity,0.6147623862487361,1.7283310020541969,,0.6147623862487361,seen_city,train_indicator,train
Birmingham,Birmingham,United Kingdom,High income,Europe & Central Asia,north,5380_8107.png,5380_8107.png,8107,5380,-1.8566894478623768,52.4225226207502,-1.86767578125,52.415822612378776,-1.845703125,52.42922227795512,2.227358399511429,education_accessibility,0.8205128205128205,4.033275271923797,55.4454831266922,0.8205128205128205,seen_city,train_indicator,train
Phoenix,Phoenix,United States,High income,North America,north,6564_3086.png,6564_3086.png,3086,6564,-112.1813964945973,33.6420621913436,-112.1923828125,33.63291573870477,-112.17041015625,33.65120829920498,4.13372755806371,digital_total_cell_intensity,0.8489090160559901,5.657842281338448,285.52972453697885,0.8489090160559901,seen_city,train_indicator,train
Oslo,Oslo,Norway,High income,Europe & Central Asia,north,4792_8693.png,4792_8693.png,8693,4792,11.019287115745817,59.61776886594215,11.00830078125,59.61221219518693,11.0302734375,59.62332522313024,1.534683766763454,food_accessibility,0.6342105263157894,1.195405641812108,2.304898103491274,0.6342105263157894,seen_city,train_indicator,train
Daegu,Daegu,South Korea,High income,East Asia & Pacific,north,6441_14056.png,6441_14056.png,14056,6441,128.85864257696704,35.86234341179846,128.84765625,35.8534396195918,128.86962890625,35.87124685002796,3.918052492637442,population_count,0.7708674304418985,7.719128922967367,,0.7708674304418985,seen_city,train_indicator,train
Brisbane,Brisbane,Australia,High income,East Asia & Pacific,south,9507_15164.png,9507_15164.png,15164,9507,153.2043457051277,-27.75160740883148,153.193359375,-27.76132987450524,153.21533203125,-27.741884632507084,4.66412862056881,nighttime_light_intensity,0.5914718019257221,1.9110838669215628,,0.5914718019257221,seen_city,train_indicator,train
Munich,Munich,Germany,High income,Europe & Central Asia,north,5695_8719.png,5695_8719.png,8719,5695,11.590576186256648,47.99727352590445,11.57958984375,47.98992166741417,11.6015625,48.004625021133904,2.6811813556441595,education_accessibility,0.3125,1.608578605355769,3.995705310101327,0.3125,seen_city,train_indicator,train
Oslo,Oslo,Norway,High income,Europe & Central Asia,north,4789_8699.png,4789_8699.png,8699,4789,11.15112305364772,59.65109140908795,11.14013671875,59.645540251443215,11.162109375,59.65664225341023,1.5317150070948329,education_accessibility,0.1990131578947368,0.3441454470463467,0.4107838149248611,0.1990131578947368,seen_city,train_indicator,train
Buenos Aires,Buenos Aires,Argentina,Upper middle income,Latin America & Caribbean ,south,9903_5540.png,9903_5540.png,5540,9903,-58.26049805738485,-35.16482718571883,-58.271484375,-35.17380831799958,-58.24951171875,-35.15584570226543,3.987391906607332,food_accessibility,0.5170940170940171,2.0945220770073942,7.121558562967646,0.5170940170940171,seen_city,train_indicator,train
Phoenix,Phoenix,United States,High income,North America,north,6579_3118.png,6579_3118.png,3118,6579,-111.47827148854016,33.367237153847,-111.4892578125,33.35806161277886,-111.46728515625,33.37641235124678,4.158788651020023,food_accessibility,0.6834088102099629,1.2451496042602883,2.4734544040450808,0.6834088102099629,seen_city,train_indicator,train
Panama City,Panama City,Panama,High income,Latin America & Caribbean ,north,7769_4566.png,7769_4566.png,4566,7769,-79.66186521797697,9.24309253881075,-79.6728515625,9.232248799418674,-79.65087890625,9.25393615681446,5.789931528678604,population_count,0.6524064171122995,8.302255999755223,,0.6524064171122995,seen_city,train_indicator,train
Cologne,Cologne,Germany,High income,Europe & Central Asia,north,5479_8514.png,5479_8514.png,8514,5479,7.086181631270558,51.07591943845135,7.0751953125,51.069016659603896,7.09716796875,51.08282186160977,2.3641856647634274,food_accessibility,0.4839151266255989,2.1333586190288427,7.443176657620242,0.4839151266255989,seen_city,train_indicator,train
Birmingham,Birmingham,United Kingdom,High income,Europe & Central Asia,north,5381_8107.png,5381_8107.png,8107,5381,-1.856689447859146,52.40912091878462,-1.86767578125,52.40241887397332,-1.845703125,52.415822612378776,2.228706042846456,digital_total_cell_intensity,0.6031215161649944,6.167016842845273,475.76172741462887,0.6031215161649944,seen_city,train_indicator,train
Warsaw,Warsaw,Poland,High income,Europe & Central Asia,north,5399_9141.png,5399_9141.png,9141,5399,20.863037108737107,52.16719330126727,20.85205078125,52.160454557747045,20.8740234375,52.17393169256847,2.2527272672955507,digital_modernization_tmi,0.6122345803842265,0.6122345803842265,1.0778823927182124,0.6122345803842265,seen_city,train_indicator,train
Faisalabad,Faisalabad,Pakistan,Lower middle income,"Middle East, North Africa, Afghanistan & Pakistan",north,6686_11510.png,6686_11510.png,11510,6686,72.91625974664575,31.381778480331576,72.9052734375,31.37239910488051,72.92724609375,31.391157522824702,4.347795799268782,digital_modernization_tmi,0.5609756097560976,0.5609756097560976,0.4168886210172491,0.5609756097560976,seen_city,train_indicator,train
Warsaw,Warsaw,Poland,High income,Europe & Central Asia,north,5383_9142.png,5383_9142.png,9142,5383,20.885009765094665,52.3823052951557,20.8740234375,52.3755991766591,20.89599609375,52.389011062234566,2.2310745682875823,food_accessibility,0.9459049544994944,3.9923810879854185,53.18375216689624,0.9459049544994944,seen_city,train_indicator,train
Mianyang,Mianyang,China,Upper middle income,East Asia & Pacific,north,6686_12953.png,6686_12953.png,12953,6686,104.62280273093964,31.38177848062131,104.61181640625,31.37239910488051,104.6337890625,31.391157522824702,4.343723764853626,population_count,0.4647058823529412,7.268676296827226,,0.4647058823529412,seen_city,train_indicator,train
Oslo,Oslo,Norway,High income,Europe & Central Asia,north,4781_8652.png,4781_8652.png,8652,4781,10.118408206629027,59.73978992131284,10.107421875,59.73425344759136,10.12939453125,59.74532608213611,1.5232485325322749,digital_total_cell_intensity,0.9269736842105264,6.126093004368005,456.64464760275655,0.9269736842105264,seen_city,train_indicator,train
Qinhuangdao,Qinhuangdao,China,Upper middle income,East Asia & Pacific,north,6210_13630.png,6210_13630.png,13630,6210,119.4982910339454,39.86758728821542,119.4873046875,39.85915479295669,119.50927734375,39.87601941962115,3.521373830522475,population_count,0.0849673202614379,4.847966927124225,,0.0849673202614379,seen_city,train_indicator,train
Birmingham,Birmingham,United Kingdom,High income,Europe & Central Asia,north,5387_8085.png,5387_8085.png,8085,5387,-2.340087887574127,52.32862515471208,-2.35107421875,52.32191088594772,-2.3291015625,52.335339071889386,2.2365814846638385,education_accessibility,0.4035674470457079,3.115400562473013,21.542458208071665,0.4035674470457079,seen_city,train_indicator,train
Vienna,Vienna,Austria,High income,Europe & Central Asia,north,5696_8931.png,5696_8931.png,8931,5696,16.248779303814075,47.98256807730422,16.23779296875,47.97521412341617,16.259765625,47.98992166741417,2.680811294673457,food_accessibility,0.8331990330378727,2.606656445686847,12.553657616363534,0.8331990330378727,seen_city,train_indicator,train
Lahore,Lahore,Pakistan,Lower middle income,"Middle East, North Africa, Afghanistan & Pakistan",north,6668_11576.png,6668_11576.png,11576,6668,74.36645507239726,31.718821920693813,74.35546875,31.709476360019345,74.37744140625,31.728167146023942,4.313008333798588,food_accessibility,0.1909547738693467,0.0070980229496467,0.0071232736224736,0.1909547738693467,seen_city,train_indicator,train
Phoenix,Phoenix,United States,High income,North America,north,6582_3096.png,6582_3096.png,3096,6582,-111.96166993026084,33.31216752561911,-111.97265625,33.30298618122413,-111.95068359375,33.32134852669881,4.164621764979083,digital_modernization_tmi,0.4145738987237546,0.4145738987237546,1.5778833398128969,0.4145738987237546,seen_city,train_indicator,train
Kitakyushu,Kitakyushu,Japan,High income,East Asia & Pacific,north,6559_14155.png,6559_14155.png,14155,6559,131.0339355644363,33.73347639195672,131.02294921875,33.7243396617476,131.044921875,33.74261277734688,4.127416920656461,nighttime_light_intensity,0.3161592505854801,0.7784727996033523,,0.3161592505854801,seen_city,train_indicator,train
Oslo,Oslo,Norway,High income,Europe & Central Asia,north,4741_8706.png,4741_8706.png,8706,4741,11.304931647652245,60.17976970160255,11.2939453125,60.17430626192602,11.31591796875,60.1852328315075,1.48390926114708,digital_total_cell_intensity,0.1776315789473684,2.606451158258506,12.550875506422726,0.1776315789473684,seen_city,train_indicator,train
Havana,Havana,Cuba,Upper middle income,Latin America & Caribbean ,north,7107_4452.png,7107_4452.png,4452,7107,-82.16674805923621,23.17066358308771,-82.177734375,23.160563309048307,-82.15576171875,23.18076358312944,5.030904938114776,education_accessibility,0.3175355450236967,0.3927427642754083,0.4810373646051484,0.3175355450236967,seen_city,train_indicator,train
Phoenix,Phoenix,United States,High income,North America,north,6570_3095.png,6570_3095.png,3095,6570,-111.98364258665823,33.53223691110994,-111.99462890625,33.52307880890421,-111.97265625,33.54139466898275,4.143792292467964,education_accessibility,0.7126389460683409,1.943712419099294,5.984632782989773,0.7126389460683409,seen_city,train_indicator,train
Vienna,Vienna,Austria,High income,Europe & Central Asia,north,5675_8929.png,5675_8929.png,8929,5675,16.20483399098915,48.29050287555301,16.19384765625,48.28319289548348,16.2158203125,48.29781249243716,2.6489909156863773,digital_modernization_tmi,0.4311039484286865,0.4311039484286865,0.9494812933701676,0.4311039484286865,seen_city,train_indicator,train
Alexandria,Alexandria,Egypt,Lower middle income,"Middle East, North Africa, Afghanistan & Pakistan",north,6698_9565.png,6698_9565.png,9565,6698,30.179443388478944,31.15640811365969,30.16845703125,31.14700630855656,30.1904296875,31.16580958786196,4.374084343049452,digital_total_cell_intensity,0.1188118811881188,2.5153692634801628,11.371176159339235,0.1188118811881188,seen_city,train_indicator,train
Auckland,Auckland,New Zealand,High income,East Asia & Pacific,south,10007_16146.png,10007_16146.png,16146,10007,174.7814941229916,-37.01132561533054,174.7705078125,-37.020098201368114,174.79248046875,-37.002552672159545,3.808354156706357,digital_total_cell_intensity,0.9541284403669724,6.786915549620895,885.175976201783,0.9541284403669724,seen_city,train_indicator,train
Lahore,Lahore,Pakistan,Lower middle income,"Middle East, North Africa, Afghanistan & Pakistan",north,6668_11573.png,6668_11573.png,11573,6668,74.30053710305128,31.71882192068777,74.28955078125,31.709476360019345,74.3115234375,31.728167146023942,4.313092276272831,digital_total_cell_intensity,0.7135678391959799,3.984324694655467,52.7489802457372,0.7135678391959799,seen_city,train_indicator,train
Vienna,Vienna,Austria,High income,Europe & Central Asia,north,5674_8929.png,5674_8929.png,8929,5674,16.20483399098532,48.30512037983232,16.19384765625,48.29781249243716,16.2158203125,48.312427904071775,2.647483137526628,digital_total_cell_intensity,0.3094278807413376,4.924833602068678,136.6664323273284,0.3094278807413376,seen_city,train_indicator,train
Oslo,Oslo,Norway,High income,Europe & Central Asia,north,4746_8702.png,4746_8702.png,8702,4746,11.217041022407304,60.12509139350221,11.2060546875,60.11961885993202,11.22802734375,60.13056361691419,1.4887940587973467,food_accessibility,0.7276315789473684,1.5169408518663263,3.558259453497349,0.7276315789473684,seen_city,train_indicator,train
Warsaw,Warsaw,Poland,High income,Europe & Central Asia,north,5394_9153.png,5394_9153.png,9153,5394,21.126708984963336,52.234527960252215,21.11572265625,52.227799418870696,21.1376953125,52.24125614966341,2.2459449525140296,education_accessibility,0.9277047522750252,4.208635162623055,66.26467179371413,0.9277047522750252,seen_city,train_indicator,train
Luanda,Luanda,Angola,Lower middle income,Sub-Saharan Africa ,south,8610_8802.png,8610_8802.png,8802,8610,13.414306621182144,-9.156332454694962,13.4033203125,-9.167178732976668,13.42529296875,-9.14548605616728,5.793990064830734,digital_total_cell_intensity,0.1179775280898876,2.3191221870690857,9.16674588690091,0.1179775280898876,seen_city,train_indicator,train
Birmingham,Birmingham,United Kingdom,High income,Europe & Central Asia,north,5379_8088.png,5379_8088.png,8088,5379,-2.2741699185358404,52.43592025016896,-2.28515625,52.42922227795512,-2.26318359375,52.44261787120724,2.2258141960700457,digital_total_cell_intensity,0.5117056856187291,5.959861932333953,386.5566115068678,0.5117056856187291,seen_city,train_indicator,train
Warsaw,Warsaw,Poland,High income,Europe & Central Asia,north,5412_9157.png,5412_9157.png,9157,5412,21.21459961038245,51.99164543758192,21.20361328125,51.98488013991663,21.2255859375,51.998410382390325,2.270432854893493,education_accessibility,0.7446916076845298,2.969991888065207,18.49176147949168,0.7446916076845298,seen_city,train_indicator,train
Cologne,Cologne,Germany,High income,Europe & Central Asia,north,5511_8509.png,5511_8509.png,8509,5511,6.976318349291718,50.63204185085464,6.96533203125,50.62507306341436,6.9873046875,50.63901028125871,2.4095209837264626,digital_total_cell_intensity,0.8542094455852156,7.064392759921205,1168.5715450608309,0.8542094455852156,seen_city,train_indicator,train
Cologne,Cologne,Germany,High income,Europe & Central Asia,north,5484_8508.png,5484_8508.png,8508,5484,6.954345693096417,51.00684193445727,6.943359375,50.99992885585964,6.96533203125,51.01375465718819,2.371361523104636,food_accessibility,0.5523613963039015,2.2892894613931087,8.867923648875527,0.5523613963039015,seen_city,train_indicator,train
Rawalpindi,Rawalpindi,Pakistan,Lower middle income,"Middle East, North Africa, Afghanistan & Pakistan",south,6562_11510.png,6562_11510.png,11510,6562,72.91625974761021,33.67863953788877,72.9052734375,33.669496972795535,72.92724609375,33.68778175843937,4.1328257930524135,digital_total_cell_intensity,0.2442996742671009,3.0876315107833423,20.92508709778572,0.2442996742671009,seen_city,train_indicator,train
Birmingham,Birmingham,United Kingdom,High income,Europe & Central Asia,north,5380_8079.png,5380_8079.png,8079,5380,-2.471923825694057,52.42252262078963,-2.48291015625,52.415822612378776,-2.4609375,52.42922227795512,2.22709831440935,nighttime_light_intensity,0.0206243032329988,0.0,,0.0206243032329988,seen_city,train_indicator,train
Kitakyushu,Kitakyushu,Japan,High income,East Asia & Pacific,north,6549_14142.png,6549_14142.png,14142,6549,130.74829103065437,33.91601279857178,130.7373046875,33.90689555128868,130.75927734375,33.92512970007198,4.109043876039404,digital_modernization_tmi,0.1967213114754098,0.1967213114754098,1.841257224702036,0.1967213114754098,seen_city,train_indicator,train
Oslo,Oslo,Norway,High income,Europe & Central Asia,north,4790_8676.png,4790_8676.png,8676,4790,10.645751958311305,59.63998756993964,10.634765625,59.63443457494949,10.65673828125,59.645540251443215,1.5324968494744104,education_accessibility,0.6407894736842106,1.669621233312664,4.310156105986911,0.6407894736842106,seen_city,train_indicator,train
Harare,Harare,Zimbabwe,Lower middle income,Sub-Saharan Africa ,south,9020_9608.png,9020_9608.png,9608,9020,31.12426755679707,-17.905568615065995,31.11328125,-17.91602270387767,31.13525390625,-17.89511430374914,5.388815470434727,population_count,0.4569536423841059,7.961272723929587,,0.4569536423841059,seen_city,train_indicator,train
Algiers,Algiers,Algeria,Upper middle income,"Middle East, North Africa, Afghanistan & Pakistan",north,6388_8357.png,6388_8357.png,8357,6388,3.636474614462645,36.80048783910062,3.62548828125,36.79169061907076,3.6474609375,36.80928470205939,3.825908882642157,food_accessibility,0.0018939393939393,2.667938532525313e-05,2.667974122321884e-05,0.0018939393939393,seen_city,train_indicator,train
Munich,Munich,Germany,High income,Europe & Central Asia,north,5695_8718.png,5695_8718.png,8718,5695,11.56860352988478,47.99727352590987,11.5576171875,47.98992166741417,11.57958984375,48.004625021133904,2.68113979143877,food_accessibility,0.2546641791044776,1.1511692979552803,2.161887938075012,0.2546641791044776,seen_city,train_indicator,train
Oslo,Oslo,Norway,High income,Europe & Central Asia,north,4754_8688.png,4754_8688.png,8688,4754,10.909423833998584,60.03741680400637,10.8984375,60.0319296991156,10.92041015625,60.04290359809165,1.4965646866354274,nighttime_light_intensity,0.6279605263157895,1.277091483699839,,0.6279605263157895,seen_city,train_indicator,train
Oslo,Oslo,Norway,High income,Europe & Central Asia,north,4759_8688.png,4759_8688.png,8688,4759,10.909423834018252,59.982501717290674,10.8984375,59.977005492196,10.92041015625,59.987997631212224,1.501528410209955,nighttime_light_intensity,0.80625,2.2158474350873374,,0.80625,seen_city,train_indicator,train
Arequipa,Arequipa,Peru,Upper middle income,Latin America & Caribbean ,south,8953_4936.png,8953_4936.png,4936,8953,-71.53198245112338,-16.49929898409348,-71.54296875,-16.509832826905846,-71.52099609375,-16.488764934242074,5.4748708655965865,population_count,0.1650485436893204,3.716449384874924,,0.1650485436893204,seen_city,train_indicator,train
Vienna,Vienna,Austria,High income,Europe & Central Asia,north,5666_8935.png,5666_8935.png,8935,5666,16.33666992917451,48.421909767972906,16.32568359375,48.41461861749318,16.34765625,48.4292005555684,2.635558136665426,population_count,0.0531829170024174,0.1111269759294761,,0.0531829170024174,seen_city,train_indicator,train
Luanda,Luanda,Angola,Lower middle income,Sub-Saharan Africa ,south,8600_8789.png,8600_8789.png,8789,8600,13.12866208639914,-8.939340002985295,13.11767578125,-8.95019282586579,13.1396484375,-8.928487062665505,5.80261144353339,education_accessibility,0.952247191011236,2.819968501253756,15.776322230700435,0.952247191011236,seen_city,train_indicator,train
Warsaw,Warsaw,Poland,High income,Europe & Central Asia,north,5407_9163.png,5407_9163.png,9163,5407,21.346435548496395,52.05924555567674,21.33544921875,52.05249047600099,21.357421875,52.06600028274636,2.263633753234508,food_accessibility,0.647118301314459,2.113866110803045,7.280191621337941,0.647118301314459,seen_city,train_indicator,train
Phoenix,Phoenix,United States,High income,North America,north,6552_3089.png,6552_3089.png,3089,6552,-112.11547852522676,33.86129279906754,-112.12646484375,33.8521697014074,-112.1044921875,33.87041555094183,4.112700570948366,education_accessibility,0.7002881844380403,1.871877362240296,5.500488723073754,0.7002881844380403,seen_city,train_indicator,train
Buenos Aires,Buenos Aires,Argentina,Upper middle income,Latin America & Caribbean ,south,9887_5531.png,9887_5531.png,5531,9887,-58.458251965371176,-34.876918126643574,-58.46923828125,-34.885930940753155,-58.447265625,-34.86790496256872,4.015771672798329,nighttime_light_intensity,0.4216524216524216,2.367350711841896,,0.4216524216524216,seen_city,train_indicator,train
Birmingham,Birmingham,United Kingdom,High income,Europe & Central Asia,north,5373_8097.png,5373_8097.png,8097,5373,-2.0764160113918395,52.51622053072512,-2.08740234375,52.50953477032728,-2.0654296875,52.52290594027807,2.2178269265133337,food_accessibility,0.8885172798216276,4.029852668801652,55.25262287023692,0.8885172798216276,seen_city,train_indicator,train
Lahore,Lahore,Pakistan,Lower middle income,"Middle East, North Africa, Afghanistan & Pakistan",north,6676_11569.png,6676_11569.png,11569,6676,74.21264647723329,31.569175146496967,74.20166015625,31.55981453201842,74.2236328125,31.578535426473373,4.326990895732259,digital_modernization_tmi,0.935929648241206,0.935929648241206,1.034984476118352,0.935929648241206,seen_city,train_indicator,train
Cologne,Cologne,Germany,High income,Europe & Central Asia,north,5507_8522.png,5507_8522.png,8522,5507,7.261962881984968,50.68775767023597,7.2509765625,50.68079714532164,7.27294921875,50.69471783819289,2.403521950009156,population_count,0.4517453798767967,6.4146070254166885,,0.4517453798767967,seen_city,train_indicator,train
Warsaw,Warsaw,Poland,High income,Europe & Central Asia,north,5410_9167.png,5410_9167.png,9167,5410,21.43432617391146,52.01869774649482,21.42333984375,52.01193653675362,21.4453125,52.02545860348813,2.267741185553529,food_accessibility,0.1708796764408493,0.7747881343108607,1.1701323018988967,0.1708796764408493,seen_city,train_indicator,train
Phoenix,Phoenix,United States,High income,North America,north,6556_3092.png,6556_3092.png,3092,6556,-112.04956055592508,33.788278222168785,-112.060546875,33.779147331286474,-112.03857421875,33.797408767572485,4.119542659306002,education_accessibility,0.3577603952243722,0.3140761707555659,0.3689940098841338,0.3577603952243722,seen_city,train_indicator,train
Panama City,Panama City,Panama,High income,Latin America & Caribbean ,north,7778_4575.png,7778_4575.png,4575,7778,-79.46411130928138,9.047852586873406,-79.47509765625,9.037002898469416,-79.453125,9.058702156392131,5.797193309820813,food_accessibility,0.9144385026737968,2.7834580789208903,15.174858283907074,0.9144385026737968,seen_city,train_indicator,train
Alexandria,Alexandria,Egypt,Lower middle income,"Middle East, North Africa, Afghanistan & Pakistan",north,6698_9555.png,6698_9555.png,9555,6698,29.95971682396691,31.15640811375299,29.94873046875,31.14700630855656,29.970703125,31.16580958786196,4.372761563159759,digital_modernization_tmi,0.8415841584158416,0.8415841584158416,0.8681465485061822,0.8415841584158416,seen_city,train_indicator,train
Luanda,Luanda,Angola,Lower middle income,Sub-Saharan Africa ,south,8603_8801.png,8603_8801.png,8801,8603,13.392333964645449,-9.004451458011218,13.38134765625,-9.015302333420587,13.4033203125,-8.993600464280021,5.798962839362839,digital_modernization_tmi,0.6573033707865169,0.6573033707865169,0.5176100837165817,0.6573033707865169,seen_city,train_indicator,train
Daegu,Daegu,South Korea,High income,East Asia & Pacific,north,6452_14052.png,6452_14052.png,14052,6452,128.77075195123763,35.6662220187232,128.759765625,35.65729624809628,128.78173828125,35.67514743608467,3.937274408663824,population_count,0.3436988543371522,5.382442291605846,,0.3436988543371522,seen_city,train_indicator,train
Buenos Aires,Buenos Aires,Argentina,Upper middle income,Latin America & Caribbean ,south,9879_5539.png,9879_5539.png,5539,9879,-58.282470713933456,-34.73258388766053,-58.29345703125,-34.74161249883172,-58.271484375,-34.723554927042194,4.029337990510975,digital_total_cell_intensity,0.8810541310541311,6.39305265764389,596.6783049677854,0.8810541310541311,seen_city,train_indicator,train
Buenos Aires,Buenos Aires,Argentina,Upper middle income,Latin America & Caribbean ,south,9884_5534.png,9884_5534.png,5534,9884,-58.39233399608326,-34.82282240835748,-58.4033203125,-34.83184114982866,-58.38134765625,-34.81380331711314,4.020853983223404,food_accessibility,0.8817663817663818,3.7930505941323216,43.39161472833023,0.8817663817663818,seen_city,train_indicator,train
Munich,Munich,Germany,High income,Europe & Central Asia,north,5690_8724.png,5690_8724.png,8724,5690,11.700439468072728,48.07073792216377,11.689453125,48.06339653776212,11.71142578125,48.07807894349861,2.673797720130437,education_accessibility,0.7835820895522388,3.075437349989148,20.659352557973715,0.7835820895522388,seen_city,train_indicator,train
Munich,Munich,Germany,High income,Europe & Central Asia,north,5696_8729.png,5696_8729.png,8729,5696,11.810302749984205,47.98256807700295,11.79931640625,47.97521412341617,11.8212890625,47.98992166741417,2.683137617722324,population_count,0.2378731343283582,4.564921546332279,,0.2378731343283582,seen_city,train_indicator,train
Birmingham,Birmingham,United Kingdom,High income,Europe & Central Asia,north,5368_8089.png,5368_8089.png,8089,5368,-2.252197262207947,52.583025528413785,-2.26318359375,52.57634993749886,-2.2412109375,52.5897007687178,2.211044619070151,education_accessibility,0.0936454849498327,1.8312912843069136,5.2419415780142735,0.0936454849498327,seen_city,train_indicator,train
Munich,Munich,Germany,High income,Europe & Central Asia,north,5689_8729.png,5689_8729.png,8729,5689,11.810302749921217,48.08541823340372,11.79931640625,48.07807894349861,11.8212890625,48.09275716032736,2.672500372298529,population_count,0.8180970149253731,7.98069125982343,,0.8180970149253731,seen_city,train_indicator,train
Vienna,Vienna,Austria,High income,Europe & Central Asia,north,5671_8939.png,5671_8939.png,8939,5671,16.424560554676944,48.34894778246376,16.41357421875,48.3416461723746,16.435546875,48.35624902954072,2.6431689084730507,nighttime_light_intensity,0.6116035455278002,1.223382763285948,,0.6116035455278002,seen_city,train_indicator,train
Birmingham,Birmingham,United Kingdom,High income,Europe & Central Asia,north,5362_8102.png,5362_8102.png,8102,5362,-1.966552729670336,52.6630573379695,-1.9775390625,52.656393941988014,-1.95556640625,52.66972038368817,2.203138966755202,population_count,0.302118171683389,5.011064191678811,,0.302118171683389,seen_city,train_indicator,train
Buenos Aires,Buenos Aires,Argentina,Upper middle income,Latin America & Caribbean ,south,9885_5523.png,9885_5523.png,5523,9885,-58.63403321685962,-34.84085826576508,-58.64501953125,-34.84987503195417,-58.623046875,-34.83184114982866,4.01971414920045,nighttime_light_intensity,0.5833333333333334,3.308226998053241,,0.5833333333333334,seen_city,train_indicator,train
Rawalpindi,Rawalpindi,Pakistan,Lower middle income,"Middle East, North Africa, Afghanistan & Pakistan",south,6572_11514.png,6572_11514.png,11514,6572,73.00415037329535,33.49559743198941,72.9931640625,33.486435450999885,73.01513671875,33.504759069226075,4.149934381495791,digital_total_cell_intensity,0.9087947882736156,6.32772423652876,558.8809862162276,0.9087947882736156,seen_city,train_indicator,train
Faisalabad,Faisalabad,Pakistan,Lower middle income,"Middle East, North Africa, Afghanistan & Pakistan",north,6690_11510.png,6690_11510.png,11510,6690,72.91625974661483,31.306714853720315,72.9052734375,31.297327991404263,72.92724609375,31.31610138349563,4.354678718497898,digital_modernization_tmi,0.0146341463414634,0.0146341463414634,0.0060454562749966,0.0146341463414634,seen_city,train_indicator,train
Buenos Aires,Buenos Aires,Argentina,Upper middle income,Latin America & Caribbean ,south,9891_5545.png,9891_5545.png,5545,9891,-58.15063477527058,-34.94899040639456,-58.16162109375,-34.95799531086791,-58.1396484375,-34.93998515156042,4.008125673013181,population_count,0.3874643874643874,5.487423690808687,,0.3874643874643874,seen_city,train_indicator,train
Algiers,Algiers,Algeria,Upper middle income,"Middle East, North Africa, Afghanistan & Pakistan",north,6396_8346.png,6396_8346.png,8346,6396,3.394775393792436,36.65960590031969,3.3837890625,36.6507925250347,3.40576171875,36.66841891894785,3.8396653126533287,food_accessibility,0.25,0.2423926227927297,0.2742944116417716,0.25,seen_city,train_indicator,train
Vienna,Vienna,Austria,High income,Europe & Central Asia,north,5681_8945.png,5681_8945.png,8945,5681,16.55639649294827,48.20270994697194,16.54541015625,48.19538740833338,16.5673828125,48.21003212234041,2.658398473345624,population_count,0.9057211925866236,8.36672501204426,,0.9057211925866236,seen_city,train_indicator,train
Perth,Perth,Australia,High income,East Asia & Pacific,south,9724_13464.png,9724_13464.png,13464,9724,115.8508300677739,-31.88688622140485,115.83984375,-31.89621446335143,115.86181640625,-31.87755764334002,4.2983688086118885,nighttime_light_intensity,0.8269230769230769,2.962729205492188,,0.8269230769230769,seen_city,train_indicator,train
Brisbane,Brisbane,Australia,High income,East Asia & Pacific,south,9503_15147.png,9503_15147.png,15147,9503,152.8308105452144,-27.673798679636988,152.81982421875,-27.68352808378776,152.841796875,-27.664068965384512,4.670703083375317,education_accessibility,0.8569463548830811,3.138305705375932,22.064755243963848,0.8569463548830811,seen_city,train_indicator,train
Cologne,Cologne,Germany,High income,Europe & Central Asia,north,5487_8505.png,5487_8505.png,8505,5487,6.888427724004769,50.9653459843515,6.87744140625,50.95842672335992,6.8994140625,50.97226488936749,2.375663296830348,population_count,0.971252566735113,9.418079136784872,,0.971252566735113,seen_city,train_indicator,train
Phoenix,Phoenix,United States,High income,North America,north,6559_3070.png,6559_3070.png,3070,6559,-112.53295899761063,33.73347639207829,-112.5439453125,33.7243396617476,-112.52197265625,33.74261277734688,4.125856118478991,food_accessibility,0.2132564841498559,0.0164501616700295,0.0165862105645005,0.2132564841498559,seen_city,train_indicator,train
Oslo,Oslo,Norway,High income,Europe & Central Asia,north,4749_8664.png,4749_8664.png,8664,4749,10.382080082363164,60.09224074109627,10.37109375,60.08676274626006,10.39306640625,60.09771842541546,1.491418277777562,food_accessibility,0.3049342105263158,0.3600272260378332,0.4333684389724462,0.3049342105263158,seen_city,train_indicator,train
Warsaw,Warsaw,Poland,High income,Europe & Central Asia,north,5401_9123.png,5401_9123.png,9123,5401,20.46752929439208,52.14023086685685,20.45654296875,52.13348804077148,20.478515625,52.14697334064471,2.2555125708795387,digital_total_cell_intensity,0.2664307381193124,4.661817116356883,104.82820971562276,0.2664307381193124,seen_city,train_indicator,train
Algiers,Algiers,Algeria,Upper middle income,"Middle East, North Africa, Afghanistan & Pakistan",north,6394_8349.png,6394_8349.png,8349,6394,3.4606933630678736,36.69485061526927,3.44970703125,36.686041276581925,3.4716796875,36.70365959719454,3.836221590214235,population_count,0.1893939393939394,6.612535557850056,,0.1893939393939394,seen_city,train_indicator,train
Birmingham,Birmingham,United Kingdom,High income,Europe & Central Asia,north,5381_8085.png,5381_8085.png,8085,5381,-2.3400878875853413,52.40912091881807,-2.35107421875,52.40241887397332,-2.3291015625,52.415822612378776,2.228485303062887,nighttime_light_intensity,0.1471571906354515,0.6304901090580843,,0.1471571906354515,seen_city,train_indicator,train
Daegu,Daegu,South Korea,High income,East Asia & Pacific,north,6451_14056.png,6451_14056.png,14056,6451,128.85864257696176,35.68407121075917,128.84765625,35.67514743608467,128.86962890625,35.6929946320988,3.935503351327499,nighttime_light_intensity,0.0605564648117839,0.6472091030420416,,0.0605564648117839,seen_city,train_indicator,train
Daegu,Daegu,South Korea,High income,East Asia & Pacific,north,6448_14051.png,6448_14051.png,14051,6448,128.74877929481048,35.73759482914682,128.73779296875,35.728677044851686,128.759765625,35.7465122599185,3.930302115477178,nighttime_light_intensity,0.1963993453355155,0.9687810196164652,,0.1963993453355155,seen_city,train_indicator,train
Oslo,Oslo,Norway,High income,Europe & Central Asia,north,4775_8660.png,4775_8660.png,8660,4775,10.294189457163348,59.80615973856207,10.283203125,59.80063426102869,10.30517578125,59.8116849036565,1.5172733813534078,nighttime_light_intensity,0.95,3.4532886465676493,,0.95,seen_city,train_indicator,train
Zhaoqing,Zhaoqing,China,Upper middle income,East Asia & Pacific,north,7110_13312.png,7110_13312.png,13312,7110,112.51098634414888,23.110049053784525,112.5,23.0999442125314,112.52197265625,23.12015362169561,5.036609347367419,education_accessibility,0.8807339449541285,0.0427067313215163,0.0436317854521141,0.8807339449541285,seen_city,train_indicator,train
Perth,Perth,Australia,High income,East Asia & Pacific,south,9723_13466.png,9723_13466.png,13466,9723,115.89477538066564,-31.86822751191352,115.8837890625,-31.87755764334002,115.90576171875,-31.85889704445453,4.29999983421884,food_accessibility,0.9354395604395604,3.0991571834528844,21.17925036261848,0.9354395604395604,seen_city,train_indicator,train
Oslo,Oslo,Norway,High income,Europe & Central Asia,north,4739_8703.png,4739_8703.png,8703,4739,11.239013678692388,60.20161557101559,11.22802734375,60.19615576604439,11.25,60.20707506634914,1.4819078171744595,digital_modernization_tmi,0.6796052631578947,0.6796052631578947,1.2655663791499272,0.6796052631578947,seen_city,train_indicator,train
Cologne,Cologne,Germany,High income,Europe & Central Asia,north,5488_8519.png,5488_8519.png,8519,5488,7.196044913009287,50.95150575721456,7.18505859375,50.94458443495011,7.20703125,50.95842672335992,2.376725221037137,population_count,0.3059548254620123,5.616197004535041,,0.3059548254620123,seen_city,train_indicator,train
Lahore,Lahore,Pakistan,Lower middle income,"Middle East, North Africa, Afghanistan & Pakistan",north,6689_11574.png,6689_11574.png,11574,6689,74.32250975944716,31.32548637531371,74.3115234375,31.31610138349563,74.33349609375,31.3348710339506,4.349184266074943,nighttime_light_intensity,0.4070351758793969,1.3529550848765124,,0.4070351758793969,seen_city,train_indicator,train
Oslo,Oslo,Norway,High income,Europe & Central Asia,north,4798_8699.png,4798_8699.png,8699,4798,11.15112305368846,59.5510244919503,11.14013671875,59.54545678424145,11.162109375,59.55659188568175,1.5408336364267343,education_accessibility,0.4595394736842105,1.1103258073071534,2.0353471716397773,0.4595394736842105,seen_city,train_indicator,train
Phoenix,Phoenix,United States,High income,North America,north,6587_3101.png,6587_3101.png,3101,6587,-111.85180664806872,33.220307478387646,-111.86279296875,33.21111647241684,-111.8408203125,33.229498141449504,4.173132945627144,nighttime_light_intensity,0.7517496912309592,3.1470105611356294,,0.7517496912309592,seen_city,train_indicator,train
Zhaoqing,Zhaoqing,China,Upper middle income,East Asia & Pacific,north,7116_13315.png,7116_13315.png,13315,7116,112.576904313629,22.98873791838366,112.56591796875,22.97862397038491,112.587890625,22.99885159414292,5.045861294037971,nighttime_light_intensity,0.6146788990825688,1.820704648440667,,0.6146788990825688,seen_city,train_indicator,train
Oslo,Oslo,Norway,High income,Europe & Central Asia,north,4772_8689.png,4772_8689.png,8689,4772,10.931396490388025,59.83929518699905,10.92041015625,59.833775202184206,10.9423828125,59.84481485969105,1.5145078492455026,digital_total_cell_intensity,0.6990131578947368,4.660388263385454,104.67710474281252,0.6990131578947368,seen_city,train_indicator,train
Vienna,Vienna,Austria,High income,Europe & Central Asia,north,5687_8932.png,5687_8932.png,8932,5687,16.27075196014955,48.114766290095154,16.259765625,48.10743118848039,16.28173828125,48.122101028190805,2.6671832603881147,nighttime_light_intensity,0.8879935535858179,2.4246314885400704,,0.8879935535858179,seen_city,train_indicator,train
Tegucigalpa,Tegucigalpa,Honduras,Lower middle income,Latin America & Caribbean ,north,7538_4223.png,7538_4223.png,4223,7538,-87.19848633046877,14.211138598803986,-87.20947265625,14.200488387358336,-87.1875,14.221788628397576,5.584731391082546,population_count,0.3233532934131736,6.166418180938608,,0.3233532934131736,seen_city,train_indicator,train
Khartoum,Khartoum,Sudan,Low income,Sub-Saharan Africa ,north,7467_9674.png,7467_9674.png,9674,7467,32.574462885671984,15.718238369573916,32.5634765625,15.707662769583507,32.58544921875,15.728813770533968,5.507935511456543,education_accessibility,0.4583333333333333,0.4841320647306607,0.6227659416484876,0.4583333333333333,seen_city,train_indicator,train
Havana,Havana,Cuba,Upper middle income,Latin America & Caribbean ,north,7112_4436.png,7112_4436.png,4436,7112,-82.5183105629865,23.06962415447017,-82.529296875,23.059516273509303,-82.50732421875,23.07973176244988,5.0396366395227785,population_count,0.6018957345971564,8.688777914735864,,0.6018957345971564,seen_city,train_indicator,train
Harare,Harare,Zimbabwe,Lower middle income,Sub-Saharan Africa ,south,9019_9608.png,9019_9608.png,9608,9019,31.12426755679192,-17.884658982845338,31.11328125,-17.89511430374914,31.13525390625,-17.8742034396575,5.390071478649843,digital_total_cell_intensity,0.423841059602649,3.642756170194478,37.19696912527503,0.423841059602649,seen_city,train_indicator,train
Auckland,Auckland,New Zealand,High income,East Asia & Pacific,south,9989_16145.png,9989_16145.png,16145,9989,174.75952146641626,-36.69485061495375,174.74853515625,-36.70365959719454,174.7705078125,-36.686041276581925,3.839850830944519,digital_modernization_tmi,0.9587155963302753,0.9587155963302753,1.3343564198265414,0.9587155963302753,seen_city,train_indicator,train
Port-au-Prince,Port-au-Prince,Haiti,Lower middle income,Latin America & Caribbean ,north,7327_4905.png,7327_4905.png,4905,7327,-72.21313473420753,18.656654282233028,-72.22412109375,18.646245142670605,-72.2021484375,18.6670631919266,5.349106974946112,digital_total_cell_intensity,0.1415094339622641,2.611381281113318,12.617847942976464,0.1415094339622641,seen_city,train_indicator,train
Kitakyushu,Kitakyushu,Japan,High income,East Asia & Pacific,north,6560_14151.png,6560_14151.png,14151,6560,130.94604493868468,33.71520133081637,130.93505859375,33.706062655101206,130.95703125,33.7243396617476,4.128854262614827,digital_modernization_tmi,0.6768149882903981,0.6768149882903981,1.9283840732870363,0.6768149882903981,seen_city,train_indicator,train
Taizhou,Taizhou,China,Upper middle income,East Asia & Pacific,north,6621_13656.png,6621_13656.png,13656,6621,120.06958005214196,32.59310566562247,120.05859375,32.583849325656615,120.08056640625,32.60236166681751,4.239353830759371,education_accessibility,0.3620689655172414,4.802824366930126e-07,4.802825520286406e-07,0.3620689655172414,seen_city,train_indicator,train
Cologne,Cologne,Germany,High income,Europe & Central Asia,north,5506_8509.png,5506_8509.png,8509,5506,6.976318349321916,50.701676297922944,6.96533203125,50.69471783819289,6.9873046875,50.70863440082822,2.402419261251304,digital_total_cell_intensity,0.9787816563997264,8.407485949420039,4479.482181516006,0.9787816563997264,seen_city,train_indicator,train
Zhaoqing,Zhaoqing,China,Upper middle income,East Asia & Pacific,north,7117_13306.png,7117_13306.png,13306,7117,112.37915040528196,22.96850878030328,112.3681640625,22.958393318086344,112.39013671875,22.97862397038491,5.046589872859103,digital_modernization_tmi,0.6697247706422018,0.6697247706422018,1.5996930759184214,0.6697247706422018,seen_city,train_indicator,train
Buenos Aires,Buenos Aires,Argentina,Upper middle income,Latin America & Caribbean ,south,9871_5533.png,9871_5533.png,5533,9871,-58.41430665258698,-34.58799713765977,-58.42529296875,-34.59704151614416,-58.4033203125,-34.57895241036947,4.0435980560917,digital_modernization_tmi,0.6488603988603988,0.6488603988603988,1.0268303174295796,0.6488603988603988,seen_city,train_indicator,train
Vienna,Vienna,Austria,High income,Europe & Central Asia,north,5687_8928.png,5687_8928.png,8928,5687,16.182861334663798,48.11476629010534,16.171875,48.10743118848039,16.19384765625,48.122101028190805,2.667104936709446,education_accessibility,0.4947622884770346,1.1589837796480715,2.186693247570009,0.4947622884770346,seen_city,train_indicator,train
Warsaw,Warsaw,Poland,High income,Europe & Central Asia,north,5408_9137.png,5408_9137.png,9137,5408,20.77514648332199,52.04573370586894,20.76416015625,52.038976583076206,20.7861328125,52.05249047600099,2.2649781591213656,food_accessibility,0.4297269969666329,1.4564425554709333,3.2906685307427463,0.4297269969666329,seen_city,train_indicator,train
Cordoba,Cordoba,Argentina,Upper middle income,Latin America & Caribbean ,south,9709_5265.png,9709_5265.png,5265,9709,-64.30297852743426,-31.60660941637018,-64.31396484375,-31.61596593647608,-64.2919921875,-31.597252561706654,4.324583664713345,population_count,0.238095238095238,2.440633163715759,,0.238095238095238,seen_city,train_indicator,train
Warsaw,Warsaw,Poland,High income,Europe & Central Asia,north,5410_9166.png,5410_9166.png,9166,5410,21.41235351755844,52.01869774649556,21.4013671875,52.01193653675362,21.42333984375,52.02545860348813,2.2677363061065496,digital_total_cell_intensity,0.1056622851365015,3.983687323772471,52.714733125955696,0.1056622851365015,seen_city,train_indicator,train
Phoenix,Phoenix,United States,High income,North America,north,6578_3074.png,6578_3074.png,3074,6578,-112.4450683719546,33.38558595666257,-112.4560546875,33.37641235124678,-112.43408203125,33.394759218577974,4.158700288736857,food_accessibility,0.4223960477562783,0.2544880419721343,0.2898011277732302,0.4223960477562783,seen_city,train_indicator,train
Qom,Qom,Iran,Upper middle income,"Middle East, North Africa, Afghanistan & Pakistan",north,6509_10505.png,6509_10505.png,10505,6509,50.83374023297068,34.64224672981464,50.82275390625,34.633207911379586,50.8447265625,34.65128519895414,4.036712267863833,nighttime_light_intensity,0.7560975609756098,3.665102281126417,,0.7560975609756098,seen_city,train_indicator,train
Munich,Munich,Germany,High income,Europe & Central Asia,north,5705_8710.png,5705_8710.png,8710,5705,11.39282227898652,47.85003044322508,11.3818359375,47.84265762816536,11.40380859375,47.85740289465824,2.696044959750848,nighttime_light_intensity,0.2080223880597015,0.3199808925289977,,0.2080223880597015,seen_city,train_indicator,train
Phoenix,Phoenix,United States,High income,North America,north,6576_3097.png,6576_3097.png,3097,6576,-111.93969727379812,33.42227194655965,-111.95068359375,33.413102213708285,-111.9287109375,33.43144133557529,4.154153395011361,digital_total_cell_intensity,0.9942363112391932,7.030390924689287,1129.472453409627,0.9942363112391932,seen_city,train_indicator,train
Phoenix,Phoenix,United States,High income,North America,north,6576_3085.png,6576_3085.png,3085,6576,-112.2033691510915,33.422271946521114,-112.21435546875,33.413102213708285,-112.1923828125,33.43144133557529,4.154653882487067,nighttime_light_intensity,0.8480856319473035,3.523084285088379,,0.8480856319473035,seen_city,train_indicator,train
Oslo,Oslo,Norway,High income,Europe & Central Asia,north,4786_8658.png,4786_8658.png,8658,4786,10.250244144555008,59.68438088517658,10.2392578125,59.67883523696078,10.26123046875,59.68992622014336,1.5283213812901149,education_accessibility,0.6799342105263158,1.808227043428774,5.099623472343223,0.6799342105263158,seen_city,train_indicator,train
Alexandria,Alexandria,Egypt,Lower middle income,"Middle East, North Africa, Afghanistan & Pakistan",north,6691_9557.png,6691_9557.png,9557,6691,30.00366213679126,31.287939591070057,29.99267578125,31.27855085894652,30.0146484375,31.297327991404263,4.360959574505357,population_count,0.9108910891089108,11.289812170389643,,0.9108910891089108,seen_city,train_indicator,train
Havana,Havana,Cuba,Upper middle income,Latin America & Caribbean ,north,7110_4449.png,7110_4449.png,4449,7110,-82.23266602869678,23.11004905383413,-82.24365234375,23.0999442125314,-82.2216796875,23.12015362169561,5.035612610481956,population_count,0.5165876777251185,8.146270724583333,,0.5165876777251185,seen_city,train_indicator,train
Faisalabad,Faisalabad,Pakistan,Lower middle income,"Middle East, North Africa, Afghanistan & Pakistan",north,6678_11538.png,6678_11538.png,11538,6678,73.53149412729361,31.531725842046388,73.5205078125,31.52236147042144,73.54248046875,31.54108987958581,4.33191206979995,digital_modernization_tmi,0.4219512195121951,0.4219512195121951,0.2954314251713182,0.4219512195121951,seen_city,train_indicator,train
Rawalpindi,Rawalpindi,Pakistan,Lower middle income,"Middle East, North Africa, Afghanistan & Pakistan",south,6576_11521.png,6576_11521.png,11521,6576,73.15795896835331,33.42227194638844,73.14697265625,33.413102213708285,73.1689453125,33.43144133557529,4.156377092152711,nighttime_light_intensity,0.0977198697068403,1.2265861074681326,,0.0977198697068403,seen_city,train_indicator,train
Auckland,Auckland,New Zealand,High income,East Asia & Pacific,south,9997_16135.png,9997_16135.png,16135,9997,174.5397949022288,-36.83566792005724,174.52880859375,-36.844460740795625,174.55078125,-36.82687474287728,3.8266560709479767,education_accessibility,0.3792048929663608,1.1192717308184776,2.062622976996175,0.3792048929663608,seen_city,train_indicator,train
Oslo,Oslo,Norway,High income,Europe & Central Asia,north,4749_8665.png,4749_8665.png,8665,4749,10.404052738680512,60.09224074109487,10.39306640625,60.08676274626006,10.4150390625,60.09771842541546,1.4914252020098195,digital_total_cell_intensity,0.0351973684210526,1.0730966437328875,1.924421384156208,0.0351973684210526,seen_city,train_indicator,train
Vienna,Vienna,Austria,High income,Europe & Central Asia,north,5696_8940.png,5696_8940.png,8940,5696,16.446533211162638,47.98256807727887,16.435546875,47.97521412341617,16.45751953125,47.98992166741417,2.6810068823506623,food_accessibility,0.2078968573730862,0.8202543475095759,1.2710774069601338,0.2078968573730862,seen_city,train_indicator,train
Cologne,Cologne,Germany,High income,Europe & Central Asia,north,5499_8499.png,5499_8499.png,8499,5499,6.756591785777997,50.79899107381176,6.74560546875,50.792047064406844,6.767578125,50.805934726769074,2.392773650718547,digital_total_cell_intensity,0.1683778234086242,5.084991399838391,160.57854962998528,0.1683778234086242,seen_city,train_indicator,train
Vienna,Vienna,Austria,High income,Europe & Central Asia,north,5692_8945.png,5692_8945.png,8945,5692,16.55639649300296,48.04136473255705,16.54541015625,48.03401915864286,16.5673828125,48.04870994288686,2.6750556125888405,digital_total_cell_intensity,0.370668815471394,5.103993585419913,163.67825251045053,0.370668815471394,seen_city,train_indicator,train
Oslo,Oslo,Norway,High income,Europe & Central Asia,north,4740_8667.png,4740_8667.png,8667,4740,10.447998051288517,60.19069445369804,10.43701171875,60.1852328315075,10.458984375,60.19615576604439,1.4825655890260354,digital_total_cell_intensity,0.0483552631578947,1.3597429794707212,2.895192028809983,0.0483552631578947,seen_city,train_indicator,train
Warsaw,Warsaw,Poland,High income,Europe & Central Asia,north,5393_9132.png,5393_9132.png,9132,5393,20.66528320157181,52.2479826513536,20.654296875,52.24125614966341,20.67626953125,52.254708801130825,2.244614990640766,food_accessibility,0.3478260869565217,1.250121503862737,2.490767073378788,0.3478260869565217,seen_city,train_indicator,train
Phoenix,Phoenix,United States,High income,North America,north,6571_3113.png,6571_3113.png,3113,6571,-111.58813477072934,33.51391911123177,-111.59912109375,33.504759069226075,-111.5771484375,33.52307880890421,4.144983690731625,nighttime_light_intensity,0.0864553314121037,0.0,,0.0864553314121037,seen_city,train_indicator,train
Warsaw,Warsaw,Poland,High income,Europe & Central Asia,north,5396_9169.png,5396_9169.png,9169,5396,21.478271486598388,52.20760633882198,21.46728515625,52.20087371733219,21.4892578125,52.2143386082582,2.2487107471816663,population_count,0.5085945399393327,5.650035119905363,,0.5085945399393327,seen_city,train_indicator,train
Cordoba,Cordoba,Argentina,Upper middle income,Latin America & Caribbean ,south,9692_5275.png,9692_5275.png,5275,9692,-64.08325196301105,-31.28793959161209,-64.09423828125,-31.297327991404263,-64.072265625,-31.27855085894652,4.3533139557565095,nighttime_light_intensity,0.2119047619047619,0.7692534526007123,,0.2119047619047619,seen_city,train_indicator,train
Phoenix,Phoenix,United States,High income,North America,north,6592_3094.png,6592_3094.png,3094,6592,-112.00561524318164,33.128350880773624,-112.0166015625,33.11915022676886,-111.99462890625,33.137551192346145,4.182074550676128,digital_total_cell_intensity,0.6488266776451215,4.484425874801675,87.62605375302869,0.6488266776451215,seen_city,train_indicator,train
Faisalabad,Faisalabad,Pakistan,Lower middle income,"Middle East, North Africa, Afghanistan & Pakistan",north,6682_11510.png,6682_11510.png,11510,6682,72.9162597466767,31.456782169912668,72.9052734375,31.44741029142872,72.92724609375,31.466153715024284,4.3409089037813775,food_accessibility,0.4512195121951219,0.0138320793074232,0.0139281851195753,0.4512195121951219,seen_city,train_indicator,train
Phoenix,Phoenix,United States,High income,North America,north,6568_3091.png,6568_3091.png,3091,6568,-112.07153321241272,33.56886086951629,-112.08251953125,33.559706648411975,-112.060546875,33.57801474614399,4.140471608354996,digital_modernization_tmi,0.5030876904075752,0.5030876904075752,1.605315077267075,0.5030876904075752,seen_city,train_indicator,train
Perth,Perth,Australia,High income,East Asia & Pacific,south,9728_13461.png,9728_13461.png,13461,9728,115.7849120984482,-31.96148325247532,115.77392578125,-31.97080393043309,115.7958984375,-31.952162238024968,4.291613697092738,population_count,0.679945054945055,7.727105066258033,,0.679945054945055,seen_city,train_indicator,train
Alexandria,Alexandria,Egypt,Lower middle income,"Middle East, North Africa, Afghanistan & Pakistan",north,6697_9553.png,6697_9553.png,9553,6697,29.9157715110537,31.175209527417152,29.90478515625,31.16580958786196,29.9267578125,31.184609135743244,4.3707868950813005,population_count,0.8811881188118812,10.852556907662136,,0.8811881188118812,seen_city,train_indicator,train
Buenos Aires,Buenos Aires,Argentina,Upper middle income,Latin America & Caribbean ,south,9888_5512.png,9888_5512.png,5512,9888,-58.875732437620094,-34.89494212809673,-58.88671875,-34.90395296559005,-58.86474609375,-34.885930940753155,4.015175843307536,nighttime_light_intensity,0.0847578347578347,0.2833442030836464,,0.0847578347578347,seen_city,train_indicator,train
Cologne,Cologne,Germany,High income,Europe & Central Asia,north,5484_8526.png,5484_8526.png,8526,5484,7.349853507534349,51.00684193451765,7.3388671875,50.99992885585964,7.36083984375,51.01375465718819,2.370942513180072,food_accessibility,0.2662559890485969,1.6060396742529242,3.98303764647628,0.2662559890485969,seen_city,train_indicator,train
Vienna,Vienna,Austria,High income,Europe & Central Asia,north,5677_8925.png,5677_8925.png,8925,5677,16.116943365513855,48.26125531043111,16.10595703125,48.25394114463432,16.1279296875,48.26856911296433,2.6519347304144474,population_count,0.0217566478646253,0.0,,0.0217566478646253,seen_city,train_indicator,train
Buenos Aires,Buenos Aires,Argentina,Upper middle income,Latin America & Caribbean ,south,9886_5532.png,9886_5532.png,5532,9886,-58.43627930894204,-34.858890172212206,-58.447265625,-34.86790496256872,-58.42529296875,-34.84987503195417,4.017465104037768,nighttime_light_intensity,0.5427350427350427,3.069082107474084,,0.5427350427350427,seen_city,train_indicator,train
Brisbane,Brisbane,Australia,High income,East Asia & Pacific,south,9496_15162.png,9496_15162.png,15162,9496,153.16040039220331,-27.5375000311233,153.1494140625,-27.54724154625327,153.17138671875,-27.52775820686189,4.68221183905502,nighttime_light_intensity,0.3576341127922971,1.0030754981192174,,0.3576341127922971,seen_city,train_indicator,train
Cologne,Cologne,Germany,High income,Europe & Central Asia,north,5483_8499.png,5483_8499.png,8499,5483,6.756591785884362,51.02066567537163,6.74560546875,51.01375465718819,6.767578125,51.027576337802415,2.3701978451043884,education_accessibility,0.3880903490759753,2.3437365570609083,9.420099206538124,0.3880903490759753,seen_city,train_indicator,train
Faisalabad,Faisalabad,Pakistan,Lower middle income,"Middle East, North Africa, Afghanistan & Pakistan",north,6676_11537.png,6676_11537.png,11537,6676,73.50952147085519,31.569175146386566,73.49853515625,31.55981453201842,73.5205078125,31.578535426473373,4.328531143622703,nighttime_light_intensity,0.5146341463414634,1.2485296521383804,,0.5146341463414634,seen_city,train_indicator,train
Phoenix,Phoenix,United States,High income,North America,north,6584_3123.png,6584_3123.png,3123,6584,-111.36840820634028,33.27543510145027,-111.37939453125,33.266249890762744,-111.357421875,33.28461996888768,4.1673943434313445,population_count,0.1418279127212844,0.0,,0.1418279127212844,seen_city,train_indicator,train
Oslo,Oslo,Norway,High income,Europe & Central Asia,north,4765_8694.png,4765_8694.png,8694,4765,11.041259771950054,59.91648315344504,11.0302734375,59.91097597079679,11.05224609375,59.92199002450385,1.5075630650721443,population_count,0.6381578947368421,4.036804385871736,,0.6381578947368421,seen_city,train_indicator,train
Faisalabad,Faisalabad,Pakistan,Lower middle income,"Middle East, North Africa, Afghanistan & Pakistan",north,6677_11536.png,6677_11536.png,11536,6677,73.48754881440024,31.550452372887083,73.4765625,31.54108987958581,73.49853515625,31.55981453201842,4.330316563095385,digital_total_cell_intensity,0.2390243902439024,1.729640874926308,4.638628571874124,0.2390243902439024,seen_city,train_indicator,train
Phoenix,Phoenix,United States,High income,North America,north,6587_3107.png,6587_3107.png,3107,6587,-111.71997070941664,33.2203074784018,-111.73095703125,33.21111647241684,-111.708984375,33.229498141449504,4.172947727690965,education_accessibility,0.7352820090572252,2.078582992331806,6.9931345528000834,0.7352820090572252,seen_city,train_indicator,train
Lahore,Lahore,Pakistan,Lower middle income,"Middle East, North Africa, Afghanistan & Pakistan",north,6677_11582.png,6677_11582.png,11582,6677,74.4982910110724,31.550452373027422,74.4873046875,31.54108987958581,74.50927734375,31.55981453201842,4.3283572538676,food_accessibility,0.4610552763819096,0.1434054704740076,0.1541976998886152,0.4610552763819096,seen_city,train_indicator,train
Kitakyushu,Kitakyushu,Japan,High income,East Asia & Pacific,north,6552_14143.png,6552_14143.png,14143,6552,130.7702636871132,33.86129279893913,130.75927734375,33.8521697014074,130.78125,33.87041555094183,4.1143408104312025,food_accessibility,0.9859484777517564,4.13029367042528,61.196185433278686,0.9859484777517564,seen_city,train_indicator,train
Mianyang,Mianyang,China,Upper middle income,East Asia & Pacific,north,6685_12956.png,6685_12956.png,12956,6685,104.68872070029116,31.4005350252716,104.677734375,31.391157522824702,104.69970703125,31.409912194070984,4.341961710946194,population_count,0.5352941176470588,7.471121620093944,,0.5352941176470588,seen_city,train_indicator,train
Cordoba,Cordoba,Argentina,Upper middle income,Latin America & Caribbean ,south,9698_5262.png,9698_5262.png,5262,9698,-64.36889649683764,-31.40053502514906,-64.3798828125,-31.409912194070984,-64.35791015625,-31.391157522824702,4.343682781971779,digital_modernization_tmi,0.4333333333333333,0.4333333333333333,0.9672544836478092,0.4333333333333333,seen_city,train_indicator,train
Niigata,Niigata,Japan,High income,East Asia & Pacific,north,6323_14522.png,6323_14522.png,14522,6323,139.09790037588195,37.93553273108378,139.0869140625,37.92686760148134,139.10888671875,37.94419750075404,3.7150895654204654,food_accessibility,0.9333333333333332,3.769566511814496,42.36126416548751,0.9333333333333332,seen_city,train_indicator,train
Warsaw,Warsaw,Poland,High income,Europe & Central Asia,north,5401_9123.png,5401_9123.png,9123,5401,20.46752929439208,52.14023086685685,20.45654296875,52.13348804077148,20.478515625,52.14697334064471,2.2555125708795387,population_count,0.365520728008089,5.194787637660035,,0.365520728008089,seen_city,train_indicator,train
Adana,Adana,Turkey,Upper middle income,Europe & Central Asia,north,6377_9804.png,6377_9804.png,9804,6377,35.43090822245552,36.99377806098308,35.419921875,36.98500309285596,35.44189453125,37.002552672159545,3.810833535193336,food_accessibility,0.4017857142857143,2.139208441923165,7.492712492401619,0.4017857142857143,seen_city,train_indicator,train
Cologne,Cologne,Germany,High income,Europe & Central Asia,north,5484_8494.png,5484_8494.png,8494,5484,6.646728504089672,51.00684193440135,6.6357421875,50.99992885585964,6.65771484375,51.01375465718819,2.371749441460072,education_accessibility,0.0636550308008213,1.2881031598647654,2.625902271668432,0.0636550308008213,seen_city,train_indicator,train
Warsaw,Warsaw,Poland,High income,Europe & Central Asia,north,5380_9146.png,5380_9146.png,9146,5380,20.972900390500246,52.4225226208003,20.9619140625,52.415822612378776,20.98388671875,52.42922227795512,2.227027968381529,digital_modernization_tmi,0.8827098078867543,0.8827098078867543,1.168965440806424,0.8827098078867543,seen_city,train_indicator,train
Phoenix,Phoenix,United States,High income,North America,north,6581_3080.png,6581_3080.png,3080,6581,-112.31323243332164,33.330527937115725,-112.32421875,33.32134852669881,-112.30224609375,33.33970700424027,4.163594901777381,digital_modernization_tmi,0.8349114862083162,0.8349114862083162,1.699856327018945,0.8349114862083162,seen_city,train_indicator,train
Algiers,Algiers,Algeria,Upper middle income,"Middle East, North Africa, Afghanistan & Pakistan",north,6395_8339.png,6395_8339.png,8339,6395,3.2409667988074697,36.67723027612792,3.22998046875,36.66841891894785,3.251953125,36.686041276581925,3.837848293879051,food_accessibility,0.2803030303030303,0.3097541892483817,0.3630900107677899,0.2803030303030303,seen_city,train_indicator,train
Brisbane,Brisbane,Australia,High income,East Asia & Pacific,south,9491_15150.png,9491_15150.png,15150,9491,152.89672851460696,-27.440040188540785,152.8857421875,-27.44979032978421,152.90771484375,-27.43028973886259,4.690402648599928,digital_total_cell_intensity,0.9587345254470426,6.915518974027722,1006.7939106703142,0.9587345254470426,seen_city,train_indicator,train
Warsaw,Warsaw,Poland,High income,Europe & Central Asia,north,5401_9157.png,5401_9157.png,9157,5401,21.214599610375707,52.140230866866105,21.20361328125,52.13348804077148,21.2255859375,52.14697334064471,2.255450960015964,nighttime_light_intensity,0.7300303336703741,2.128080877694093,,0.7300303336703741,seen_city,train_indicator,train
Oslo,Oslo,Norway,High income,Europe & Central Asia,north,4755_8689.png,4755_8689.png,8689,4755,10.931396490320084,60.026441081869365,10.92041015625,60.02095215374802,10.9423828125,60.0319296991156,1.4975659612091623,food_accessibility,0.5328947368421053,0.8861304120233493,1.4257249108402603,0.5328947368421053,seen_city,train_indicator,train
Luanda,Luanda,Angola,Lower middle income,Sub-Saharan Africa ,south,8603_8803.png,8603_8803.png,8803,8603,13.43627927768501,-9.004451458015684,13.42529296875,-9.015302333420587,13.447265625,-8.993600464280021,5.798721049823708,education_accessibility,0.4662921348314606,0.4441366310195445,0.5591434984353123,0.4662921348314606,seen_city,train_indicator,train
Auckland,Auckland,New Zealand,High income,East Asia & Pacific,south,10005_16153.png,10005_16153.png,16153,10005,174.9353027179486,-36.97622645706865,174.92431640625,-36.98500309285596,174.9462890625,-36.96744946416932,3.811354054761969,food_accessibility,0.6483180428134556,1.6688577327500975,4.306103346151756,0.6483180428134556,seen_city,train_indicator,train
Harare,Harare,Zimbabwe,Lower middle income,Sub-Saharan Africa ,south,9025_9608.png,9025_9608.png,9608,9025,31.12426755682289,-18.01007974818638,31.11328125,-18.02052765785233,31.13525390625,-17.999631614911877,5.382518511464014,food_accessibility,0.6788079470198676,0.7058817244279463,1.0256319469217583,0.6788079470198676,seen_city,train_indicator,train
Khartoum,Khartoum,Sudan,Low income,Sub-Saharan Africa ,north,7481_9673.png,7481_9673.png,9673,7481,32.55249022915083,15.421910227780936,32.54150390625,15.411319377980991,32.5634765625,15.432500881886048,5.523666639864215,food_accessibility,0.2159090909090909,0.0008940318464429,0.0008944316120397,0.2159090909090909,seen_city,train_indicator,train
Vienna,Vienna,Austria,High income,Europe & Central Asia,north,5671_8933.png,5671_8933.png,8933,5671,16.292724616455097,48.34894778248052,16.28173828125,48.3416461723746,16.3037109375,48.35624902954072,2.643041151920605,population_count,0.4536663980660757,5.214491516680344,,0.4536663980660757,seen_city,train_indicator,train
Faisalabad,Faisalabad,Pakistan,Lower middle income,"Middle East, North Africa, Afghanistan & Pakistan",north,6682_11514.png,6682_11514.png,11514,6682,73.00415037247605,31.45678216993741,72.9931640625,31.44741029142872,73.01513671875,31.466153715024284,4.340562193260373,education_accessibility,0.8073170731707318,1.6158528998702542,4.032178037685192,0.8073170731707318,seen_city,train_indicator,train
Oslo,Oslo,Norway,High income,Europe & Central Asia,north,4745_8710.png,4745_8710.png,8710,4745,11.392822272939387,60.13603433087752,11.3818359375,60.13056361691419,11.40380859375,60.141504734793386,1.487898268007785,digital_modernization_tmi,0.0611842105263157,0.0611842105263157,0.9816425321169416,0.0611842105263157,seen_city,train_indicator,train
Arequipa,Arequipa,Peru,Upper middle income,Latin America & Caribbean ,south,8951_4936.png,8951_4936.png,4936,8951,-71.53198245113643,-16.45715861325615,-71.54296875,-16.46769474828896,-71.52099609375,-16.446622271646632,5.477228564223364,education_accessibility,0.8349514563106796,3.4284051394272965,29.827438057279743,0.8349514563106796,seen_city,train_indicator,train
Phoenix,Phoenix,United States,High income,North America,north,6581_3098.png,6581_3098.png,3098,6581,-111.91772461737418,33.33052793717593,-111.9287109375,33.32134852669881,-111.90673828125,33.33970700424027,4.1628100636116505,digital_modernization_tmi,0.1893783449979415,0.1893783449979415,1.4488569590576672,0.1893783449979415,seen_city,train_indicator,train
Brisbane,Brisbane,Australia,High income,East Asia & Pacific,south,9498_15138.png,9498_15138.png,15138,9498,152.6330566370169,-27.576459798748555,152.6220703125,-27.586197857692657,152.64404296875,-27.56672143040972,4.679047800471998,food_accessibility,0.3067400275103163,1.091407589600007,1.9784635776753632,0.3067400275103163,seen_city,train_indicator,train
Dazhou,Dazhou,China,Upper middle income,East Asia & Pacific,north,6693_13084.png,6693_13084.png,13084,6693,107.50122072597256,31.250377848688604,107.490234375,31.2409853780213,107.51220703125,31.25976998739428,4.361705951058403,population_count,0.4222222222222222,7.405894737465695,,0.4222222222222222,seen_city,train_indicator,train
Phoenix,Phoenix,United States,High income,North America,north,6580_3075.png,6580_3075.png,3075,6580,-112.42309571552396,33.34888448017824,-112.43408203125,33.33970700424027,-112.412109375,33.35806161277886,4.1621231361213935,nighttime_light_intensity,0.6595306710580486,2.555734147810657,,0.6595306710580486,seen_city,train_indicator,train
Birmingham,Birmingham,United Kingdom,High income,Europe & Central Asia,north,5363_8092.png,5363_8092.png,8092,5363,-2.186279293168198,52.64972886449609,-2.197265625,52.643063436658906,-2.17529296875,52.656393941988014,2.204375732191717,digital_modernization_tmi,0.1995540691192865,0.1995540691192865,0.9659052970596316,0.1995540691192865,seen_city,train_indicator,train
Cologne,Cologne,Germany,High income,Europe & Central Asia,north,5518_8520.png,5518_8520.png,8520,5518,7.218017569208026,50.53438006796084,7.20703125,50.52739681329301,7.22900390625,50.54136296522161,2.419211995624684,nighttime_light_intensity,0.2813141683778234,0.8753490639348279,,0.2813141683778234,seen_city,train_indicator,train
Warsaw,Warsaw,Poland,High income,Europe & Central Asia,north,5388_9138.png,5388_9138.png,9138,5388,20.797119139686444,52.31519493063941,20.7861328125,52.30847862366336,20.80810546875,52.32191088594772,2.237832128168662,population_count,0.1905965621840242,4.4339799613804,,0.1905965621840242,seen_city,train_indicator,train
Faisalabad,Faisalabad,Pakistan,Lower middle income,"Middle East, North Africa, Afghanistan & Pakistan",north,6685_11523.png,6685_11523.png,11523,6685,73.2019042805045,31.40053502505527,73.19091796875,31.391157522824702,73.212890625,31.409912194070984,4.344999782124432,education_accessibility,0.6902439024390243,1.1559629944918424,2.17708145679682,0.6902439024390243,seen_city,train_indicator,train
Havana,Havana,Cuba,Upper middle income,Latin America & Caribbean ,north,7114_4443.png,7114_4443.png,4443,7114,-82.3645019676129,23.02918710387136,-82.37548828125,23.019076187293035,-82.353515625,23.039297747769734,5.042051574865337,food_accessibility,0.7725118483412322,0.6864162904114646,0.9865834231086488,0.7725118483412322,seen_city,train_indicator,train
Phoenix,Phoenix,United States,High income,North America,north,6581_3083.png,6581_3083.png,3083,6581,-112.24731446399706,33.33052793712724,-112.25830078125,33.32134852669881,-112.236328125,33.33970700424027,4.163444758856239,digital_total_cell_intensity,0.2301358583779333,2.272452115299926,8.703164945190345,0.2301358583779333,seen_city,train_indicator,train
Buenos Aires,Buenos Aires,Argentina,Upper middle income,Latin America & Caribbean ,south,9899_5540.png,9899_5540.png,5540,9899,-58.260498057403744,-35.0929449937076,-58.271484375,-35.10193405724606,-58.24951171875,-35.083955579276434,3.9943763154472136,education_accessibility,0.1125356125356125,0.0756056001002945,0.0785371153322243,0.1125356125356125,seen_city,train_indicator,train
Warsaw,Warsaw,Poland,High income,Europe & Central Asia,north,5387_9165.png,5387_9165.png,9165,5387,21.390380861179832,52.32862515472298,21.37939453125,52.32191088594772,21.4013671875,52.335339071889386,2.2365092739270898,food_accessibility,0.5758341759352882,1.8623018656428647,5.438540381826664,0.5758341759352882,seen_city,train_indicator,train
Niigata,Niigata,Japan,High income,East Asia & Pacific,north,6322_14521.png,6322_14521.png,14521,6322,139.07592771946884,37.952860587343565,139.06494140625,37.94419750075404,139.0869140625,37.96152331396614,3.713410657906835,population_count,0.7859649122807018,8.349853638726202,,0.7859649122807018,seen_city,train_indicator,train
Kitakyushu,Kitakyushu,Japan,High income,East Asia & Pacific,north,6566_14159.png,6566_14159.png,14159,6566,131.12182619025089,33.605469298826904,131.11083984375,33.596318961132695,131.1328125,33.61461929233378,4.139938021789719,food_accessibility,0.5995316159250585,2.604928625661993,12.53025955496446,0.5995316159250585,seen_city,train_indicator,train
Cologne,Cologne,Germany,High income,Europe & Central Asia,north,5487_8499.png,5487_8499.png,8499,5487,6.756591785857836,50.96534598432773,6.74560546875,50.95842672335992,6.767578125,50.97226488936749,2.37582847513597,education_accessibility,0.4353182751540041,2.458834055978299,10.691172337758946,0.4353182751540041,seen_city,train_indicator,train
Brisbane,Brisbane,Australia,High income,East Asia & Pacific,south,9498_15160.png,9498_15160.png,15160,9498,153.11645507927008,-27.57645979875685,153.10546875,-27.586197857692657,153.12744140625,-27.56672143040972,4.678911484489722,food_accessibility,0.9325997248968364,3.298705497370399,26.077564245307407,0.9325997248968364,seen_city,train_indicator,train
Oslo,Oslo,Norway,High income,Europe & Central Asia,north,4778_8683.png,4778_8683.png,8683,4778,10.799560552500418,59.77299132383426,10.78857421875,59.76746035005357,10.810546875,59.77852198502987,1.5204672866085422,food_accessibility,0.8046052631578947,1.8758882757160176,5.526613978938306,0.8046052631578947,seen_city,train_indicator,train
Daegu,Daegu,South Korea,High income,East Asia & Pacific,north,6433_14055.png,6433_14055.png,14055,6433,128.83666992054194,36.00467316304034,128.82568359375,35.99578538642033,128.84765625,36.01356058518154,3.9040984304223008,population_count,0.4271685761047463,5.730794745373098,,0.4271685761047463,seen_city,train_indicator,train
Cordoba,Cordoba,Argentina,Upper middle income,Latin America & Caribbean ,south,9702_5269.png,9702_5269.png,5269,9702,-64.21508790166921,-31.47552371789265,-64.22607421875,-31.48489338689015,-64.2041015625,-31.466153715024284,4.336418762760654,digital_total_cell_intensity,0.8571428571428571,5.197036115826144,179.7357673631824,0.8571428571428571,seen_city,train_indicator,train
Vienna,Vienna,Austria,High income,Europe & Central Asia,north,5704_8932.png,5704_8932.png,8932,5704,16.27075196021877,47.864773613768975,16.259765625,47.85740289465824,16.28173828125,47.8721439688873,2.6929977626445707,education_accessibility,0.4182111200644641,0.9876599974444112,1.6849443391403618,0.4182111200644641,seen_city,train_indicator,train
Lahore,Lahore,Pakistan,Lower middle income,"Middle East, North Africa, Afghanistan & Pakistan",north,6673_11560.png,6673_11560.png,11560,6673,74.01489256920047,31.625320910388524,74.00390625,31.61596593647608,74.02587890625,31.63467554954134,4.322163699936903,education_accessibility,0.050251256281407,0.0162758850022644,0.0164090587443902,0.050251256281407,seen_city,train_indicator,train
Mianyang,Mianyang,China,Upper middle income,East Asia & Pacific,north,6679_12951.png,6679_12951.png,12951,6679,104.57885741805036,31.512995555225103,104.56787109375,31.503629305773018,104.58984375,31.52236147042144,4.331725648909422,digital_modernization_tmi,0.0529411764705882,0.0529411764705882,0.2618526620588092,0.0529411764705882,seen_city,train_indicator,train
Cordoba,Cordoba,Argentina,Upper middle income,Latin America & Caribbean ,south,9692_5273.png,9692_5273.png,5273,9692,-64.12719727591212,-31.2879395916054,-64.13818359375,-31.297327991404263,-64.1162109375,-31.27855085894652,4.353408494149973,digital_modernization_tmi,0.9095238095238096,0.9095238095238096,1.1524781313908117,0.9095238095238096,seen_city,train_indicator,train
Warsaw,Warsaw,Poland,High income,Europe & Central Asia,north,5405_9153.png,5405_9153.png,9153,5405,21.12670898496731,52.08625699797554,21.11572265625,52.079506003796965,21.1376953125,52.09300763963823,2.2608831866442656,digital_total_cell_intensity,0.7320525783619818,6.230039441124823,506.7755103381358,0.7320525783619818,seen_city,train_indicator,train
Oslo,Oslo,Norway,High income,Europe & Central Asia,north,4797_8700.png,4797_8700.png,8700,4797,11.17309571000339,59.56215775289744,11.162109375,59.55659188568175,11.18408203125,59.56772330621296,1.5398297027048022,digital_total_cell_intensity,0.6069078947368421,4.27579254868619,70.93713040075606,0.6069078947368421,seen_city,train_indicator,train
Warsaw,Warsaw,Poland,High income,Europe & Central Asia,north,5395_9123.png,5395_9123.png,9123,5395,20.46752929440118,52.22106918956418,20.45654296875,52.2143386082582,20.478515625,52.227799418870696,2.2473690341157724,education_accessibility,0.371587462082912,1.4304543416442337,3.1805981803469567,0.371587462082912,seen_city,train_indicator,train
Vienna,Vienna,Austria,High income,Europe & Central Asia,north,5694_8924.png,5694_8924.png,8924,5694,16.094970709202542,48.011974784845776,16.083984375,48.004625021133904,16.10595703125,48.01932418480118,2.677642860821969,digital_modernization_tmi,0.0145044319097502,0.0145044319097502,0.6429623755561622,0.0145044319097502,seen_city,train_indicator,train
Lahore,Lahore,Pakistan,Lower middle income,"Middle East, North Africa, Afghanistan & Pakistan",north,6686_11578.png,6686_11578.png,11578,6686,74.41040038525517,31.381778480607142,74.3994140625,31.37239910488051,74.42138671875,31.391157522824702,4.34392277659021,population_count,0.3756281407035176,7.692725818773146,,0.3756281407035176,seen_city,train_indicator,train
Oslo,Oslo,Norway,High income,Europe & Central Asia,north,4783_8690.png,4783_8690.png,8690,4783,10.95336914675118,59.717637315583424,10.9423828125,59.71209717332291,10.96435546875,59.723177144920655,1.5255646555239288,digital_total_cell_intensity,0.4588815789473684,3.7423434699729055,41.19676122917683,0.4588815789473684,seen_city,train_indicator,train
Auckland,Auckland,New Zealand,High income,East Asia & Pacific,south,10001_16148.png,10001_16148.png,16148,10001,174.82543943579213,-36.90597955784029,174.814453125,-36.91476428895593,174.83642578125,-36.89719446989034,3.818681406238932,education_accessibility,0.91131498470948,3.513212239807503,32.555884393855,0.91131498470948,seen_city,train_indicator,train
Auckland,Auckland,New Zealand,High income,East Asia & Pacific,south,10006_16154.png,10006_16154.png,16154,10006,174.95727537438103,-36.99377806109656,174.9462890625,-37.002552672159545,174.96826171875,-36.98500309285596,3.809542290716791,food_accessibility,0.4587155963302752,0.9491632586447688,1.583546994033196,0.4587155963302752,seen_city,train_indicator,train
Warsaw,Warsaw,Poland,High income,Europe & Central Asia,north,5413_9154.png,5413_9154.png,9154,5413,21.14868164132342,51.97811315083795,21.1376953125,51.97134580885172,21.15966796875,51.98488013991663,2.2717919318648203,nighttime_light_intensity,0.3372093023255814,1.057830028132615,,0.3372093023255814,seen_city,train_indicator,train
Brisbane,Brisbane,Australia,High income,East Asia & Pacific,south,9485_15149.png,9485_15149.png,15149,9485,152.8747558581377,-27.3229746715086,152.86376953125,-27.33273513685914,152.8857421875,-27.31321389856825,4.700240934252503,education_accessibility,0.0742778541953232,0.3875585718274397,0.4733792496068951,0.0742778541953232,seen_city,train_indicator,train
Qinhuangdao,Qinhuangdao,China,Upper middle income,East Asia & Pacific,north,6198_13634.png,6198_13634.png,13634,6198,119.58618165947604,40.06966418650023,119.5751953125,40.06125658140473,119.59716796875,40.07807142745009,3.501035940106327,food_accessibility,0.2483660130718954,2.3204301709606296e-06,2.3204328631608013e-06,0.2483660130718954,seen_city,train_indicator,train
Algiers,Algiers,Algeria,Upper middle income,"Middle East, North Africa, Afghanistan & Pakistan",north,6393_8322.png,6393_8322.png,8322,6393,2.8674316395628394,36.71246691704162,2.8564453125,36.70365959719454,2.87841796875,36.721273880045,3.8343317626612414,education_accessibility,0.7518939393939394,2.814538537790652,15.685474287665269,0.7518939393939394,seen_city,train_indicator,train
Munich,Munich,Germany,High income,Europe & Central Asia,north,5696_8708.png,5696_8708.png,8708,5696,11.348876966173442,47.98256807711612,11.337890625,47.97521412341617,11.35986328125,47.98992166741417,2.682263771407224,nighttime_light_intensity,0.5055970149253731,0.8298667670798328,,0.5055970149253731,seen_city,train_indicator,train
Phoenix,Phoenix,United States,High income,North America,north,6561_3076.png,6561_3076.png,3076,6561,-112.40112305898283,33.69692237924499,-112.412109375,33.68778175843937,-112.39013671875,33.706062655101206,4.12900137076564,education_accessibility,0.5055578427336352,0.8321229589614639,1.2981925334362685,0.5055578427336352,seen_city,train_indicator,train
Auckland,Auckland,New Zealand,High income,East Asia & Pacific,south,10002_16134.png,10002_16134.png,16134,10002,174.51782224584974,-36.92354735358017,174.5068359375,-36.93233006150314,174.52880859375,-36.91476428895593,3.818005238313528,food_accessibility,0.1055045871559633,0.0897044015774023,0.0938508953118043,0.1055045871559633,seen_city,train_indicator,train
Buenos Aires,Buenos Aires,Argentina,Upper middle income,Latin America & Caribbean ,south,9885_5545.png,9885_5545.png,5545,9885,-58.15063477529648,-34.84085826585564,-58.16162109375,-34.84987503195417,-58.1396484375,-34.83184114982866,4.018598956611143,food_accessibility,0.3824786324786324,1.2222299685865714,2.394749483963428,0.3824786324786324,seen_city,train_indicator,train
Warsaw,Warsaw,Poland,High income,Europe & Central Asia,north,5413_9161.png,5413_9161.png,9161,5413,21.30249023579592,51.97811315083523,21.29150390625,51.97134580885172,21.3134765625,51.98488013991663,2.2718101986847743,education_accessibility,0.3104145601617796,1.2492241993865445,2.487636197343112,0.3104145601617796,seen_city,train_indicator,train
Perth,Perth,Australia,High income,East Asia & Pacific,south,9733_13465.png,9733_13465.png,13465,9733,115.8728027242596,-32.05464438526539,115.86181640625,-32.063955594660406,115.8837890625,-32.045332838858506,4.282786372169603,food_accessibility,0.864010989010989,2.738333515634864,14.461197770869124,0.864010989010989,seen_city,train_indicator,train
Buenos Aires,Buenos Aires,Argentina,Upper middle income,Latin America & Caribbean ,south,9895_5545.png,9895_5545.png,5545,9895,-58.15063477525333,-35.02099938141606,-58.16162109375,-35.02999636902566,-58.1396484375,-35.0120020431607,4.00114283811409,population_count,0.1894586894586894,2.948262612156884,,0.1894586894586894,seen_city,train_indicator,train
Adana,Adana,Turkey,Upper middle income,Europe & Central Asia,north,6377_9800.png,6377_9800.png,9800,6377,35.34301759675669,36.993778061010495,35.33203125,36.98500309285596,35.35400390625,37.002552672159545,3.810521515397608,food_accessibility,0.9196428571428572,4.44199686946581,83.94439529839882,0.9196428571428572,seen_city,train_indicator,train
Warsaw,Warsaw,Poland,High income,Europe & Central Asia,north,5420_9156.png,5420_9156.png,9156,5420,21.192626954033724,51.88327262953899,21.181640625,51.87649097061476,21.20361328125,51.89005393521691,2.2813693230054994,population_count,0.3503538928210313,5.15010093537476,,0.3503538928210313,seen_city,train_indicator,train
Munich,Munich,Germany,High income,Europe & Central Asia,north,5682_8715.png,5682_8715.png,8715,5682,11.502685560665126,48.188063139287216,11.49169921875,48.18073850730385,11.513671875,48.19538740833338,2.6612976130044395,education_accessibility,0.8927238805970149,3.685854097939638,38.87916862416445,0.8927238805970149,seen_city,train_indicator,train
Rawalpindi,Rawalpindi,Pakistan,Lower middle income,"Middle East, North Africa, Afghanistan & Pakistan",south,6564_11511.png,6564_11511.png,11511,6564,72.93823240403474,33.64206219114919,72.92724609375,33.63291573870477,72.94921875,33.65120829920498,4.136231818230269,digital_total_cell_intensity,0.6938110749185668,5.208352852029969,181.79272342704343,0.6938110749185668,seen_city,train_indicator,train
Oslo,Oslo,Norway,High income,Europe & Central Asia,north,4764_8703.png,4764_8703.png,8703,4764,11.239013678807428,59.92749537986341,11.22802734375,59.92199002450385,11.25,59.93300042374631,1.5066635218832427,nighttime_light_intensity,0.5299342105263158,0.8034698369313232,,0.5299342105263158,seen_city,train_indicator,train
Phoenix,Phoenix,United States,High income,North America,north,6593_3101.png,6593_3101.png,3101,6593,-111.85180664808784,33.10994798714819,-111.86279296875,33.100745405144245,-111.8408203125,33.11915022676886,4.183554723167622,education_accessibility,0.3750514615067929,0.3584380021283929,0.4310923047007534,0.3750514615067929,seen_city,train_indicator,train
Oslo,Oslo,Norway,High income,Europe & Central Asia,north,4748_8677.png,4748_8677.png,8677,4748,10.6677246144851,60.10319459942738,10.65673828125,60.09771842541546,10.6787109375,60.10867046303599,1.490528554938918,digital_modernization_tmi,0.6973684210526315,0.6973684210526315,1.2724633655648392,0.6973684210526315,seen_city,train_indicator,train
Monrovia,Monrovia,Liberia,Low income,Sub-Saharan Africa ,north,7905_7706.png,7905_7706.png,7706,7905,-10.667724630111692,6.2825384540232845,-10.6787109375,6.271618064314865,-10.65673828125,6.293458760393986,5.872816284121206,digital_total_cell_intensity,0.5697674418604651,3.697363830067906,39.34081881114775,0.5697674418604651,seen_city,train_indicator,train
Munich,Munich,Germany,High income,Europe & Central Asia,north,5674_8724.png,5674_8724.png,8724,5674,11.700439467934892,48.30512037955854,11.689453125,48.29781249243716,11.71142578125,48.312427904071775,2.649573612534667,digital_modernization_tmi,0.6753731343283582,0.6753731343283582,0.9228434860132902,0.6753731343283582,seen_city,train_indicator,train
Phoenix,Phoenix,United States,High income,North America,north,6562_3083.png,6562_3083.png,3083,6562,-112.24731446390834,33.678639538078414,-112.25830078125,33.669496972795535,-112.236328125,33.68778175843937,4.130386136834201,population_count,0.967064635652532,9.48257715230295,,0.967064635652532,seen_city,train_indicator,train
Brisbane,Brisbane,Australia,High income,East Asia & Pacific,south,9503_15163.png,9503_15163.png,15163,9503,153.182373048665,-27.673798679636683,153.17138671875,-27.68352808378776,153.193359375,-27.664068965384512,4.670708282674571,population_count,0.6533700137551581,8.108904040216597,,0.6533700137551581,seen_city,train_indicator,train
Warsaw,Warsaw,Poland,High income,Europe & Central Asia,north,5407_9137.png,5407_9137.png,9137,5407,20.775146483322622,52.05924555567945,20.76416015625,52.05249047600099,20.7861328125,52.06600028274636,2.263615601448265,education_accessibility,0.7012133468149646,2.724185422505429,14.243991455646118,0.7012133468149646,seen_city,train_indicator,train
Oslo,Oslo,Norway,High income,Europe & Central Asia,north,4765_8661.png,4765_8661.png,8661,4765,10.316162113454537,59.91648315350169,10.30517578125,59.91097597079679,10.3271484375,59.92199002450385,1.5072818152678469,digital_total_cell_intensity,0.5108552631578948,3.9283252401097046,49.82179205749861,0.5108552631578948,seen_city,train_indicator,train
Faisalabad,Faisalabad,Pakistan,Lower middle income,"Middle East, North Africa, Afghanistan & Pakistan",north,6680_11510.png,6680_11510.png,11510,6680,72.91625974669216,31.494261513120858,72.9052734375,31.48489338689015,72.92724609375,31.503629305773018,4.337463988842496,education_accessibility,0.0073170731707317,0.0029043587227511,0.0029085804587021,0.0073170731707317,seen_city,train_indicator,train
Panama City,Panama City,Panama,High income,Latin America & Caribbean ,north,7778_4570.png,7778_4570.png,4570,7778,-79.57397459187982,9.047852586883886,-79.5849609375,9.037002898469416,-79.56298828125,9.058702156392131,5.796629103941081,food_accessibility,0.6310160427807486,1.1234766058449834,2.075528036935379,0.6310160427807486,seen_city,train_indicator,train
Oslo,Oslo,Norway,High income,Europe & Central Asia,north,4781_8697.png,4781_8697.png,8697,4781,11.107177740974214,59.73978992123755,11.09619140625,59.73425344759136,11.1181640625,59.74532608213611,1.5236248939583008,digital_total_cell_intensity,0.2953947368421052,3.115536568934161,21.545524336540044,0.2953947368421052,seen_city,train_indicator,train
Faisalabad,Faisalabad,Pakistan,Lower middle income,"Middle East, North Africa, Afghanistan & Pakistan",north,6675_11518.png,6675_11518.png,11518,6675,73.09204099832496,31.587894161183907,73.0810546875,31.578535426473373,73.10302734375,31.597252561706654,4.328172837165569,population_count,0.4097560975609756,8.181823898708581,,0.4097560975609756,seen_city,train_indicator,train
Warsaw,Warsaw,Poland,High income,Europe & Central Asia,north,5384_9171.png,5384_9171.png,9171,5384,21.522216799284884,52.36889137242584,21.51123046875,52.362183216744256,21.533203125,52.3755991766591,2.2324894682478216,nighttime_light_intensity,0.0083417593528816,0.0,,0.0083417593528816,seen_city,train_indicator,train
Buenos Aires,Buenos Aires,Argentina,Upper middle income,Latin America & Caribbean ,south,9869_5531.png,9869_5531.png,5531,9869,-58.45825196546962,-34.551811051478815,-58.46923828125,-34.56085936708385,-58.447265625,-34.542762387234845,4.047194600330218,nighttime_light_intensity,0.9672364672364672,4.507110058497249,,0.9672364672364672,seen_city,train_indicator,train
Phoenix,Phoenix,United States,High income,North America,north,6567_3072.png,6567_3072.png,3072,6567,-112.4890136847758,33.58716702584578,-112.5,33.57801474614399,-112.47802734375,33.596318961132695,4.139671251600203,food_accessibility,0.4693289419514203,0.3839615868454906,0.4680890466674579,0.4693289419514203,seen_city,train_indicator,train
Perth,Perth,Australia,High income,East Asia & Pacific,south,9738_13475.png,9738_13475.png,13475,9738,116.09252928874834,-32.147710760201285,116.08154296875,-32.15701248607008,116.103515625,-32.1384086967725,4.273729264080642,nighttime_light_intensity,0.287087912087912,0.5625726050522823,,0.287087912087912,seen_city,train_indicator,train
Auckland,Auckland,New Zealand,High income,East Asia & Pacific,south,10012_16141.png,10012_16141.png,16141,10012,174.67163084091197,-37.0990026157958,174.66064453125,-37.107765071185135,174.6826171875,-37.09023980307207,3.799999651119923,digital_total_cell_intensity,0.073394495412844,2.2614606205936405,8.59709665147205,0.073394495412844,seen_city,train_indicator,train
Munich,Munich,Germany,High income,Europe & Central Asia,north,5683_8733.png,5683_8733.png,8733,5683,11.8981933753513,48.17341214454039,11.88720703125,48.16608541901253,11.9091796875,48.18073850730385,2.6635840446811625,digital_modernization_tmi,0.6464552238805971,0.6464552238805971,0.912625949076691,0.6464552238805971,seen_city,train_indicator,train
Cologne,Cologne,Germany,High income,Europe & Central Asia,north,5485_8521.png,5485_8521.png,8521,5485,7.239990225740764,50.99301407262685,7.22900390625,50.98609893339354,7.2509765625,50.99992885585964,2.372456625383571,digital_modernization_tmi,0.0403832991101984,0.0403832991101984,0.5594095569105819,0.0403832991101984,seen_city,train_indicator,train
Algiers,Algiers,Algeria,Upper middle income,"Middle East, North Africa, Afghanistan & Pakistan",north,6398_8314.png,6398_8314.png,8314,6398,2.6916503881486875,36.62434504174368,2.6806640625,36.615527631349245,2.70263671875,36.63316209558656,3.8431058205840105,population_count,0.615530303030303,8.863772177619435,,0.615530303030303,seen_city,train_indicator,train
Buenos Aires,Buenos Aires,Argentina,Upper middle income,Latin America & Caribbean ,south,9878_5519.png,9878_5519.png,5519,9878,-58.7219238426436,-34.71452434323163,-58.73291015625,-34.723554927042194,-58.7109375,-34.70549341022546,4.032183980415856,population_count,0.8027065527065527,9.975954595138056,,0.8027065527065527,seen_city,train_indicator,train
Cologne,Cologne,Germany,High income,Europe & Central Asia,north,5497_8500.png,5497_8500.png,8500,5497,6.778564442149795,50.82675814475356,6.767578125,50.81981826215654,6.78955078125,50.8336976709807,2.389915349945001,food_accessibility,0.2470910335386721,1.5579995001836602,3.7493107401644408,0.2470910335386721,seen_city,train_indicator,train
Cologne,Cologne,Germany,High income,Europe & Central Asia,north,5486_8508.png,5486_8508.png,8508,5486,6.954345693084322,50.97918208935776,6.943359375,50.97226488936749,6.96533203125,50.98609893339354,2.37417625837956,digital_total_cell_intensity,0.8754277891854894,7.168338655715597,1296.6869062372568,0.8754277891854894,seen_city,train_indicator,train
Lahore,Lahore,Pakistan,Lower middle income,"Middle East, North Africa, Afghanistan & Pakistan",north,6669_11570.png,6669_11570.png,11570,6669,74.23461913370248,31.70012925068709,74.2236328125,31.69078180613681,74.24560546875,31.709476360019345,4.314907028899057,nighttime_light_intensity,0.329145728643216,1.2237464984077493,,0.329145728643216,seen_city,train_indicator,train
Harare,Harare,Zimbabwe,Lower middle income,Sub-Saharan Africa ,south,9015_9611.png,9015_9611.png,9611,9015,31.190185526272145,-17.800995851789313,31.17919921875,-17.811456088564476,31.201171875,-17.790535393588968,5.394719952821562,nighttime_light_intensity,0.5596026490066225,1.567158804775031,,0.5596026490066225,seen_city,train_indicator,train
Auckland,Auckland,New Zealand,High income,East Asia & Pacific,south,9991_16143.png,9991_16143.png,16143,9991,174.71557615358114,-36.730079180328325,174.70458984375,-36.73888412439431,174.7265625,-36.721273880045,3.836508013319761,digital_total_cell_intensity,0.863914373088685,6.143386054726394,464.6275449234951,0.863914373088685,seen_city,train_indicator,train
Brisbane,Brisbane,Australia,High income,East Asia & Pacific,south,9503_15160.png,9503_15160.png,15160,9503,153.116455079268,-27.673798679638026,153.10546875,-27.68352808378776,153.12744140625,-27.664068965384512,4.670686185703999,nighttime_light_intensity,0.8707015130674003,2.932788346261032,,0.8707015130674003,seen_city,train_indicator,train
Warsaw,Warsaw,Poland,High income,Europe & Central Asia,north,5398_9125.png,5398_9125.png,9125,5398,20.511474607101167,52.18066839516021,20.50048828125,52.17393169256847,20.5224609375,52.187404745599686,2.251426655393649,nighttime_light_intensity,0.2876643073811931,0.9857184224488378,,0.2876643073811931,seen_city,train_indicator,train
Vienna,Vienna,Austria,High income,Europe & Central Asia,north,5705_8934.png,5705_8934.png,8934,5705,16.314697272968253,47.85003044341611,16.3037109375,47.84265762816536,16.32568359375,47.85740289465824,2.694562912996198,education_accessibility,0.4012892828364222,0.9569076769824318,1.6036327385656657,0.4012892828364222,seen_city,train_indicator,train
Munich,Munich,Germany,High income,Europe & Central Asia,north,5679_8702.png,5679_8702.png,8702,5679,11.217041027821129,48.23199100139582,11.2060546875,48.22467264956519,11.22802734375,48.23930899024906,2.656273824225249,digital_total_cell_intensity,0.126865671641791,4.561316845976612,94.70943146216015,0.126865671641791,seen_city,train_indicator,train
Cologne,Cologne,Germany,High income,Europe & Central Asia,north,5503_8511.png,5503_8511.png,8511,5503,7.020263662057779,50.74340740254604,7.00927734375,50.73645513701065,7.03125,50.75035931136964,2.3981132639888787,nighttime_light_intensity,0.7193702943189596,1.830444400971671,,0.7193702943189596,seen_city,train_indicator,train
Algiers,Algiers,Algeria,Upper middle income,"Middle East, North Africa, Afghanistan & Pakistan",north,6392_8325.png,6392_8325.png,8325,6392,2.933349608841233,36.73007918067034,2.92236328125,36.721273880045,2.9443359375,36.73888412439431,3.832578996158238,population_count,0.5170454545454546,8.503936464347383,,0.5170454545454546,seen_city,train_indicator,train
Lahore,Lahore,Pakistan,Lower middle income,"Middle East, North Africa, Afghanistan & Pakistan",north,6683_11568.png,6683_11568.png,11568,6683,74.19067382076295,31.43803687128249,74.1796875,31.428663117358603,74.20166015625,31.44741029142872,4.33906443372253,digital_total_cell_intensity,0.8366834170854272,4.803294168873651,120.91135336658012,0.8366834170854272,seen_city,train_indicator,train
Mianyang,Mianyang,China,Upper middle income,East Asia & Pacific,north,6678_12958.png,6678_12958.png,12958,6678,104.73266601319816,31.531725842190124,104.7216796875,31.52236147042144,104.74365234375,31.54108987958581,4.329903833005074,nighttime_light_intensity,0.7294117647058823,2.6842515096511232,,0.7294117647058823,seen_city,train_indicator,train
Cologne,Cologne,Germany,High income,Europe & Central Asia,north,5507_8498.png,5507_8498.png,8498,5507,6.73461912936543,50.68775767014735,6.7236328125,50.68079714532164,6.74560546875,50.69471783819289,2.4041439172050114,population_count,0.3928815879534565,6.090119701244749,,0.3928815879534565,seen_city,train_indicator,train
Phoenix,Phoenix,United States,High income,North America,north,6576_3094.png,6576_3094.png,3094,6576,-112.00561524312144,33.42227194655089,-112.0166015625,33.413102213708285,-111.99462890625,33.43144133557529,4.154266965620495,population_count,0.3857554549197201,2.081234818011715,,0.3857554549197201,seen_city,train_indicator,train
Birmingham,Birmingham,United Kingdom,High income,Europe & Central Asia,north,5388_8099.png,5388_8099.png,8099,5388,-2.0324706986494308,52.31519493060488,-2.04345703125,52.30847862366336,-2.021484375,52.32191088594772,2.2380606936604845,digital_modernization_tmi,0.1583054626532887,0.1583054626532887,0.943130994023742,0.1583054626532887,seen_city,train_indicator,train
Phoenix,Phoenix,United States,High income,North America,north,6577_3080.png,6577_3080.png,3080,6577,-112.31323243330198,33.40393088796092,-112.32421875,33.394759218577974,-112.30224609375,33.413102213708285,4.156638260499863,food_accessibility,0.6233017702758337,0.9968862977480591,1.70983107160629,0.6233017702758337,seen_city,train_indicator,train
Buenos Aires,Buenos Aires,Argentina,Upper middle income,Latin America & Caribbean ,south,9885_5535.png,9885_5535.png,5535,9885,-58.37036133964337,-34.840858265818405,-58.38134765625,-34.84987503195417,-58.359375,-34.83184114982866,4.019057827260632,nighttime_light_intensity,0.7905982905982906,4.095914666345257,,0.7905982905982906,seen_city,train_indicator,train
Warsaw,Warsaw,Poland,High income,Europe & Central Asia,north,5391_9131.png,5391_9131.png,9131,5391,20.64331054522188,52.27487979682562,20.63232421875,52.26815737376817,20.654296875,52.28160186807143,2.241911278770452,education_accessibility,0.08948432760364,0.5578174715294903,0.7468557742933082,0.08948432760364,seen_city,train_indicator,train
Cordoba,Cordoba,Argentina,Upper middle income,Latin America & Caribbean ,south,9696_5269.png,9696_5269.png,5269,9696,-64.21508790169626,-31.363018189815424,-64.22607421875,-31.37239910488051,-64.2041015625,-31.353636941500994,4.346735812139407,digital_total_cell_intensity,0.961904761904762,6.286006711577007,536.0046273855293,0.961904761904762,seen_city,train_indicator,train
Guiyang,Guiyang,China,Upper middle income,East Asia & Pacific,north,6943_13045.png,6943_13045.png,13045,6943,106.64428712588168,26.441065294432924,106.63330078125,26.431228064506435,106.6552734375,26.450902223672625,4.776526048878698,digital_total_cell_intensity,0.7421602787456446,3.623342024345344,36.46255962920469,0.7421602787456446,seen_city,train_indicator,train
Phoenix,Phoenix,United States,High income,North America,north,6574_3065.png,6574_3065.png,3065,6574,-112.64282227990154,33.4589424410779,-112.65380859375,33.44977658311845,-112.6318359375,33.46810795527896,4.152281166280724,digital_total_cell_intensity,0.4042815973651708,3.2964218741768314,26.01579984172523,0.4042815973651708,seen_city,train_indicator,train
Panama City,Panama City,Panama,High income,Latin America & Caribbean ,north,7776_4573.png,7776_4573.png,4573,7776,-79.50805662232531,9.091248481162117,-79.51904296875,9.080400104155313,-79.4970703125,9.102096738726448,5.795578383325263,nighttime_light_intensity,0.8235294117647058,3.151427230472841,,0.8235294117647058,seen_city,train_indicator,train
Rawalpindi,Rawalpindi,Pakistan,Lower middle income,"Middle East, North Africa, Afghanistan & Pakistan",south,6572_11519.png,6572_11519.png,11519,6572,73.11401365549932,33.495597432018485,73.10302734375,33.486435450999885,73.125,33.504759069226075,4.149557706189226,digital_modernization_tmi,0.4527687296416938,0.4527687296416938,0.8350156254499125,0.4527687296416938,seen_city,train_indicator,train
Oslo,Oslo,Norway,High income,Europe & Central Asia,north,4791_8707.png,4791_8707.png,8707,4791,11.326904304210206,59.62888005575519,11.31591796875,59.62332522313024,11.337890625,59.63443457494949,1.5338316301203034,digital_total_cell_intensity,0.1832236842105263,2.634556320547232,12.937127474097178,0.1832236842105263,seen_city,train_indicator,train
Warsaw,Warsaw,Poland,High income,Europe & Central Asia,north,5403_9155.png,5403_9155.png,9155,5403,21.17065429767176,52.11325210040534,21.15966796875,52.10650519075632,21.181640625,52.11999865763816,2.258165449153341,digital_total_cell_intensity,0.5505561172901922,5.52416325145136,249.6764970459408,0.5505561172901922,seen_city,train_indicator,train
Vienna,Vienna,Austria,High income,Europe & Central Asia,north,5677_8923.png,5677_8923.png,8923,5677,16.072998052772363,48.26125531043562,16.06201171875,48.25394114463432,16.083984375,48.26856911296433,2.651900174556733,nighttime_light_intensity,0.5842062852538276,1.1603241810941498,,0.5842062852538276,seen_city,train_indicator,train
Phoenix,Phoenix,United States,High income,North America,north,6576_3090.png,6576_3090.png,3090,6576,-112.09350586888591,33.42227194653832,-112.1044921875,33.413102213708285,-112.08251953125,33.43144133557529,4.15443037156211,food_accessibility,0.9094277480444628,2.6189275488262136,12.721000588454949,0.9094277480444628,seen_city,train_indicator,train
Mianyang,Mianyang,China,Upper middle income,East Asia & Pacific,north,6681_12953.png,6681_12953.png,12953,6681,104.62280273094665,31.47552371798463,104.61181640625,31.466153715024284,104.6337890625,31.48489338689015,4.335130754804339,nighttime_light_intensity,0.7705882352941177,2.8085292079116377,,0.7705882352941177,seen_city,train_indicator,train
Khartoum,Khartoum,Sudan,Low income,Sub-Saharan Africa ,north,7465_9667.png,7465_9667.png,9667,7465,32.42065429013453,15.760535972906204,32.40966796875,15.749962572748762,32.431640625,15.771109173575288,5.505913988168188,food_accessibility,0.3825757575757575,0.0093949307703226,0.0094392016644629,0.3825757575757575,seen_city,train_indicator,train
Algiers,Algiers,Algeria,Upper middle income,"Middle East, North Africa, Afghanistan & Pakistan",north,6393_8355.png,6393_8355.png,8355,6393,3.5925293016224384,36.71246691701975,3.58154296875,36.70365959719454,3.603515625,36.721273880045,3.834583192685874,education_accessibility,0.0662878787878787,0.2449231089576946,0.277523079347143,0.0662878787878787,seen_city,train_indicator,train
Oslo,Oslo,Norway,High income,Europe & Central Asia,north,4760_8673.png,4760_8673.png,8673,4760,10.57983398925499,59.97150775312208,10.56884765625,59.966009702748345,10.5908203125,59.977005492196,1.5023908107926431,food_accessibility,0.8703947368421052,2.305041802625707,9.024597298155,0.8703947368421052,seen_city,train_indicator,train
Vienna,Vienna,Austria,High income,Europe & Central Asia,north,5680_8937.png,5680_8937.png,8937,5680,16.38061524197587,48.2173525675976,16.36962890625,48.21003212234041,16.3916015625,48.22467264956519,2.6567012114724635,digital_modernization_tmi,0.846897663174859,0.846897663174859,1.043185684853416,0.846897663174859,seen_city,train_indicator,train
Port-au-Prince,Port-au-Prince,Haiti,Lower middle income,Latin America & Caribbean ,north,7327_4900.png,7327_4900.png,4900,7327,-72.32299801669735,18.65665428226784,-72.333984375,18.646245142670605,-72.31201171875,18.6670631919266,5.348223247375392,education_accessibility,0.6132075471698113,2.2100951607571284,8.116583892789349,0.6132075471698113,seen_city,train_indicator,train
Cologne,Cologne,Germany,High income,Europe & Central Asia,north,5516_8513.png,5516_8513.png,8513,5516,7.064208974700422,50.56230410268868,7.05322265625,50.55532498251968,7.0751953125,50.56928286558241,2.4165328592455,digital_modernization_tmi,0.4907597535934291,0.4907597535934291,0.7525952309082516,0.4907597535934291,seen_city,train_indicator,train
Lahore,Lahore,Pakistan,Lower middle income,"Middle East, North Africa, Afghanistan & Pakistan",north,6667_11557.png,6667_11557.png,11557,6667,73.9489745998767,31.737510822146763,73.93798828125,31.728167146023942,73.9599609375,31.7468541629214,4.311957097461877,digital_modernization_tmi,0.3994974874371859,0.3994974874371859,0.5651208479017176,0.3994974874371859,seen_city,train_indicator,train
Warsaw,Warsaw,Poland,High income,Europe & Central Asia,north,5389_9131.png,5389_9131.png,9131,5389,20.6433105452239,52.30176062995602,20.63232421875,52.29504228453733,20.654296875,52.30847862366336,2.2392059316151927,food_accessibility,0.4271991911021233,1.4501925865143417,3.26393561259714,0.4271991911021233,seen_city,train_indicator,train
Oslo,Oslo,Norway,High income,Europe & Central Asia,north,4757_8681.png,4757_8681.png,8681,4757,10.755615239786694,60.00447869641847,10.74462890625,59.99898612060445,10.7666015625,60.00997096118039,1.499476847923731,digital_total_cell_intensity,0.6384868421052632,4.400280036594316,80.47368108283992,0.6384868421052632,seen_city,train_indicator,train
Phoenix,Phoenix,United States,High income,North America,north,6582_3111.png,6582_3111.png,3111,6582,-111.63208008363677,33.312167525654964,-111.64306640625,33.30298618122413,-111.62109375,33.32134852669881,4.164154209664076,population_count,0.1418279127212844,0.0,,0.1418279127212844,seen_city,train_indicator,train
Warsaw,Warsaw,Poland,High income,Europe & Central Asia,north,5416_9145.png,5416_9145.png,9145,5416,20.950927734144063,51.9374917556984,20.93994140625,51.930718279312885,20.9619140625,51.944264879028765,2.2758862331491074,education_accessibility,0.4089989888776542,1.542774331949823,3.677549360906276,0.4089989888776542,seen_city,train_indicator,train
Lahore,Lahore,Pakistan,Lower middle income,"Middle East, North Africa, Afghanistan & Pakistan",north,6681_11584.png,6681_11584.png,11584,6681,74.54223632396437,31.47552371798,74.53125,31.466153715024284,74.55322265625,31.48489338689015,4.335195687632169,population_count,0.2814070351758794,7.263006839185926,,0.2814070351758794,seen_city,train_indicator,train
Kitakyushu,Kitakyushu,Japan,High income,East Asia & Pacific,north,6554_14154.png,6554_14154.png,14154,6554,131.0119629079589,33.82479330379958,131.0009765625,33.815666308702774,131.02294921875,33.83391995365471,4.118622136473803,nighttime_light_intensity,0.531615925058548,1.2734098368023443,,0.531615925058548,seen_city,train_indicator,train
Vienna,Vienna,Austria,High income,Europe & Central Asia,north,5681_8918.png,5681_8918.png,8918,5681,15.963134770930896,48.20270994704231,15.9521484375,48.19538740833338,15.97412109375,48.21003212234041,2.65785928404231,nighttime_light_intensity,0.2103142626913779,0.5122973709869433,,0.2103142626913779,seen_city,train_indicator,train
Daegu,Daegu,South Korea,High income,East Asia & Pacific,north,6440_14049.png,6440_14049.png,14049,6440,128.7048339819582,35.88014864171024,128.69384765625,35.87124685002796,128.7158203125,35.88905007936092,3.916360317067827,education_accessibility,0.8461538461538461,2.537095833830613,11.642900518956658,0.8461538461538461,seen_city,train_indicator,train
Brisbane,Brisbane,Australia,High income,East Asia & Pacific,south,9507_15155.png,9507_15155.png,15155,9507,153.0065917969396,-27.75160740883434,152.99560546875,-27.76132987450524,153.017578125,-27.741884632507084,4.6640819599940295,nighttime_light_intensity,0.3562585969738652,0.9987958734538585,,0.3562585969738652,seen_city,train_indicator,train
Oslo,Oslo,Norway,High income,Europe & Central Asia,north,4763_8670.png,4763_8670.png,8670,4763,10.51391602031089,59.93850395230318,10.5029296875,59.93300042374631,10.52490234375,59.94400716933027,1.5053532087435135,nighttime_light_intensity,0.8845394736842105,2.762021267301287,,0.8845394736842105,seen_city,train_indicator,train
Cordoba,Cordoba,Argentina,Upper middle income,Latin America & Caribbean ,south,9688_5266.png,9688_5266.png,5266,9688,-64.2810058710849,-31.21280115770445,-64.2919921875,-31.22219703210318,-64.27001953125,-31.203404950917392,4.3606384723844505,education_accessibility,0.6166666666666667,1.101484348108659,2.0086285632637177,0.6166666666666667,seen_city,train_indicator,train
Rawalpindi,Rawalpindi,Pakistan,Lower middle income,"Middle East, North Africa, Afghanistan & Pakistan",south,6565_11516.png,6565_11516.png,11516,6565,73.04809568622812,33.62376768770189,73.037109375,33.61461929233378,73.05908203125,33.63291573870477,4.137587371936505,digital_total_cell_intensity,0.9348534201954396,6.438202095610886,624.2815920877888,0.9348534201954396,seen_city,train_indicator,train
Havana,Havana,Cuba,Upper middle income,Latin America & Caribbean ,north,7110_4443.png,7110_4443.png,4443,7110,-82.3645019675951,23.11004905381189,-82.37548828125,23.0999442125314,-82.353515625,23.12015362169561,5.036059511824036,nighttime_light_intensity,0.985781990521327,3.3382355113798963,,0.985781990521327,seen_city,train_indicator,train
Perth,Perth,Australia,High income,East Asia & Pacific,south,9737_13467.png,9737_13467.png,13467,9737,115.91674803717008,-32.12910507299033,115.90576171875,-32.1384086967725,115.927734375,-32.119801111793265,4.275785333154328,digital_total_cell_intensity,0.5879120879120879,4.88173809133959,130.85964894358128,0.5879120879120879,seen_city,train_indicator,train
Rawalpindi,Rawalpindi,Pakistan,Lower middle income,"Middle East, North Africa, Afghanistan & Pakistan",south,6562_11527.png,6562_11527.png,11527,6562,73.28979490708973,33.67863953798525,73.27880859375,33.669496972795535,73.30078125,33.68778175843937,4.131584692119115,food_accessibility,0.1172638436482084,0.0538696493393331,0.0553470280065008,0.1172638436482084,seen_city,train_indicator,train
Tegucigalpa,Tegucigalpa,Honduras,Lower middle income,Latin America & Caribbean ,north,7538_4220.png,7538_4220.png,4220,7538,-87.26440429999714,14.211138598802536,-87.275390625,14.200488387358336,-87.25341796875,14.221788628397576,5.584780480616516,digital_modernization_tmi,0.8502994011976048,0.8502994011976048,0.9944679459478176,0.8502994011976048,seen_city,train_indicator,train
Phoenix,Phoenix,United States,High income,North America,north,6557_3086.png,6557_3086.png,3086,6557,-112.18139649456631,33.770014838756104,-112.1923828125,33.760882000869174,-112.17041015625,33.779147331286474,4.121540250693022,education_accessibility,0.4363935776039522,0.5461990709817726,0.7266775505344961,0.4363935776039522,seen_city,train_indicator,train
Munich,Munich,Germany,High income,Europe & Central Asia,north,5690_8703.png,5690_8703.png,8703,5690,11.239013684270544,48.0707379222717,11.22802734375,48.06339653776212,11.25,48.07807894349861,2.6729668234812767,nighttime_light_intensity,0.3936567164179104,0.6106988090901359,,0.3936567164179104,seen_city,train_indicator,train
Panama City,Panama City,Panama,High income,Latin America & Caribbean ,north,7774_4569.png,7774_4569.png,4569,7774,-79.59594724840805,9.134639116624273,-79.60693359375,9.123792057073976,-79.5849609375,9.14548605616728,5.793747056314292,digital_total_cell_intensity,0.4117647058823529,4.708176384147024,109.84982797032286,0.4117647058823529,seen_city,train_indicator,train
Vienna,Vienna,Austria,High income,Europe & Central Asia,north,5698_8929.png,5698_8929.png,8929,5698,16.20483399107766,47.953144608223,16.19384765625,47.94578646368719,16.2158203125,47.96050238891508,2.6838101127394727,population_count,0.5253827558420628,5.62184355344689,,0.5253827558420628,seen_city,train_indicator,train
Perth,Perth,Australia,High income,East Asia & Pacific,south,9734_13468.png,9734_13468.png,13468,9734,115.93872069360508,-32.073265245667834,115.927734375,-32.082574559545904,115.94970703125,-32.063955594660406,4.280923477591023,population_count,0.9903846153846154,9.876557173250324,,0.9903846153846154,seen_city,train_indicator,train
Algiers,Algiers,Algeria,Upper middle income,"Middle East, North Africa, Afghanistan & Pakistan",north,6398_8346.png,6398_8346.png,8346,6398,3.3947753937953835,36.62434504173969,3.3837890625,36.615527631349245,3.40576171875,36.63316209558656,3.84315184154695,digital_modernization_tmi,0.6553030303030303,0.6553030303030303,0.8041060002278871,0.6553030303030303,seen_city,train_indicator,train
Munich,Munich,Germany,High income,Europe & Central Asia,north,5683_8722.png,5683_8722.png,8722,5683,11.656494155270298,48.17341214460371,11.6455078125,48.16608541901253,11.66748046875,48.18073850730385,2.6630984469400087,population_count,0.8488805970149254,8.335149619451883,,0.8488805970149254,seen_city,train_indicator,train
Lahore,Lahore,Pakistan,Lower middle income,"Middle East, North Africa, Afghanistan & Pakistan",north,6665_11553.png,6665_11553.png,11553,6665,73.86108397409085,31.7748773147472,73.85009765625,31.765537409484374,73.8720703125,31.78421688448737,4.308693616403278,education_accessibility,0.2977386934673366,0.42388862021702,0.52789140809316,0.2977386934673366,seen_city,train_indicator,train
Phoenix,Phoenix,United States,High income,North America,north,6562_3085.png,6562_3085.png,3085,6562,-112.2033691510284,33.678639538085754,-112.21435546875,33.669496972795535,-112.1923828125,33.68778175843937,4.130291865068626,food_accessibility,0.8176204199258954,2.070106900857858,6.925670333522395,0.8176204199258954,seen_city,train_indicator,train
Vienna,Vienna,Austria,High income,Europe & Central Asia,north,5693_8947.png,5693_8947.png,8947,5693,16.60034180575161,48.02667185352164,16.58935546875,48.01932418480118,16.611328125,48.03401915864286,2.6766236719359653,food_accessibility,0.7759871071716358,2.364662525456302,9.64044733141862,0.7759871071716358,seen_city,train_indicator,train
Cologne,Cologne,Germany,High income,Europe & Central Asia,north,5482_8511.png,5482_8511.png,8511,5482,7.020263662181049,51.034485295864656,7.00927734375,51.027576337802415,7.03125,51.04139389812637,2.3684731272315487,education_accessibility,0.8302532511978097,3.5144250932349665,32.59660745381306,0.8302532511978097,seen_city,train_indicator,train
Adana,Adana,Turkey,Upper middle income,Europe & Central Asia,north,6381_9799.png,6381_9799.png,9799,6381,35.32104494036667,36.923547353630816,35.31005859375,36.91476428895593,35.33203125,36.93233006150314,3.8174275584618096,population_count,0.4821428571428571,6.826415526965359,,0.4821428571428571,seen_city,train_indicator,train
Buenos Aires,Buenos Aires,Argentina,Upper middle income,Latin America & Caribbean ,south,9872_5512.png,9872_5512.png,5512,9872,-58.87573243773267,-34.60608427414108,-58.88671875,-34.61512668346219,-58.86474609375,-34.59704151614416,4.043124966238228,population_count,0.6339031339031339,8.8069160214539,,0.6339031339031339,seen_city,train_indicator,train
Niigata,Niigata,Japan,High income,East Asia & Pacific,north,6324_14534.png,6324_14534.png,14534,6324,139.36157225291942,37.918200789129,139.3505859375,37.90953361677019,139.37255859375,37.92686760148134,3.716167513174431,education_accessibility,0.2701754385964912,1.3300616530066949,2.781276507448264,0.2701754385964912,seen_city,train_indicator,train
Warsaw,Warsaw,Poland,High income,Europe & Central Asia,north,5388_9141.png,5388_9141.png,9141,5388,20.86303710874139,52.31519493064028,20.85205078125,52.30847862366336,20.8740234375,52.32191088594772,2.237826406938645,digital_modernization_tmi,0.3341759352881698,0.3341759352881698,1.019987417057449,0.3341759352881698,seen_city,train_indicator,train
Perth,Perth,Australia,High income,East Asia & Pacific,south,9732_13467.png,9732_13467.png,13467,9732,115.91674803714992,-32.036019734561016,115.90576171875,-32.045332838858506,115.927734375,-32.026706293336126,4.2844217757645024,education_accessibility,0.9024725274725276,3.420136729734454,29.573595054809388,0.9024725274725276,seen_city,train_indicator,train
Buenos Aires,Buenos Aires,Argentina,Upper middle income,Latin America & Caribbean ,south,9861_5507.png,9861_5507.png,5507,9861,-58.98559571999343,-34.40690933935939,-58.99658203125,-34.41597338448187,-58.974609375,-34.39784494644986,4.062691684644116,digital_total_cell_intensity,0.5142450142450142,4.475531429002708,86.8412694062245,0.5142450142450142,seen_city,train_indicator,train
Daegu,Daegu,South Korea,High income,East Asia & Pacific,north,6442_14057.png,6442_14057.png,14057,6442,128.88061523339658,35.84453418118994,128.86962890625,35.8356283888737,128.8916015625,35.8534396195918,3.919792990054332,digital_total_cell_intensity,0.5990180032733224,4.766178897722165,116.4695202401516,0.5990180032733224,seen_city,train_indicator,train
Lahore,Lahore,Pakistan,Lower middle income,"Middle East, North Africa, Afghanistan & Pakistan",north,6678_11580.png,6678_11580.png,11580,6678,74.45434569817161,31.531725842174527,74.443359375,31.52236147042144,74.46533203125,31.54108987958581,4.330121720549158,digital_total_cell_intensity,0.7952261306532663,4.52998977800327,91.75761290924986,0.7952261306532663,seen_city,train_indicator,train
Mianyang,Mianyang,China,Upper middle income,East Asia & Pacific,north,6685_12962.png,6685_12962.png,12962,6685,104.8205566389914,31.40053502527605,104.8095703125,31.391157522824702,104.83154296875,31.409912194070984,4.341899065577876,education_accessibility,0.188235294117647,0.0009706623924371,0.0009711336376381,0.188235294117647,seen_city,train_indicator,train
Oslo,Oslo,Norway,High income,Europe & Central Asia,north,4778_8696.png,4778_8696.png,8696,4778,11.085205084642418,59.77299132380814,11.07421875,59.76746035005357,11.09619140625,59.77852198502987,1.520597707169183,population_count,0.1057565789473684,0.0,,0.1057565789473684,seen_city,train_indicator,train
Auckland,Auckland,New Zealand,High income,East Asia & Pacific,south,10019_16150.png,10019_16150.png,16150,10019,174.8693847487856,-37.22158012993772,174.8583984375,-37.23032838760387,174.88037109375,-37.21283151445594,3.787139781208861,population_count,0.5856269113149847,6.112367038150929,,0.5856269113149847,seen_city,train_indicator,train
Munich,Munich,Germany,High income,Europe & Central Asia,north,5678_8706.png,5678_8706.png,8706,5678,11.304931653296928,48.24662524889717,11.2939453125,48.23930899024906,11.31591796875,48.25394114463432,2.654905488967186,digital_modernization_tmi,0.4216417910447761,0.4216417910447761,0.8461173451257038,0.4216417910447761,seen_city,train_indicator,train
Warsaw,Warsaw,Poland,High income,Europe & Central Asia,north,5402_9132.png,5402_9132.png,9132,5402,20.66528320156323,52.126743525385,20.654296875,52.11999865763816,20.67626953125,52.13348804077148,2.2568272626549764,nighttime_light_intensity,0.8114256825075834,2.4672741980380835,,0.8114256825075834,seen_city,train_indicator,train
Oslo,Oslo,Norway,High income,Europe & Central Asia,north,4781_8703.png,4781_8703.png,8703,4781,11.239013678886582,59.73978992122408,11.22802734375,59.73425344759136,11.25,59.74532608213611,1.523692502786507,food_accessibility,0.4490131578947368,0.6750373001834598,0.964106236126472,0.4490131578947368,seen_city,train_indicator,train
Niigata,Niigata,Japan,High income,East Asia & Pacific,north,6332_14524.png,6332_14524.png,14524,6332,139.14184568866037,37.77939824107654,139.130859375,37.77071473849609,139.15283203125,37.78808138412046,3.7306221454773936,digital_total_cell_intensity,0.3368421052631579,4.206580953043041,66.12663788434782,0.3368421052631579,seen_city,train_indicator,train
Vienna,Vienna,Austria,High income,Europe & Central Asia,north,5704_8930.png,5704_8930.png,8930,5704,16.2268066474735,47.86477361377423,16.2158203125,47.85740289465824,16.23779296875,47.8721439688873,2.6929571203351426,population_count,0.6881547139403706,6.541144977477763,,0.6881547139403706,seen_city,train_indicator,train
Auckland,Auckland,New Zealand,High income,East Asia & Pacific,south,10021_16144.png,10021_16144.png,16144,10021,174.7375488102606,-37.25656575750829,174.7265625,-37.26530995561874,174.74853515625,-37.24782120155428,3.784077360726784,nighttime_light_intensity,0.7446483180428135,1.7781452253571648,,0.7446483180428135,seen_city,train_indicator,train
Oslo,Oslo,Norway,High income,Europe & Central Asia,north,4747_8658.png,4747_8658.png,8658,4747,10.250244144453934,60.1141448166767,10.2392578125,60.10867046303599,10.26123046875,60.11961885993202,1.48940342644056,education_accessibility,0.6572368421052631,1.7258516394610917,4.617302910008217,0.6572368421052631,seen_city,train_indicator,train
Luanda,Luanda,Angola,Lower middle income,Sub-Saharan Africa ,south,8591_8802.png,8591_8802.png,8802,8591,13.414306621136854,-8.743936119336091,13.4033203125,-8.754794702435612,13.42529296875,-8.733077421211567,5.806978860395992,population_count,0.5926966292134831,9.784276014863885,,0.5926966292134831,seen_city,train_indicator,train
Daegu,Daegu,South Korea,High income,East Asia & Pacific,north,6440_14053.png,6440_14053.png,14053,6440,128.79272460767783,35.88014864171316,128.78173828125,35.87124685002796,128.8037109375,35.88905007936092,3.916325578413837,food_accessibility,0.7823240589198036,1.0035141231540514,1.7278510093642312,0.7823240589198036,seen_city,train_indicator,train
Cologne,Cologne,Germany,High income,Europe & Central Asia,north,5491_8524.png,5491_8524.png,8524,5491,7.305908194783903,50.90996033831976,7.294921875,50.903032831112576,7.31689453125,50.91688748924506,2.380842776446988,food_accessibility,0.2819986310746064,1.6561122733345055,4.23890377569091,0.2819986310746064,seen_city,train_indicator,train
Birmingham,Birmingham,United Kingdom,High income,Europe & Central Asia,north,5367_8108.png,5367_8108.png,8108,5367,-1.834716791553956,52.59637432647254,-1.845703125,52.5897007687178,-1.82373046875,52.6030475337285,2.209903443024184,food_accessibility,0.4280936454849498,2.8372929147659214,16.06949435925899,0.4280936454849498,seen_city,train_indicator,train
Oslo,Oslo,Norway,High income,Europe & Central Asia,north,4779_8658.png,4779_8658.png,8658,4779,10.2502441445367,59.76192785607349,10.2392578125,59.7563950493563,10.26123046875,59.76746035005357,1.5212748273537782,digital_modernization_tmi,0.6368421052631579,0.6368421052631579,1.252095080762022,0.6368421052631579,seen_city,train_indicator,train
Oslo,Oslo,Norway,High income,Europe & Central Asia,north,4756_8680.png,4756_8680.png,8680,4756,10.733642583465445,60.01546171295526,10.72265625,60.00997096118039,10.74462890625,60.02095215374802,1.498475436680064,digital_total_cell_intensity,0.6976973684210527,4.652642122642444,103.86167730134083,0.6976973684210527,seen_city,train_indicator,train
